4850	2	0	1
0	74	0	0
1	0	74	0
2	54	0	0
3	0	54	0
4	31.5	0	0
5	0	31.5	0
6	30.800000000000001	0	0
7	0	30.800000000000001	0
8	31.266666666666666	0	0
9	0	31.266666666666666	0
10	31.033333333333335	0	0
11	0	31.033333333333335	0
12	15.800000000000001	0	0
13	0	15.800000000000001	0
14	0	0	0
15	27.944812599678542	1.2604663763789199	0
16	28.005526384150087	1.1382291304083016	0
17	28.082319313335297	1.0253976013284665	0
18	28.173760880261256	0.92407362704071883	0
19	28.278147701550218	0.83614468147371901	0
20	28.393535248229025	0.76324871451542586	0
21	28.517774068624671	0.70674364010580559	0
22	28.648549828582063	0.66768204086940375	0
23	28.783426423130432	0.64679156049260977	0
24	28.919891356509662	0.64446134909853681	0
25	29.055402545212466	0.66073481411652712	0
26	29.187435672190325	0.69530881168387404	0
27	29.31353121010391	0.74753929364241312	0
28	29.431340237663818	0.81645330493712398	0
29	29.538668195589846	0.90076710792790304	0
30	29.633515767098121	0.99891009599287339	0
31	29.714116121389949	1.1090540509580495	0
32	29.778967826366593	1.2291471993427963	0
33	29.826862817468477	1.3569524330176685	0
34	29.856908901632181	1.4900889822960919	0
35	29.868546377159106	1.6260767651690351	0
36	29.861558459899136	1.7623825865403409	0
37	29.836075321529179	1.8964673268583798	0
38	29.792571664701114	2.0258332411090993	0
39	22.499009875437714	19.634049030754984	0
40	22.438296090966169	19.7562862767256	0
41	22.361503161780959	19.869117805805438	0
42	22.270061594855001	19.970441780093186	0
43	22.165674773566039	20.058370725660183	0
44	22.050287226887232	20.131266692618475	0
45	21.926048406491585	20.187771767028096	0
46	21.795272646534194	20.226833366264501	0
47	21.660396051985824	20.247723846641293	0
48	21.523931118606594	20.250054058035364	0
49	21.38841992990379	20.233780593017375	0
50	21.256386802925931	20.199206595450029	0
51	21.130291265012346	20.14697611349149	0
52	21.012482237452438	20.078062102196778	0
53	20.90515427952641	19.993748299206	0
54	20.810306708018135	19.895605311141026	0
55	20.729706353726307	19.785461356175851	0
56	20.664854648749664	19.665368207791104	0
57	20.616959657647779	19.537562974116234	0
58	20.586913573484075	19.404426424837808	0
59	20.575276097957151	19.268438641964867	0
60	20.58226401521712	19.132132820593561	0
61	20.607747153587077	18.99804808027552	0
62	20.651250810415142	18.868682166024801	0
63	18.868682166024801	20.651250810415142	0
64	18.99804808027552	20.607747153587077	0
65	19.132132820593561	20.58226401521712	0
66	19.268438641964867	20.575276097957151	0
67	19.404426424837808	20.586913573484075	0
68	19.537562974116234	20.616959657647779	0
69	19.665368207791104	20.664854648749664	0
70	19.785461356175851	20.729706353726307	0
71	19.895605311141026	20.810306708018135	0
72	19.993748299206	20.90515427952641	0
73	20.078062102196778	21.012482237452438	0
74	20.14697611349149	21.130291265012346	0
75	20.199206595450029	21.256386802925931	0
76	20.233780593017375	21.38841992990379	0
77	20.250054058035364	21.523931118606594	0
78	20.247723846641293	21.660396051985824	0
79	20.226833366264501	21.795272646534194	0
80	20.187771767028096	21.926048406491585	0
81	20.131266692618475	22.050287226887232	0
82	20.058370725660183	22.165674773566039	0
83	19.970441780093186	22.270061594855001	0
84	19.869117805805438	22.361503161780959	0
85	19.7562862767256	22.438296090966169	0
86	19.634049030754984	22.499009875437714	0
87	2.0258332411090993	29.792571664701114	0
88	1.89646732685838	29.836075321529179	0
89	1.7623825865403406	29.861558459899136	0
90	1.6260767651690351	29.868546377159106	0
91	1.4900889822960921	29.856908901632181	0
92	1.3569524330176685	29.826862817468477	0
93	1.2291471993427963	29.778967826366593	0
94	1.1090540509580495	29.714116121389949	0
95	0.99891009599287339	29.633515767098121	0
96	0.90076710792790304	29.538668195589846	0
97	0.81645330493712398	29.431340237663818	0
98	0.74753929364241312	29.31353121010391	0
99	0.69530881168387404	29.187435672190325	0
100	0.66073481411652712	29.055402545212466	0
101	0.64446134909853681	28.919891356509662	0
102	0.64679156049260977	28.783426423130432	0
103	0.66768204086940375	28.648549828582063	0
104	0.70674364010580559	28.517774068624671	0
105	0.76324871451542586	28.393535248229025	0
106	0.83614468147371901	28.278147701550218	0
107	0.92407362704071883	28.173760880261256	0
108	1.0253976013284665	28.082319313335297	0
109	1.1382291304083016	28.005526384150087	0
110	1.2604663763789199	27.944812599678542	0
111	32.638888888888886	0	0
112	0	32.638888888888886	0
113	33.777777777777779	0	0
114	0	33.777777777777779	0
115	34.916666666666664	0	0
116	0	34.916666666666664	0
117	36.055555555555557	0	0
118	0	36.055555555555557	0
119	37.194444444444443	0	0
120	0	37.194444444444443	0
121	38.333333333333336	0	0
122	0	38.333333333333336	0
123	39.472222222222221	0	0
124	0	39.472222222222221	0
125	40.611111111111114	0	0
126	0	40.611111111111114	0
127	41.75	0	0
128	0	41.75	0
129	42.888888888888886	0	0
130	0	42.888888888888886	0
131	44.027777777777779	0	0
132	0	44.027777777777779	0
133	45.166666666666664	0	0
134	0	45.166666666666664	0
135	46.305555555555557	0	0
136	0	46.305555555555557	0
137	47.444444444444443	0	0
138	0	47.444444444444443	0
139	48.583333333333329	0	0
140	0	48.583333333333329	0
141	49.722222222222221	0	0
142	0	49.722222222222221	0
143	50.861111111111114	0	0
144	0	50.861111111111114	0
145	52	0	0
146	0	52	0
147	31.489205736730053	0.82457387169800445	0
148	32.6277043568411	0.85438650727085985	0
149	33.766202976952158	0.88419914284371548	0
150	48.566685038395818	1.2717634052908373	0
151	51.982180898728977	1.3612013120094042	0
152	31.456830344769077	1.6485826216527308	0
153	33.731486507265608	1.7677922997616584	0
154	47.379423482244782	2.4830503684152241	0
155	48.516751563493038	2.5426552074696875	0
156	51.928735807237842	2.7214697246330792	0
157	31.40289601259353	2.4714615154271158	0
158	33.673652161652321	2.6501739001405404	0
159	47.298189056005072	3.7224482084210879	0
160	51.839701354122653	4.0798729778479368	0
161	31.327439704100609	3.2926465929310846	0
162	33.592739576883901	3.5307392037074066	0
163	47.184538813583629	4.9592948683653377	0
164	51.715138559150212	5.4354800899179816	0
165	31.230513133275029	4.1115750549316248	0
166	33.488804206404261	4.4088847149884085	0
167	34.617949742968875	4.5575395450168008	0
168	35.747095279533497	4.7061943750451931	0
169	36.876240816098111	4.8548492050735845	0
170	45.909405108615054	6.0440878453007221	0
171	47.038550645179669	6.1927426753291135	0
172	51.55513279143814	6.7873619954426818	0
173	31.112182728746841	4.9276856487672722	0
174	36.736519112691376	5.8184930191352535	0
175	37.86138638948028	5.9966544932088501	0
176	38.986253666269185	6.1748159672824459	0
177	40.111120943058097	6.3529774413560434	0
178	41.235988219847002	6.5311389154296391	0
179	42.360855496635907	6.7093003895032348	0
180	43.485722773424818	6.8874618635768314	0
181	44.610590050213723	7.0656233376504272	0
182	45.735457327002628	7.2437848117240238	0
183	51.359793710947166	8.1345921820920051	0
184	30.972529588264571	5.7404190530026451	0
185	51.129255193325641	9.4762473255916682	0
186	30.811649423114879	6.5492182607594192	0
187	50.863675238157896	10.811407922523486	0
188	30.629652492526812	7.3535289614610209	0
189	50.563235860679178	12.139158920507082	0
190	30.426663528105653	8.1527999207294037	0
191	31.526745719157088	8.4475660554294958	0
192	32.626827910208533	8.7423321901295896	0
193	33.726910101259968	9.0370983248296817	0
194	34.826992292311409	9.3318644595297755	0
195	35.927074483362844	9.6266305942298676	0
196	37.027156674414286	9.9213967289299632	0
197	38.127238865465721	10.216162863630055	0
198	39.227321056517169	10.510928998330149	0
199	40.327403247568604	10.805695133030241	0
200	41.427485438620039	11.100461267730333	0
201	42.527567629671481	11.395227402430427	0
202	43.627649820722915	11.689993537130519	0
203	44.727732011774357	11.984759671830613	0
204	45.827814202825792	12.279525806530705	0
205	46.927896393877234	12.574291941230799	0
206	48.027978584928675	12.869058075930893	0
207	49.128060775980117	13.163824210630986	0
208	50.228142967031552	13.458590345331078	0
209	30.202821648348081	8.9464833581735626	0
210	49.858626213146039	14.768797924603977	0
211	29.958280263297336	9.7340353228108434	0
212	49.454938847347982	16.068883707497264	0
213	29.693206969403622	10.514916065863783	0
214	49.017357536793277	17.357956680156086	0
215	29.407783434661855	11.288590410676958	0
216	34.724005307770916	13.32929679003214	0
217	35.787249682392734	13.737438065903177	0
218	36.850494057014544	14.145579341774214	0
219	37.913738431636361	14.553720617645251	0
220	38.976982806258171	14.961861893516286	0
221	40.040227180879981	15.370003169387321	0
222	41.103471555501798	15.778144445258359	0
223	42.166715930123608	16.186285721129394	0
224	43.229960304745426	16.594426997000433	0
225	48.54618217785449	18.635133376355615	0
226	29.102205274105533	12.054528119500327	0
227	31.206597542603465	12.926195937665256	0
228	32.258793676852427	13.362029846747717	0
229	33.310989811101393	13.797863755830182	0
230	34.363185945350359	14.233697664912645	0
231	42.780755019342088	17.720368937572353	0
232	43.832951153591047	18.156202846654814	0
233	48.041735690586911	19.899538482984667	0
234	28.776681915741928	12.812204256887707	0
235	30.857535458150075	13.738659943893696	0
236	43.342656712598952	19.29739406592963	0
237	47.504363797415245	21.150305439941611	0
238	28.43143645702061	13.561099549461296	0
239	30.48732516026196	14.54170815885797	0
240	42.822657379710051	20.425359815238004	0
241	46.934434786192753	22.386577034031347	0
242	28.066705511933588	14.300700741795724	0
243	30.09622037258487	15.334790213424693	0
244	42.273309536492562	21.539327043198497	0
245	43.288066966818199	22.056371779012981	0
246	46.332339257795134	23.607505986456434	0
247	27.682739048851911	15.030500948177666	0
248	28.683614093828034	15.57393175847333	0
249	29.684489138804164	16.117362568768996	0
250	42.695864723493813	23.181963102612642	0
251	45.698489858422199	24.812255533499641	0
252	27.279800219209815	15.75	0
253	28.266106929075423	16.319444444444443	0
254	29.252413638941039	16.888888888888889	0
255	30.238720348806645	17.458333333333332	0
256	31.225027058672261	18.027777777777779	0
257	32.21133376853787	18.597222222222221	0
258	33.197640478403478	19.166666666666668	0
259	34.183947188269087	19.736111111111111	0
260	35.170253898134703	20.305555555555557	0
261	36.156560608000312	20.875	0
262	37.142867317865921	21.444444444444443	0
263	38.12917402773153	22.013888888888889	0
264	39.115480737597139	22.583333333333332	0
265	40.101787447462755	23.152777777777779	0
266	41.088094157328364	23.722222222222221	0
267	42.074400867193972	24.291666666666664	0
268	43.060707577059588	24.861111111111111	0
269	44.047014286925197	25.430555555555557	0
270	45.033320996790806	26	0
271	26.858165177153907	16.458704788552389	0
272	27.829227586557177	17.053772598367772	0
273	28.800289995960451	17.648840408183158	0
274	41.424101318202979	25.384721935783176	0
275	44.3372885464128	27.169925365229339	0
276	26.418122890280859	17.156129602973355	0
277	28.328428072823215	18.396696293840915	0
278	39.790259168077341	25.840096439046285	0
279	40.745411759348514	26.460379784480065	0
280	43.610869533162052	28.321229820781408	0
281	25.959974941593494	17.841796463132233	0
282	27.83715126012142	19.131944002794352	0
283	39.100209171288967	26.872829240767068	0
284	42.854561808344819	29.453124320091305	0
285	25.484035322810843	18.515235447212905	0
286	27.326796254442669	19.854079632990203	0
287	38.383361844233619	27.887144747654002	0
288	42.068883707497264	30.564833119208604	0
289	24.990630219173909	19.175985013774699	0
290	26.797712827615054	20.562608268739009	0
291	27.701254131835626	21.255919896221162	0
292	28.604795436056204	21.949231523703318	0
293	29.508336740276775	22.642543151185471	0
294	36.736667174041365	28.189036171042705	0
295	37.640208478261933	28.882347798524858	0
296	41.254373695144231	31.655594308453473	0
297	24.480097785894582	19.823592318069878	0
298	28.905512288635666	23.40722232265923	0
299	29.790595189183886	24.1239483235771	0
300	30.675678089732102	24.840674324494969	0
301	31.560760990280322	25.557400325412843	0
302	32.445843890828534	26.274126326330713	0
303	33.330926791376747	26.990852327248579	0
304	34.216009691924967	27.707578328166452	0
305	35.101092592473186	28.424304329084322	0
306	35.986175493021406	29.141030330002195	0
307	40.411589995762483	32.724660334591547	0
308	23.952787916400975	20.457613522400784	0
309	39.541110211201605	33.771298513169548	0
310	23.409062002537919	21.077614100304036	0
311	38.643530924824503	34.794791530660632	0
312	22.849292686887061	21.68316913435325	0
313	37.71946729263896	35.794437936075205	0
314	22.273863607376249	22.273863607376249	0
315	23.079179663727594	23.079179663727594	0
316	23.884495720078942	23.884495720078942	0
317	24.689811776430286	24.689811776430286	0
318	25.495127832781634	25.495127832781634	0
319	26.300443889132978	26.300443889132978	0
320	27.105759945484326	27.105759945484326	0
321	27.911076001835667	27.911076001835667	0
322	28.716392058187019	28.716392058187019	0
323	29.52170811453836	29.52170811453836	0
324	30.327024170889704	30.327024170889704	0
325	31.132340227241052	31.132340227241052	0
326	31.937656283592396	31.937656283592396	0
327	32.742972339943748	32.742972339943748	0
328	33.548288396295092	33.548288396295092	0
329	34.353604452646429	34.353604452646429	0
330	35.158920508997781	35.158920508997781	0
331	35.964236565349132	35.964236565349132	0
332	36.769552621700477	36.769552621700477	0
333	21.68316913435325	22.849292686887061	0
334	35.794437936075205	37.71946729263896	0
335	21.077614100304036	23.409062002537919	0
336	34.794791530660632	38.643530924824503	0
337	20.457613522400784	23.952787916400975	0
338	33.771298513169548	39.541110211201605	0
339	19.823592318069878	24.480097785894582	0
340	23.40722232265923	28.905512288635666	0
341	24.1239483235771	29.790595189183886	0
342	24.840674324494969	30.675678089732102	0
343	25.557400325412843	31.560760990280322	0
344	26.274126326330713	32.445843890828534	0
345	26.990852327248579	33.330926791376747	0
346	27.707578328166452	34.216009691924967	0
347	28.424304329084322	35.101092592473186	0
348	29.141030330002195	35.986175493021406	0
349	32.724660334591547	40.411589995762483	0
350	19.175985013774699	24.990630219173909	0
351	20.562608268739009	26.797712827615054	0
352	21.255919896221162	27.701254131835626	0
353	21.949231523703318	28.604795436056204	0
354	22.642543151185471	29.508336740276775	0
355	28.189036171042705	36.736667174041365	0
356	28.882347798524858	37.640208478261933	0
357	31.655594308453473	41.254373695144231	0
358	18.515235447212905	25.484035322810843	0
359	19.854079632990203	27.326796254442669	0
360	27.887144747654002	38.383361844233619	0
361	30.564833119208604	42.068883707497264	0
362	17.841796463132233	25.959974941593494	0
363	19.131944002794352	27.83715126012142	0
364	26.872829240767068	39.100209171288967	0
365	29.453124320091305	42.854561808344819	0
366	17.156129602973355	26.418122890280859	0
367	18.396696293840915	28.328428072823215	0
368	25.840096439046285	39.790259168077341	0
369	26.460379784480065	40.745411759348514	0
370	28.321229820781408	43.610869533162052	0
371	16.458704788552389	26.858165177153907	0
372	17.053772598367772	27.829227586557177	0
373	17.648840408183158	28.800289995960451	0
374	25.384721935783176	41.424101318202979	0
375	27.169925365229339	44.3372885464128	0
376	15.75	27.279800219209815	0
377	16.319444444444443	28.266106929075423	0
378	16.888888888888889	29.252413638941039	0
379	17.458333333333332	30.238720348806645	0
380	18.027777777777779	31.225027058672261	0
381	18.597222222222221	32.21133376853787	0
382	19.166666666666668	33.197640478403478	0
383	19.736111111111111	34.183947188269087	0
384	20.305555555555557	35.170253898134703	0
385	20.875	36.156560608000312	0
386	21.444444444444443	37.142867317865921	0
387	22.013888888888889	38.12917402773153	0
388	22.583333333333332	39.115480737597139	0
389	23.152777777777779	40.101787447462755	0
390	23.722222222222221	41.088094157328364	0
391	24.291666666666664	42.074400867193972	0
392	24.861111111111111	43.060707577059588	0
393	25.430555555555557	44.047014286925197	0
394	26	45.033320996790806	0
395	15.030500948177666	27.682739048851911	0
396	15.57393175847333	28.683614093828034	0
397	16.117362568768996	29.684489138804164	0
398	23.181963102612642	42.695864723493813	0
399	24.812255533499641	45.698489858422199	0
400	14.300700741795724	28.066705511933588	0
401	15.334790213424693	30.09622037258487	0
402	21.539327043198497	42.273309536492562	0
403	22.056371779012981	43.288066966818199	0
404	23.607505986456434	46.332339257795134	0
405	13.561099549461296	28.43143645702061	0
406	14.54170815885797	30.48732516026196	0
407	20.425359815238004	42.822657379710051	0
408	22.386577034031347	46.934434786192753	0
409	12.812204256887707	28.776681915741928	0
410	13.738659943893696	30.857535458150075	0
411	19.29739406592963	43.342656712598952	0
412	21.150305439941611	47.504363797415245	0
413	12.054528119500327	29.102205274105533	0
414	12.926195937665256	31.206597542603465	0
415	13.362029846747717	32.258793676852427	0
416	13.797863755830182	33.310989811101393	0
417	14.233697664912645	34.363185945350359	0
418	17.720368937572353	42.780755019342088	0
419	18.156202846654814	43.832951153591047	0
420	19.899538482984667	48.041735690586911	0
421	11.288590410676958	29.407783434661855	0
422	13.32929679003214	34.724005307770916	0
423	13.737438065903177	35.787249682392734	0
424	14.145579341774214	36.850494057014544	0
425	14.553720617645251	37.913738431636361	0
426	14.961861893516286	38.976982806258171	0
427	15.370003169387321	40.040227180879981	0
428	15.778144445258359	41.103471555501798	0
429	16.186285721129394	42.166715930123608	0
430	16.594426997000433	43.229960304745426	0
431	18.635133376355615	48.54618217785449	0
432	10.514916065863783	29.693206969403622	0
433	17.357956680156086	49.017357536793277	0
434	9.7340353228108434	29.958280263297336	0
435	16.068883707497264	49.454938847347982	0
436	8.9464833581735626	30.202821648348081	0
437	14.768797924603977	49.858626213146039	0
438	8.1527999207294037	30.426663528105653	0
439	8.4475660554294958	31.526745719157088	0
440	8.7423321901295896	32.626827910208533	0
441	9.0370983248296817	33.726910101259968	0
442	9.3318644595297755	34.826992292311409	0
443	9.6266305942298676	35.927074483362844	0
444	9.9213967289299632	37.027156674414286	0
445	10.216162863630055	38.127238865465721	0
446	10.510928998330149	39.227321056517169	0
447	10.805695133030241	40.327403247568604	0
448	11.100461267730333	41.427485438620039	0
449	11.395227402430427	42.527567629671481	0
450	11.689993537130519	43.627649820722915	0
451	11.984759671830613	44.727732011774357	0
452	12.279525806530705	45.827814202825792	0
453	12.574291941230799	46.927896393877234	0
454	12.869058075930893	48.027978584928675	0
455	13.163824210630986	49.128060775980117	0
456	13.458590345331078	50.228142967031552	0
457	7.3535289614610209	30.629652492526812	0
458	12.139158920507082	50.563235860679178	0
459	6.5492182607594192	30.811649423114879	0
460	10.811407922523486	50.863675238157896	0
461	5.7404190530026451	30.972529588264571	0
462	9.4762473255916682	51.129255193325641	0
463	4.9276856487672722	31.112182728746841	0
464	5.8184930191352535	36.736519112691376	0
465	5.9966544932088501	37.86138638948028	0
466	6.1748159672824459	38.986253666269185	0
467	6.3529774413560434	40.111120943058097	0
468	6.5311389154296391	41.235988219847002	0
469	6.7093003895032348	42.360855496635907	0
470	6.8874618635768314	43.485722773424818	0
471	7.0656233376504272	44.610590050213723	0
472	7.2437848117240238	45.735457327002628	0
473	8.1345921820920051	51.359793710947166	0
474	4.1115750549316248	31.230513133275029	0
475	4.4088847149884085	33.488804206404261	0
476	4.5575395450168008	34.617949742968875	0
477	4.7061943750451931	35.747095279533497	0
478	4.8548492050735845	36.876240816098111	0
479	6.0440878453007221	45.909405108615054	0
480	6.1927426753291135	47.038550645179669	0
481	6.7873619954426818	51.55513279143814	0
482	3.2926465929310846	31.327439704100609	0
483	3.5307392037074066	33.592739576883901	0
484	4.9592948683653377	47.184538813583629	0
485	5.4354800899179816	51.715138559150212	0
486	2.4714615154271158	31.40289601259353	0
487	2.6501739001405404	33.673652161652321	0
488	3.7224482084210879	47.298189056005072	0
489	4.0798729778479368	51.839701354122653	0
490	1.6485826216527308	31.456830344769077	0
491	1.7677922997616584	33.731486507265608	0
492	2.4830503684152241	47.379423482244782	0
493	2.5426552074696875	48.516751563493038	0
494	2.7214697246330792	51.928735807237842	0
495	0.82457387169800445	31.489205736730053	0
496	0.85438650727085985	32.6277043568411	0
497	0.88419914284371548	33.766202976952158	0
498	1.2717634052908373	48.566685038395818	0
499	1.3612013120094042	51.982180898728977	0
500	35.127102782631212	1.1039136773791087	0
501	35.810098932214459	1.1253776960824964	0
502	35.788004464609692	1.6877194479249196	0
503	35.105429716719016	1.6555300399399973	0
504	35.086168510557464	2.0230557474790145	0
505	35.76836875191038	2.0623911659013854	0
506	35.731561464558503	2.6239618515338705	0
507	35.050063238455124	2.5739157501633225	0
508	35.021187931179803	2.9408113162234875	0
509	35.702124718333629	2.9979911758339028	0
510	35.650629837110827	3.5584059227595999	0
511	34.97067519763732	3.4905374271014469	0
512	36.265429698603292	1.1396870418847549	0
513	36.948425848186545	1.1611510605881425	0
514	36.925629044427495	1.7413684612331239	0
515	36.243054296536812	1.7091790532482012	0
516	36.223168912812326	2.0886147781829658	0
517	36.90536915416525	2.1279501966053371	0
518	36.86739184139747	2.7073720204847849	0
519	36.185893615294084	2.6573259191142364	0
520	36.156082576436184	3.0361110822408466	0
521	36.837019363590016	3.0932909418512624	0
522	36.783887569566666	3.6715200821898555	0
523	36.103932930093158	3.603651586531702	0
524	37.403756614575379	1.1754604063904011	0
525	38.086752764158625	1.1969244250937885	0
526	38.063253624245291	1.7950174745413279	0
527	37.380678876354615	1.7628280665564056	0
528	37.360169315067196	2.1541738088869176	0
529	38.042369556420113	2.1935092273092884	0
530	38.003222218236431	2.7907821894356983	0
531	37.321723992133059	2.7407360880651503	0
532	37.290977221692565	3.1314108482582061	0
533	37.97191400884639	3.1885907078686215	0
534	37.917145302022504	3.7846342416201106	0
535	37.237190662549004	3.7167657459619576	0
536	38.560582524941047	0.20190458307712936	0
537	39.243906491310128	0.20548249169526608	0
538	39.235837489257271	0.82187363364463095	0
539	38.552654022216124	0.80756298005767035	0
540	38.542083530547458	1.211233770896047	0
541	39.225079680130712	1.2326977895994349	0
542	39.200878204063095	1.8486664878495322	0
543	38.518303456172411	1.8164770798646097	0
544	38.497169717322059	2.2197328395908693	0
545	39.179369958674982	2.2590682580132406	0
546	39.139052595075405	2.8741923583866127	0
547	38.457554368972019	2.8241462570160643	0
548	38.425871866948945	3.2267106142755653	0
549	39.106808654102771	3.2838904738859811	0
550	39.05040303447835	3.8977484010503667	0
551	38.370448395004843	3.8298799053922132	0
552	38.328238843413345	4.2314769626830291	0
553	39.007445496307724	4.3064620752619103	0
554	38.93499027825262	4.9186331216569181	0
555	38.257045232354393	4.8329887453879765	0
556	39.699455802222843	0.20786776410735722	0
557	40.382779768591917	0.21144567272549392	0
558	40.374476600992509	0.84572472295623191	0
559	39.691293133951369	0.83141406936927142	0
560	39.680410446519545	1.2470071354016934	0
561	40.363406596102791	1.2684711541050808	0
562	40.338502783880891	1.9023155011577362	0
563	39.655928035990215	1.8701260931728139	0
564	39.634170119576929	2.2852918702948211	0
565	40.316370360929845	2.3246272887171919	0
566	40.274882971914366	2.9576025273375262	0
567	39.593384745810987	2.9075564259669782	0
568	39.560766512205326	3.3220103802929248	0
569	40.241703299359152	3.3791902399033402	0
570	40.183660766934189	4.0108625604806223	0
571	39.503706127460688	3.9429940648224688	0
572	39.460249931570637	4.3564521503144977	0
573	40.139456584465009	4.431437262893378	0
574	40.064898688082998	5.0613737487718202	0
575	39.386953642184771	4.9757293725028795	0
576	40.838329079504632	0.21383094513758505	0
577	41.521653045873713	0.21740885375572178	0
578	41.513115712727753	0.86957581226783298	0
579	40.829932245686607	0.85526515868087227	0
580	40.818737362491625	1.2827804999073393	0
581	41.501733512074878	1.304244518610727	0
582	41.476127363698694	1.9559645144659406	0
583	40.793552615808011	1.923775106481018	0
584	40.771170521831792	2.3508509009987724	0
585	41.453370763184715	2.3901863194211437	0
586	41.410713348753333	3.0410126962884405	0
587	40.729215122649954	2.9909665949178921	0
588	40.6956611574617	3.417310146310284	0
589	41.376597944615533	3.4744900059206998	0
590	41.316918499390034	4.1239767199108783	0
591	40.636963859916527	4.056108224252724	0
592	40.592261019727921	4.4814273379459655	0
593	41.2714676726223	4.5564124505248467	0
594	41.194807097913376	5.2041143758867232	0
595	40.516862052015149	5.1184699996177807	0
596	41.977202356786421	0.21979412616781288	0
597	42.660526323155501	0.22337203478594964	0
598	42.651754824462991	0.89342690157943394	0
599	41.968571357421844	0.87911624799247323	0
600	41.957064278463704	1.3185538644129853	0
601	42.640060428046958	1.3400178831163732	0
602	42.61375194351649	2.0096135277741447	0
603	41.931177195625807	1.9774241197892219	0
604	41.908170924086654	2.4164099317027241	0
605	42.590371165439578	2.455745350125095	0
606	42.546543725592301	3.124422865239354	0
607	41.865045499488915	3.0743767638688055	0
608	41.830555802718081	3.5126099123276431	0
609	42.511492589871914	3.5697897719380589	0
610	42.450176231845873	4.2370908793411335	0
611	41.770221592372366	4.1692223836829791	0
612	41.724272107885206	4.6064025255774332	0
613	42.403478760779585	4.6813876381563144	0
614	42.324715507743754	5.3468550030016244	0
615	41.64677046184552	5.2612106267326828	0
616	43.116075634068217	0.22575730719804077	0
617	43.79939960043729	0.22933521581617747	0
618	43.790393936198228	0.91727799089103479	0
619	43.107210469157089	0.9029673373040743	0
620	43.095391194435791	1.3543272289186314	0
621	43.778387344019045	1.3757912476220191	0
622	43.751376523334287	2.0632625410823486	0
623	43.06880177544361	2.0310731330974261	0
624	43.045171326341524	2.4819689624066759	0
625	43.727371567694441	2.5213043808290467	0
626	43.682374102431261	3.2078330341902679	0
627	43.000875876327882	3.1577869328197194	0
628	42.965450447974462	3.6079096783450026	0
629	43.646387235128287	3.665089537955418	0
630	43.583433964301712	4.3502050387713886	0
631	42.903479324828211	4.2823365431132352	0
632	42.856283196042497	4.7313777132089019	0
633	43.535489848936869	4.8063628257877822	0
634	43.454623917574125	5.4895956301165265	0
635	42.776678871675905	5.4039512538475849	0
636	44.254948911350006	0.2317204882282686	0
637	44.938272877719086	0.23529839684640533	0
638	44.929033047933473	0.94112908020263586	0
639	44.245849580892326	0.92681842661567526	0
640	44.233718110407878	1.3901005934242776	0
641	44.916714259991132	1.4115646121276653	0
642	44.88900110315209	2.116911554390553	0
643	44.206426355261407	2.0847221464056305	0
644	44.182171728596387	2.5475279931106272	0
645	44.86437196994931	2.5868634115329985	0
646	44.818204479270229	3.2912432031411818	0
647	44.136706253166849	3.2411971017706334	0
648	44.100345093230843	3.7032094443623618	0
649	44.781281880384675	3.7603893039727776	0
650	44.716691696757557	4.4633191982016447	0
651	44.03673705728405	4.3954507025434904	0
652	43.988294284199782	4.8563529008403696	0
653	44.667500937094161	4.9313380134192508	0
654	44.58453232740451	5.6323362572314286	0
655	43.906587281506276	5.546691880962487	0
656	45.393822188631802	0.23768366925849646	0
657	46.077146155000875	0.24126157787663316	0
658	46.06767215966871	0.96498016951423682	0
659	45.384488692627571	0.95066951592727633	0
660	45.372045026379965	1.4258739579299238	0
661	46.055041175963211	1.4473379766333114	0
662	46.026625682969886	2.1705605676987569	0
663	45.34405093507921	2.1383711597138344	0
664	45.319172130851257	2.6130870238145789	0
665	46.001372372204166	2.6524224422369498	0
666	45.954034856109196	3.3746533720920957	0
667	45.272536630005817	3.3246072707215473	0
668	45.235239738487223	3.7985092103797213	0
669	45.916176525641049	3.8556890699901367	0
670	45.849949429213396	4.5764333576318998	0
671	45.169994789739896	4.5085648619737464	0
672	45.120305372357073	4.9813280884718383	0
673	45.799512025251445	5.0563132010507195	0
674	45.714440737234881	5.7750768843463307	0
675	45.036495691336661	5.68943250807739	0
676	46.532695465913591	0.24364685028872432	0
677	47.216019432282671	0.24722475890686105	0
678	47.206311271403955	0.98883125882583789	0
679	46.523127804362808	0.97452060523887718	0
680	46.510371942352045	1.4616473224355697	0
681	47.193368091935298	1.4831113411389576	0
682	47.164250262787689	2.2242095810069613	0
683	46.481675514897006	2.1920201730220388	0
684	46.456172533106113	2.6786460545185307	0
685	47.138372774459036	2.7179814729409015	0
686	47.089865232948164	3.4580635410430096	0
687	46.408367006844784	3.4080174396724612	0
688	30.97292020979523	16.607534103120198	0
689	31.575144235372971	16.930443792447381	0
690	31.83718074106536	16.432394315940815	0
691	31.229958965417815	16.118983787043202	0
692	31.397041125343893	15.791066584689789	0
693	32.007511574034581	16.098101233743982	0
694	32.256420870959701	15.593363110289667	0
695	31.641203043834867	15.295955192385245	0
696	31.799644077222446	14.96377665800361	0
697	32.41794256307422	15.254725840573075	0
698	32.653554061233251	14.743644992468592	0
699	32.030761822199032	14.462443514088436	0
700	31.976626919091469	17.145716918665507	0
701	32.578850944669213	17.468626607992697	0
702	32.849217033811279	16.954745197436843	0
703	32.241995258163726	16.641334668539226	0
704	32.414491873161708	16.302790999780115	0
705	33.024962321852399	16.60982564883431	0
706	33.281783916167754	16.089042973463709	0
707	32.666566089042917	15.791635055559283	0
708	32.830141553642072	15.448691962286052	0
709	33.44844003949386	15.73964114485552	0
710	33.691541126290289	15.212314123102191	0
711	33.068748887256071	14.931112644722031	0
712	32.980333628387712	17.683899734210819	0
713	33.582557653965452	18.006809423538005	0
714	33.86125332655719	17.477096078932867	0
715	33.254031550909644	17.163685550035254	0
716	33.431942620979527	16.814515414870442	0
717	34.042413069670211	17.121550063924637	0
718	34.307146961375807	16.584722836637745	0
719	33.691929134250977	16.287314918733323	0
720	33.860639030061712	15.933607266568497	0
721	34.478937515913486	16.224556449137964	0
722	34.72952819134732	15.680983253735786	0
723	34.106735952313109	15.399781775355629	0
724	33.495396342863806	19.105436764385225	0
725	34.088961211063243	19.444000187814037	0
726	34.390168821276959	18.906155299191763	0
727	33.791359256580314	18.576956955222254	0
728	33.98404033768395	18.222082549756131	0
729	34.586264363261698	18.544992239083317	0
730	34.873289619303108	17.999446960428894	0
731	34.266067843655556	17.686036431531278	0
732	34.449393368797338	17.326239829960766	0
733	35.059863817488029	17.633274479014965	0
734	35.332510006583867	17.080402699811788	0
735	34.717292179459029	16.782994781907362	0
736	34.891136506481345	16.418522570850939	0
737	35.509434992333127	16.709471753420409	0
738	35.767515256404366	16.149652384369382	0
739	35.14472301737014	15.868450905989224	0
740	35.308967002054963	15.499552876494551	0
741	35.934669774170338	15.774217190542792	0
742	36.178007237895379	15.207833903875866	0
743	35.548067417643232	14.943031586466926	0
744	34.4846711231962	19.669709136766578	0
745	35.078235991395623	20.00827256019539	0
746	35.388184762438023	19.454819205807603	0
747	34.789375197741386	19.125620861838101	0
748	34.987747046980196	18.760265365301443	0
749	35.589971072557937	19.083175054628629	0
750	35.885325912049019	18.521797841924919	0
751	35.278104136401474	18.208387313027306	0
752	35.466844116615157	17.837964245051097	0
753	36.077314565305841	18.144998894105289	0
754	36.357873051791913	17.576082562985825	0
755	35.742655224667082	17.278674645081402	0
756	35.921633982900978	16.903437875133385	0
757	36.53993246875276	17.194387057702851	0
758	36.805502321461397	16.618321515002979	0
759	36.182710082427178	16.337120036622821	0
760	36.351804955580576	15.957326733241619	0
761	36.977507727695944	16.231991047289856	0
762	37.227906938315613	15.649171099557426	0
763	36.597967118063472	15.38436878214849	0
764	35.47394590352858	20.233981509147931	0
765	36.06751077172801	20.572544932576744	0
766	36.386200703599094	20.003483112423449	0
767	35.78739113890245	19.674284768453941	0
768	35.991453756276435	19.298448180846755	0
769	36.593677781854183	19.621357870173942	0
770	36.897362204794938	19.044148723420946	0
771	36.290140429147385	18.73073819452333	0
772	36.484294864432968	18.349688660141421	0
773	37.094765313123659	18.65672330919562	0
774	37.383236096999973	18.071762426159868	0
775	36.768018269875135	17.774354508255442	0
776	36.952131459320611	17.388353179415827	0
777	37.570429945172393	17.679302361985297	0
778	37.843489386518435	17.086990645636575	0
779	37.220697147484209	16.805789167256417	0
780	37.394642909106189	16.415100589988683	0
781	38.020345681221556	16.689764904036924	0
782	38.277806638735854	16.09050829523899	0
783	37.647866818483706	15.825705977830051	0
784	36.46322068386096	20.798253881529281	0
785	37.056785552060397	21.136817304958097	0
786	37.384216644760158	20.552147019039289	0
787	36.785407080063514	20.22294867506978	0
788	36.995160465572674	19.836630996392064	0
789	37.597384491150422	20.15954068571925	0
790	37.909398497540849	19.56649960491697	0
791	37.302176721893296	19.253089076019354	0
792	37.50174561225078	18.861413075231745	0
793	38.112216060941471	19.168447724285944	0
794	38.408599142208026	18.567442289333904	0
795	37.793381315083188	18.270034371429482	0
796	37.982628935740237	17.873268483698272	0
797	38.600927421592026	18.164217666267739	0
798	38.881476451575466	17.555659776270172	0
799	38.25868421254124	17.274458297890011	0
800	38.437480862631794	16.872874446735747	0
801	39.063183634747169	17.147538760783988	0
802	39.327706339156087	16.531845490920549	0
803	38.69776651890394	16.26704317351161	0
804	37.452495464193348	21.362526253910637	0
805	38.046060332392777	21.701089677339446	0
806	38.382232585921223	21.100810925655129	0
807	37.783423021224586	20.771612581685627	0
808	37.99886717486892	20.374813811937376	0
809	38.60109120044666	20.697723501264562	0
810	38.92143479028676	20.088850486412994	0
811	38.314213014639215	19.775439957515378	0
812	38.519196360068598	19.373137490322076	0
813	39.129666808759282	19.680172139376268	0
814	39.433962187416071	19.063122152507944	0
815	38.818744360291241	18.765714234603522	0
816	39.013126412159878	18.358183787980717	0
817	39.631424898011652	18.64913297055018	0
818	39.919463516632497	18.024328906903765	0
819	39.296671277598278	17.743127428523607	0
820	39.480318816157414	17.330648303482814	0
821	40.106021588272775	17.605312617531055	0
822	40.377606039576321	16.973182686602108	0
823	39.747666219324181	16.708380369193176	0
824	38.441770244525728	21.926798626291987	0
825	39.035335112725164	22.265362049720803	0
826	39.380248527082294	21.649474832270975	0
827	38.78143896238565	21.320276488301467	0
828	39.002573884165159	20.912996627482688	0
829	39.604797909742906	21.235906316809874	0
830	39.933471083032671	20.611201367909022	0
831	39.326249307385126	20.297790839011402	0
832	39.536647107886409	19.8848619054124	0
833	40.147117556577101	20.191896554466599	0
834	40.459325232624131	19.558802015681984	0
835	39.844107405499294	19.261394097777561	0
836	40.043623888579511	18.843099092263159	0
837	40.661922374431292	19.134048274832626	0
838	40.957450581689535	18.492998037537362	0
839	40.33465834265531	18.211796559157204	0
840	40.52315676968302	17.788422160229882	0
841	41.148859541798387	18.063086474278119	0
842	41.427505739996562	17.414519882283674	0
843	40.797565919744414	17.149717564874734	0
844	39.431045024858122	22.491070998673344	0
845	40.024609893057544	22.829634422102153	0
846	40.378264468243358	22.198138738886815	0
847	39.779454903546721	21.86894039491731	0
848	40.006280593461398	21.451179443028	0
849	40.608504619039145	21.774089132355186	0
850	40.945507375778583	21.133552249405042	0
851	40.338285600131037	20.820141720507429	0
852	40.554097855704228	20.396586320502728	0
853	41.164568304394912	20.703620969556923	0
854	41.484688277832184	20.054481878856024	0
855	40.869470450707354	19.757073960951601	0
856	41.074121364999144	19.328014396545605	0
857	41.692419850850925	19.618963579115068	0
858	41.995437646746566	18.961667168170958	0
859	41.372645407712348	18.6804656897908	0
860	41.565994723208632	18.246196016976949	0
861	42.191697495324	18.520860331025187	0
862	42.477405440416796	17.855857077965233	0
863	41.847465620164655	17.591054760556297	0
864	40.420319805190502	23.055343371054693	0
865	41.013884673389931	23.39390679448351	0
866	41.37628040940443	22.746802645502658	0
867	40.777470844707786	22.417604301533153	0
868	41.009987302757636	21.989362258573308	0
869	41.612211328335384	22.312271947900499	0
870	41.957543668524501	21.65590313090107	0
871	41.350321892876948	21.342492602003453	0
872	41.571548603522039	20.908310735593055	0
873	42.182019052212731	21.21534538464725	0
874	42.510051323040237	20.550161742030063	0
875	41.894833495915407	20.252753824125641	0
876	29.869006532416122	18.519568679511014	0
877	30.449766539290476	18.879655139767074	0
878	30.14946129314044	19.355610148668873	0
879	29.574428925477815	18.98644592967581	0
880	29.373985377864877	19.295101925867673	0
881	29.945120408133192	19.670267518166394	0
882	29.632459019425827	20.138198354268837	0
883	29.067287293671548	19.754108046069884	0
884	28.858832760998954	20.057411273176193	0
885	29.419951387240317	20.447398877760552	0
886	29.095148138473654	20.906984844642235	0
887	28.540224395097589	20.508231683548889	0
888	30.836939877206714	19.119712779937785	0
889	31.417699884081074	19.479799240193849	0
890	31.107848572578153	19.970883846990649	0
891	30.532816204915523	19.601719627997582	0
892	30.32587709497874	19.920377913032212	0
893	30.897012125247059	20.295543505330937	0
894	30.574411895682971	20.778348867933765	0
895	30.009240169928685	20.394258559734809	0
896	29.794030471401225	20.707390614150125	0
897	30.355149097642595	21.097378218734491	0
898	30.020021044100435	21.57157344646448	0
899	29.465097300724366	21.172820285371131	0
900	31.804873221997312	19.719856880364556	0
901	32.385633228871669	20.07994334062062	0
902	32.066235852015858	20.586157545312421	0
903	31.491203484353235	20.216993326319358	0
904	31.277768812092607	20.545653900196751	0
905	31.848903842360919	20.920819492495472	0
906	31.516364771940108	21.418499381598689	0
907	30.951193046185825	21.034409073399736	0
908	30.729228181803503	21.357369955124064	0
909	31.290346808044866	21.747357559708423	0
910	30.944893949727213	22.236162048286726	0
911	30.389970206351148	21.83740888719338	0
912	33.293491759786676	19.455145760555826	0
913	33.883478719367972	19.79990630349609	0
914	33.56829518763233	20.329682190065512	0
915	32.983796276522646	19.97569706699387	0
916	32.772806566787906	20.320000980791328	0
917	33.353566573662263	20.680087441047394	0
918	33.024623131453573	21.201431243634197	0
919	32.449590763790944	20.83226702464113	0
920	32.229660529206463	21.170929887361289	0
921	32.800795559474786	21.546095479660014	0
922	32.458317648197252	22.058649895263621	0
923	31.893145922442965	21.67455958706466	0
924	31.664425892205774	22.007349296097999	0
925	32.225544518447144	22.397336900682362	0
926	31.869766855353998	22.900750650108971	0
927	31.314843111977925	22.501997489015622	0
928	31.077490039371931	22.828685966918794	0
929	31.628207698908419	23.233228305764928	0
930	31.259374116238458	23.727156374376754	0
931	30.715078672255256	23.314013645887464	0
932	34.276803359088838	20.029746665456265	0
933	34.866790318670127	20.374507208396526	0
934	34.542460039481789	20.919657395184906	0
935	33.957961128372112	20.565672272113268	0
936	33.740739911578501	20.920145081218102	0
937	34.321499918452858	21.280231541474162	0
938	33.983010410891282	21.816704941955969	0
939	33.40797804322866	21.447540722962906	0
940	33.181552246320329	21.796205874525828	0
941	33.752687276588645	22.171371466824549	0
942	33.400270524454385	22.698800408928545	0
943	32.835098798700109	22.314710100729592	0
944	32.599623602608055	22.657328637071934	0
945	33.160742228849415	23.047316241656297	0
946	32.794639760980772	23.565339251931213	0
947	32.239716017604707	23.166586090837871	0
948	31.995352805266077	23.502923198329018	0
949	32.546070464802561	23.907465537175149	0
950	32.166533189543792	24.41572758852557	0
951	31.622237745560593	24.002584860036283	0
952	35.260114958390993	20.604347570356701	0
953	35.850101917972289	20.949108113296969	0
954	35.516624891331261	21.509632600304307	0
955	34.932125980221578	21.155647477232666	0
956	34.708673256369096	21.520289181644873	0
957	35.289433263243453	21.880375641900937	0
958	34.941397690328991	22.431978640277745	0
959	34.366365322666361	22.062814421284678	0
960	34.133443963434196	22.421481861690367	0
961	34.704578993702512	22.796647453989092	0
962	34.342223400711532	23.338950922593472	0
963	33.777051674957242	22.954860614394516	0
964	33.534821313010326	23.30730797804587	0
965	34.095939939251693	23.697295582630233	0
966	33.719512666607557	24.229927853753463	0
967	33.164588923231484	23.831174692660113	0
968	32.913215571160215	24.177160429739239	0
969	33.463933230696711	24.581702768585373	0
970	33.073692262849129	25.104298802674389	0
971	32.529396818865926	24.691156074185095	0
972	36.243426557693148	21.17894847525714	0
973	36.833413517274444	21.523709018197405	0
974	36.49078974318072	22.099607805423705	0
975	35.906290832071043	21.745622682352064	0
976	35.676606601159691	22.120433282071641	0
977	36.257366608034047	22.480519742327708	0
978	35.899784969766699	23.047252338599517	0
979	35.32475260210407	22.67808811960645	0
980	35.085335680548056	23.046757848854902	0
981	35.656470710816372	23.421923441153631	0
982	35.284176276968665	23.979101436258397	0
983	34.719004551214383	23.59501112805944	0
984	34.470019023412597	23.957287319019805	0
985	35.031137649653964	24.347274923604168	0
986	34.644385572234334	24.894516455575705	0
987	34.089461828858262	24.495763294482355	0
988	33.831078337054358	24.851397661149459	0
989	34.381795996590846	25.255939999995594	0
990	33.980851336154458	25.792870016823201	0
991	33.436555892171256	25.37972728833391	0
992	37.226738156995303	21.75354938015758	0
993	37.816725116576599	22.09830992309784	0
994	37.464954595030186	22.6895830105431	0
995	36.880455683920509	22.335597887471462	0
996	36.644539945950285	22.720577382498416	0
997	37.225299952824642	23.080663842754475	0
998	36.858172249204408	23.662526036921289	0
999	36.283139881541786	23.293361817928226	0
1000	36.037227397661923	23.672033836019445	0
1001	36.608362427930238	24.047199428318166	0
1002	36.226129153225806	24.619251949923324	0
1003	35.660957427471523	24.235161641724368	0
1004	35.405216733814875	24.607266659993744	0
1005	35.966335360056235	24.997254264578103	0
1006	35.569258477861112	25.55910505739795	0
1007	35.014334734485047	25.160351896304604	0
1008	34.748941102948507	25.525634892559683	0
1009	35.299658762484988	25.930177231405814	0
1010	34.888010409459795	26.481441230972017	0
1011	34.343714965476593	26.06829850248273	0
1012	38.210049756297458	22.328150285058019	0
1013	38.800036715878754	22.672910827998283	0
1014	38.439119446879658	23.279558215662501	0
1015	37.854620535769975	22.925573092590859	0
1016	37.61247329074088	23.320721482925187	0
1017	38.193233297615237	23.68080794318125	0
1018	37.816559528642124	24.277799735243065	0
1019	37.241527160979494	23.908635516249998	0
1020	36.989119114775782	24.297309823183983	0
1021	37.560254145044105	24.672475415482708	0
1022	37.168082029482946	25.259402463588252	0
1023	36.602910303728663	24.875312155389295	0
1024	36.340414444217146	25.257246000967676	0
1025	36.901533070458512	25.647233605552042	0
1026	36.49413138348789	26.223693659220196	0
1027	35.939207640111817	25.824940498126846	0
1028	35.666803868842642	26.199872123969904	0
1029	36.217521528379137	26.604414462816038	0
1030	35.795169482765132	27.170012445120832	0
1031	35.25087403878193	26.756869716631542	0
1032	39.19336135559962	22.902751189958458	0
1033	39.783348315180909	23.247511732898719	0
1034	39.413284298729117	23.869533420781899	0
1035	38.82878538761944	23.515548297710261	0
1036	38.580406635531475	23.920865583351958	0
1037	39.161166642405831	24.280952043608021	0
1038	38.774946808079825	24.893073433564837	0
1039	38.199914440417203	24.523909214571773	0
1040	37.941010831889649	24.922585810348522	0
1041	38.512145862157965	25.297751402647243	0
1042	38.110034905740086	25.899552977253176	0
1043	37.544863179985803	25.515462669054223	0
1044	37.275612154619424	25.907225341941615	0
1045	37.836730780860783	26.297212946525974	0
1046	37.419004289114667	26.888282261042438	0
1047	36.864080545738602	26.489529099949095	0
1048	36.584666634736791	26.874109355380128	0
1049	37.135384294273273	27.278651694226259	0
1050	36.702328556070462	27.858583659269648	0
1051	36.158033112087267	27.445440930780361	0
1052	40.176672954901775	23.477352094858894	0
1053	40.766659914483071	23.822112637799162	0
1054	40.38744915057859	24.459508625901297	0
1055	39.802950239468906	24.105523502829655	0
1056	39.548339980322069	24.521009683778729	0
1057	40.129099987196426	24.881096144034796	0
1058	39.733334087517541	25.508347131886612	0
1059	39.158301719854911	25.139182912893546	0
1060	38.892902549003509	25.547861797513061	0
1061	39.464037579271832	25.923027389811786	0
1062	39.051987781997227	26.539703490918104	0
1063	38.486816056242944	26.155613182719147	0
1064	18.519568679511014	29.869006532416122	0
1065	18.879655139767074	30.449766539290476	0
1066	19.355610148668873	30.14946129314044	0
1067	18.98644592967581	29.574428925477815	0
1068	19.295101925867673	29.373985377864877	0
1069	19.670267518166394	29.945120408133192	0
1070	20.138198354268837	29.632459019425827	0
1071	19.754108046069884	29.067287293671548	0
1072	20.057411273176193	28.858832760998954	0
1073	20.447398877760552	29.419951387240317	0
1074	20.906984844642235	29.095148138473654	0
1075	20.508231683548889	28.540224395097589	0
1076	19.119712779937785	30.836939877206714	0
1077	19.479799240193849	31.417699884081074	0
1078	19.970883846990649	31.107848572578153	0
1079	19.601719627997582	30.532816204915523	0
1080	19.920377913032212	30.32587709497874	0
1081	20.295543505330937	30.897012125247059	0
1082	20.778348867933765	30.574411895682971	0
1083	20.394258559734809	30.009240169928685	0
1084	20.707390614150125	29.794030471401225	0
1085	21.097378218734491	30.355149097642595	0
1086	21.57157344646448	30.020021044100435	0
1087	21.172820285371131	29.465097300724366	0
1088	19.719856880364556	31.804873221997312	0
1089	20.07994334062062	32.385633228871669	0
1090	20.586157545312421	32.066235852015858	0
1091	20.216993326319358	31.491203484353235	0
1092	20.545653900196751	31.277768812092607	0
1093	20.920819492495472	31.848903842360919	0
1094	21.418499381598689	31.516364771940108	0
1095	21.034409073399736	30.951193046185825	0
1096	21.357369955124064	30.729228181803503	0
1097	21.747357559708423	31.290346808044866	0
1098	22.236162048286726	30.944893949727213	0
1099	21.83740888719338	30.389970206351148	0
1100	19.455145760555826	33.293491759786676	0
1101	19.79990630349609	33.883478719367972	0
1102	20.329682190065515	33.56829518763233	0
1103	19.975697066993874	32.983796276522646	0
1104	20.320000980791328	32.772806566787906	0
1105	20.680087441047394	33.353566573662263	0
1106	21.201431243634197	33.024623131453573	0
1107	20.83226702464113	32.449590763790944	0
1108	21.170929887361289	32.229660529206463	0
1109	21.546095479660014	32.800795559474786	0
1110	22.058649895263621	32.458317648197252	0
1111	21.67455958706466	31.893145922442965	0
1112	22.007349296097999	31.664425892205774	0
1113	22.397336900682362	32.225544518447144	0
1114	22.900750650108971	31.869766855353998	0
1115	22.501997489015622	31.314843111977925	0
1116	22.828685966918794	31.077490039371931	0
1117	23.233228305764928	31.628207698908419	0
1118	23.727156374376754	31.259374116238458	0
1119	23.314013645887464	30.715078672255256	0
1120	20.029746665456265	34.276803359088838	0
1121	20.374507208396526	34.866790318670127	0
1122	20.91965739518491	34.542460039481789	0
1123	20.565672272113275	33.957961128372112	0
1124	20.920145081218102	33.740739911578501	0
1125	21.280231541474162	34.321499918452858	0
1126	21.816704941955969	33.983010410891282	0
1127	21.447540722962906	33.40797804322866	0
1128	21.796205874525828	33.181552246320329	0
1129	22.171371466824549	33.752687276588645	0
1130	22.698800408928545	33.400270524454385	0
1131	22.314710100729592	32.835098798700109	0
1132	22.657328637071934	32.599623602608055	0
1133	23.047316241656297	33.160742228849415	0
1134	23.565339251931213	32.794639760980772	0
1135	23.166586090837871	32.239716017604707	0
1136	23.502923198329018	31.995352805266077	0
1137	23.907465537175149	32.546070464802561	0
1138	24.41572758852557	32.166533189543792	0
1139	24.002584860036283	31.622237745560593	0
1140	20.604347570356701	35.260114958390993	0
1141	20.949108113296969	35.850101917972289	0
1142	21.509632600304311	35.516624891331261	0
1143	21.155647477232669	34.932125980221578	0
1144	21.520289181644873	34.708673256369096	0
1145	21.880375641900937	35.289433263243453	0
1146	22.431978640277745	34.941397690328991	0
1147	22.062814421284678	34.366365322666361	0
1148	22.421481861690367	34.133443963434196	0
1149	22.796647453989092	34.704578993702512	0
1150	23.338950922593472	34.342223400711532	0
1151	22.954860614394516	33.777051674957242	0
1152	23.30730797804587	33.534821313010326	0
1153	23.697295582630233	34.095939939251693	0
1154	24.229927853753463	33.719512666607557	0
1155	23.831174692660113	33.164588923231484	0
1156	24.177160429739239	32.913215571160215	0
1157	24.581702768585373	33.463933230696711	0
1158	25.104298802674389	33.073692262849129	0
1159	24.691156074185095	32.529396818865926	0
1160	21.17894847525714	36.243426557693148	0
1161	21.523709018197405	36.833413517274444	0
1162	22.099607805423709	36.49078974318072	0
1163	21.745622682352067	35.906290832071043	0
1164	22.120433282071641	35.676606601159691	0
1165	22.480519742327708	36.257366608034047	0
1166	23.047252338599517	35.899784969766699	0
1167	22.67808811960645	35.32475260210407	0
1168	23.046757848854902	35.085335680548056	0
1169	23.421923441153631	35.656470710816372	0
1170	23.979101436258397	35.284176276968665	0
1171	23.59501112805944	34.719004551214383	0
1172	23.957287319019805	34.470019023412597	0
1173	24.347274923604168	35.031137649653964	0
1174	24.894516455575705	34.644385572234334	0
1175	24.495763294482355	34.089461828858262	0
1176	24.851397661149459	33.831078337054358	0
1177	25.255939999995594	34.381795996590846	0
1178	25.792870016823201	33.980851336154458	0
1179	25.37972728833391	33.436555892171256	0
1180	21.75354938015758	37.226738156995303	0
1181	22.09830992309784	37.816725116576599	0
1182	22.689583010543107	37.464954595030186	0
1183	22.335597887471469	36.880455683920509	0
1184	22.720577382498416	36.644539945950285	0
1185	23.080663842754475	37.225299952824642	0
1186	23.662526036921289	36.858172249204408	0
1187	23.293361817928226	36.283139881541786	0
1188	23.672033836019445	36.037227397661923	0
1189	24.047199428318166	36.608362427930238	0
1190	24.619251949923324	36.226129153225806	0
1191	24.235161641724368	35.660957427471523	0
1192	24.607266659993744	35.405216733814875	0
1193	24.997254264578103	35.966335360056235	0
1194	25.55910505739795	35.569258477861112	0
1195	25.160351896304604	35.014334734485047	0
1196	25.525634892559683	34.748941102948507	0
1197	25.930177231405814	35.299658762484988	0
1198	26.481441230972017	34.888010409459795	0
1199	26.06829850248273	34.343714965476593	0
1200	22.328150285058019	38.210049756297458	0
1201	22.672910827998283	38.800036715878754	0
1202	23.279558215662504	38.439119446879658	0
1203	22.925573092590863	37.854620535769975	0
1204	23.320721482925187	37.61247329074088	0
1205	23.68080794318125	38.193233297615237	0
1206	24.277799735243065	37.816559528642124	0
1207	23.908635516249998	37.241527160979494	0
1208	24.297309823183983	36.989119114775782	0
1209	24.672475415482708	37.560254145044105	0
1210	25.259402463588252	37.168082029482946	0
1211	24.875312155389295	36.602910303728663	0
1212	25.257246000967676	36.340414444217146	0
1213	25.647233605552042	36.901533070458512	0
1214	26.223693659220196	36.49413138348789	0
1215	25.824940498126846	35.939207640111817	0
1216	26.199872123969904	35.666803868842642	0
1217	26.604414462816038	36.217521528379137	0
1218	27.170012445120832	35.795169482765132	0
1219	26.756869716631542	35.25087403878193	0
1220	22.902751189958458	39.19336135559962	0
1221	23.247511732898719	39.783348315180909	0
1222	23.869533420781902	39.413284298729117	0
1223	23.515548297710264	38.82878538761944	0
1224	23.920865583351958	38.580406635531475	0
1225	24.280952043608021	39.161166642405831	0
1226	24.893073433564837	38.774946808079825	0
1227	24.523909214571773	38.199914440417203	0
1228	24.922585810348522	37.941010831889649	0
1229	25.297751402647243	38.512145862157965	0
1230	25.899552977253176	38.110034905740086	0
1231	25.515462669054223	37.544863179985803	0
1232	25.907225341941615	37.275612154619424	0
1233	26.297212946525974	37.836730780860783	0
1234	26.888282261042438	37.419004289114667	0
1235	26.489529099949095	36.864080545738602	0
1236	26.874109355380128	36.584666634736791	0
1237	27.278651694226259	37.135384294273273	0
1238	27.858583659269648	36.702328556070462	0
1239	27.445440930780361	36.158033112087267	0
1240	23.477352094858894	40.176672954901775	0
1241	23.822112637799162	40.766659914483071	0
1242	24.459508625901304	40.38744915057859	0
1243	24.105523502829662	39.802950239468906	0
1244	24.521009683778729	39.548339980322069	0
1245	24.881096144034796	40.129099987196426	0
1246	25.508347131886612	39.733334087517541	0
1247	25.139182912893546	39.158301719854911	0
1248	25.547861797513061	38.892902549003509	0
1249	25.923027389811786	39.464037579271832	0
1250	26.539703490918104	39.051987781997227	0
1251	26.155613182719147	38.486816056242944	0
1252	16.607534103120202	30.972920209795227	0
1253	16.930443792447385	31.575144235372967	0
1254	16.432394315940815	31.83718074106536	0
1255	16.118983787043199	31.229958965417815	0
1256	15.791066584689791	31.397041125343893	0
1257	16.098101233743986	32.007511574034581	0
1258	15.593363110289664	32.256420870959701	0
1259	15.295955192385243	31.641203043834867	0
1260	14.963776658003612	31.799644077222442	0
1261	15.254725840573077	32.41794256307422	0
1262	14.743644992468589	32.653554061233258	0
1263	14.462443514088433	32.03076182219904	0
1264	17.14571691866551	31.976626919091466	0
1265	17.4686266079927	32.578850944669213	0
1266	16.954745197436839	32.849217033811279	0
1267	16.641334668539223	32.241995258163726	0
1268	16.302790999780115	32.414491873161708	0
1269	16.609825648834313	33.024962321852399	0
1270	16.089042973463705	33.281783916167754	0
1271	15.791635055559281	32.666566089042917	0
1272	15.448691962286054	32.830141553642072	0
1273	15.739641144855522	33.448440039493853	0
1274	15.212314123102185	33.691541126290296	0
1275	14.931112644722027	33.068748887256071	0
1276	17.683899734210826	32.980333628387712	0
1277	18.006809423538009	33.582557653965452	0
1278	17.477096078932863	33.86125332655719	0
1279	17.16368555003525	33.254031550909644	0
1280	16.814515414870446	33.431942620979527	0
1281	17.121550063924637	34.042413069670211	0
1282	16.584722836637745	34.307146961375807	0
1283	16.287314918733323	33.691929134250977	0
1284	15.933607266568499	33.860639030061705	0
1285	16.224556449137964	34.478937515913486	0
1286	15.68098325373578	34.729528191347327	0
1287	15.399781775355624	34.106735952313109	0
1288	19.105436764385228	33.495396342863806	0
1289	19.444000187814041	34.088961211063236	0
1290	18.906155299191759	34.390168821276959	0
1291	18.576956955222251	33.791359256580314	0
1292	18.222082549756134	33.98404033768395	0
1293	18.544992239083324	34.586264363261698	0
1294	17.999446960428891	34.873289619303108	0
1295	17.686036431531274	34.266067843655556	0
1296	17.32623982996077	34.449393368797338	0
1297	17.633274479014968	35.059863817488029	0
1298	17.080402699811785	35.332510006583867	0
1299	16.782994781907359	34.717292179459029	0
1300	16.418522570850943	34.891136506481338	0
1301	16.709471753420409	35.509434992333119	0
1302	16.149652384369379	35.767515256404366	0
1303	15.868450905989219	35.14472301737014	0
1304	15.499552876494555	35.308967002054963	0
1305	15.774217190542796	35.934669774170331	0
1306	15.207833903875862	36.178007237895379	0
1307	14.943031586466924	35.548067417643232	0
1308	19.669709136766585	34.484671123196193	0
1309	20.008272560195394	35.078235991395623	0
1310	19.454819205807599	35.388184762438023	0
1311	19.125620861838094	34.789375197741386	0
1312	18.760265365301446	34.987747046980189	0
1313	19.083175054628633	35.58997107255793	0
1314	18.521797841924915	35.885325912049019	0
1315	18.208387313027302	35.278104136401474	0
1316	17.837964245051097	35.466844116615157	0
1317	18.144998894105292	36.077314565305841	0
1318	17.576082562985825	36.357873051791913	0
1319	17.278674645081402	35.742655224667082	0
1320	16.903437875133388	35.921633982900978	0
1321	17.194387057702851	36.539932468752752	0
1322	16.618321515002972	36.805502321461397	0
1323	16.337120036622817	36.182710082427178	0
1324	15.957326733241622	36.351804955580576	0
1325	16.23199104728986	36.977507727695937	0
1326	15.649171099557423	37.227906938315613	0
1327	15.384368782148487	36.597967118063472	0
1328	20.233981509147934	35.473945903528573	0
1329	20.572544932576747	36.06751077172801	0
1330	20.003483112423442	36.386200703599094	0
1331	19.674284768453937	35.78739113890245	0
1332	19.298448180846759	35.991453756276428	0
1333	19.621357870173945	36.593677781854176	0
1334	19.044148723420943	36.897362204794938	0
1335	18.730738194523326	36.290140429147385	0
1336	18.349688660141425	36.484294864432968	0
1337	18.65672330919562	37.094765313123659	0
1338	18.071762426159864	37.383236096999973	0
1339	17.774354508255438	36.768018269875135	0
1340	17.38835317941583	36.952131459320604	0
1341	17.6793023619853	37.570429945172393	0
1342	17.086990645636572	37.843489386518435	0
1343	16.80578916725641	37.220697147484209	0
1344	16.415100589988686	37.394642909106182	0
1345	16.689764904036927	38.020345681221556	0
1346	16.090508295238987	38.277806638735854	0
1347	15.825705977830047	37.647866818483706	0
1348	20.798253881529288	36.463220683860953	0
1349	21.1368173049581	37.05678555206039	0
1350	20.552147019039285	37.384216644760158	0
1351	20.222948675069777	36.785407080063514	0
1352	19.836630996392067	36.995160465572667	0
1353	20.159540685719257	37.597384491150414	0
1354	19.566499604916967	37.909398497540849	0
1355	19.25308907601935	37.302176721893296	0
1356	18.861413075231749	37.50174561225078	0
1357	19.168447724285947	38.112216060941471	0
1358	18.567442289333904	38.408599142208026	0
1359	18.270034371429478	37.793381315083188	0
1360	17.873268483698272	37.982628935740237	0
1361	18.164217666267742	38.600927421592019	0
1362	17.555659776270165	38.881476451575466	0
1363	17.274458297890007	38.258684212541247	0
1364	16.87287444673575	38.437480862631794	0
1365	17.147538760783991	39.063183634747162	0
1366	16.531845490920546	39.327706339156087	0
1367	16.26704317351161	38.69776651890394	0
1368	21.362526253910641	37.452495464193348	0
1369	21.70108967733945	38.04606033239277	0
1370	21.100810925655125	38.382232585921223	0
1371	20.77161258168562	37.783423021224586	0
1372	20.374813811937383	37.998867174868913	0
1373	20.697723501264566	38.601091200446653	0
1374	20.088850486412991	38.92143479028676	0
1375	19.775439957515378	38.314213014639215	0
1376	19.373137490322076	38.519196360068598	0
1377	19.680172139376271	39.129666808759282	0
1378	19.06312215250794	39.433962187416071	0
1379	18.765714234603518	38.818744360291241	0
1380	18.358183787980717	39.01312641215987	0
1381	18.649132970550184	39.631424898011652	0
1382	18.024328906903762	39.919463516632504	0
1383	17.743127428523604	39.296671277598286	0
1384	17.330648303482818	39.480318816157407	0
1385	17.605312617531055	40.106021588272768	0
1386	16.973182686602108	40.377606039576321	0
1387	16.708380369193172	39.747666219324181	0
1388	21.926798626291994	38.441770244525728	0
1389	22.265362049720807	39.035335112725157	0
1390	21.649474832270968	39.380248527082294	0
1391	21.320276488301463	38.78143896238565	0
1392	20.912996627482691	39.002573884165152	0
1393	21.235906316809881	39.604797909742899	0
1394	20.611201367909018	39.933471083032671	0
1395	20.297790839011402	39.326249307385126	0
1396	19.884861905412404	39.536647107886409	0
1397	20.191896554466599	40.147117556577101	0
1398	19.558802015681984	40.459325232624131	0
1399	19.261394097777558	39.844107405499294	0
1400	18.843099092263163	40.043623888579504	0
1401	19.134048274832629	40.661922374431285	0
1402	18.492998037537358	40.957450581689542	0
1403	18.2117965591572	40.334658342655317	0
1404	17.788422160229882	40.523156769683013	0
1405	18.063086474278123	41.148859541798387	0
1406	17.41451988228367	41.427505739996562	0
1407	17.149717564874731	40.797565919744414	0
1408	22.491070998673347	39.431045024858115	0
1409	22.829634422102156	40.024609893057544	0
1410	22.198138738886811	40.378264468243358	0
1411	21.868940394917306	39.779454903546721	0
1412	21.451179443028003	40.006280593461398	0
1413	21.77408913235519	40.608504619039138	0
1414	21.133552249405042	40.945507375778583	0
1415	20.820141720507429	40.338285600131037	0
1416	20.396586320502731	40.554097855704228	0
1417	20.703620969556926	41.164568304394912	0
1418	20.05448187885602	41.484688277832184	0
1419	19.757073960951598	40.869470450707354	0
1420	19.328014396545608	41.074121364999144	0
1421	19.618963579115071	41.692419850850918	0
1422	18.961667168170951	41.995437646746574	0
1423	18.680465689790797	41.372645407712355	0
1424	18.246196016976949	41.565994723208632	0
1425	18.520860331025187	42.191697495323993	0
1426	17.855857077965233	42.477405440416796	0
1427	17.591054760556297	41.847465620164655	0
1428	23.0553433710547	40.420319805190495	0
1429	23.393906794483513	41.013884673389931	0
1430	22.746802645502655	41.37628040940443	0
1431	22.417604301533146	40.777470844707786	0
1432	21.989362258573316	41.009987302757636	0
1433	22.312271947900502	41.612211328335384	0
1434	21.65590313090107	41.957543668524501	0
1435	21.342492602003453	41.350321892876948	0
1436	20.908310735593055	41.571548603522039	0
1437	21.215345384647254	42.182019052212731	0
1438	20.550161742030063	42.510051323040237	0
1439	20.252753824125637	41.894833495915407	0
1440	1.1039136773791074	35.127102782631212	0
1441	1.1253776960824948	35.810098932214459	0
1442	1.6877194479249213	35.788004464609692	0
1443	1.655530039939999	35.105429716719016	0
1444	2.0230557474790132	35.086168510557464	0
1445	2.0623911659013836	35.76836875191038	0
1446	2.6239618515338723	35.731561464558503	0
1447	2.5739157501633243	35.050063238455124	0
1448	2.9408113162234861	35.021187931179803	0
1449	2.9979911758339015	35.702124718333629	0
1450	3.5584059227596017	35.65062983711082	0
1451	3.4905374271014487	34.97067519763732	0
1452	1.1396870418847533	36.265429698603292	0
1453	1.161151060588141	36.948425848186545	0
1454	1.7413684612331257	36.925629044427495	0
1455	1.709179053248203	36.243054296536812	0
1456	2.0886147781829645	36.223168912812326	0
1457	2.1279501966053358	36.90536915416525	0
1458	2.7073720204847862	36.86739184139747	0
1459	2.6573259191142378	36.185893615294084	0
1460	3.0361110822408452	36.156082576436184	0
1461	3.0932909418512611	36.837019363590016	0
1462	3.6715200821898577	36.783887569566666	0
1463	3.6036515865317038	36.103932930093158	0
1464	1.1754604063903995	37.403756614575379	0
1465	1.1969244250937869	38.086752764158625	0
1466	1.7950174745413299	38.063253624245291	0
1467	1.7628280665564073	37.380678876354615	0
1468	2.1541738088869162	37.360169315067196	0
1469	2.1935092273092871	38.042369556420113	0
1470	2.7907821894357001	38.003222218236431	0
1471	2.7407360880651521	37.321723992133059	0
1472	3.1314108482582048	37.290977221692565	0
1473	3.1885907078686198	37.97191400884639	0
1474	3.7846342416201129	37.917145302022504	0
1475	3.7167657459619599	37.237190662549004	0
1476	0.20190458307712755	38.560582524941047	0
1477	0.20548249169526425	39.243906491310128	0
1478	0.82187363364463295	39.235837489257271	0
1479	0.80756298005767224	38.552654022216124	0
1480	1.2112337708960454	38.542083530547458	0
1481	1.2326977895994331	39.225079680130712	0
1482	1.8486664878495342	39.200878204063095	0
1483	1.8164770798646115	38.518303456172411	0
1484	2.2197328395908675	38.497169717322059	0
1485	2.2590682580132389	39.179369958674982	0
1486	2.8741923583866145	39.139052595075405	0
1487	2.8241462570160656	38.457554368972019	0
1488	3.2267106142755635	38.425871866948945	0
1489	3.2838904738859793	39.106808654102771	0
1490	3.8977484010503689	39.05040303447835	0
1491	3.829879905392215	38.370448395004843	0
1492	4.2314769626830264	38.328238843413345	0
1493	4.3064620752619076	39.007445496307724	0
1494	4.9186331216569199	38.93499027825262	0
1495	4.8329887453879783	38.257045232354393	0
1496	0.20786776410735536	39.699455802222843	0
1497	0.21144567272549203	40.382779768591917	0
1498	0.84572472295623391	40.374476600992509	0
1499	0.83141406936927331	39.691293133951369	0
1500	1.2470071354016916	39.680410446519545	0
1501	1.2684711541050793	40.363406596102791	0
1502	1.9023155011577382	40.338502783880891	0
1503	1.8701260931728159	39.655928035990215	0
1504	2.2852918702948193	39.634170119576929	0
1505	2.3246272887171902	40.316370360929845	0
1506	2.9576025273375279	40.274882971914366	0
1507	2.9075564259669799	39.593384745810987	0
1508	3.3220103802929231	39.560766512205326	0
1509	3.3791902399033384	40.241703299359152	0
1510	4.0108625604806241	40.183660766934189	0
1511	3.9429940648224711	39.503706127460681	0
1512	4.3564521503144951	39.460249931570637	0
1513	4.4314372628933762	40.139456584465009	0
1514	5.0613737487718211	40.064898688082998	0
1515	4.9757293725028804	39.386953642184771	0
1516	0.21383094513758313	40.838329079504632	0
1517	0.21740885375571983	41.521653045873713	0
1518	0.86957581226783498	41.513115712727753	0
1519	0.85526515868087427	40.829932245686607	0
1520	1.2827804999073376	40.818737362491625	0
1521	1.3042445186107254	41.501733512074878	0
1522	1.9559645144659425	41.476127363698694	0
1523	1.92377510648102	40.793552615808011	0
1524	2.3508509009987706	40.771170521831792	0
1525	2.3901863194211419	41.453370763184715	0
1526	3.0410126962884423	41.410713348753333	0
1527	2.9909665949178934	40.729215122649954	0
1528	3.4173101463102822	40.6956611574617	0
1529	3.474490005920698	41.376597944615533	0
1530	4.1239767199108801	41.316918499390027	0
1531	4.0561082242527267	40.63696385991652	0
1532	4.4814273379459628	40.592261019727921	0
1533	4.556412450524844	41.2714676726223	0
1534	5.2041143758867241	41.194807097913376	0
1535	5.1184699996177825	40.516862052015149	0
1536	0.21979412616781094	41.977202356786421	0
1537	0.22337203478594764	42.660526323155501	0
1538	0.89342690157943594	42.651754824462991	0
1539	0.87911624799247523	41.968571357421844	0
1540	1.3185538644129835	41.957064278463704	0
1541	1.3400178831163714	42.640060428046958	0
1542	2.0096135277741465	42.61375194351649	0
1543	1.9774241197892239	41.931177195625807	0
1544	2.4164099317027223	41.908170924086654	0
1545	2.4557453501250932	42.590371165439578	0
1546	3.1244228652393558	42.546543725592301	0
1547	3.0743767638688073	41.865045499488915	0
1548	3.5126099123276413	41.830555802718081	0
1549	3.5697897719380571	42.511492589871914	0
1550	4.2370908793411353	42.450176231845866	0
1551	4.1692223836829818	41.770221592372359	0
1552	4.6064025255774306	41.724272107885206	0
1553	4.6813876381563126	42.403478760779585	0
1554	5.3468550030016253	42.324715507743754	0
1555	5.2612106267326837	41.64677046184552	0
1556	0.22575730719803874	43.116075634068217	0
1557	0.22933521581617541	43.79939960043729	0
1558	0.9172779908910369	43.790393936198228	0
1559	0.90296733730407641	43.107210469157089	0
1560	1.3543272289186297	43.095391194435791	0
1561	1.3757912476220173	43.778387344019045	0
1562	2.0632625410823509	43.751376523334287	0
1563	2.0310731330974283	43.06880177544361	0
1564	2.4819689624066741	43.045171326341524	0
1565	2.521304380829045	43.727371567694441	0
1566	3.2078330341902697	43.682374102431261	0
1567	3.1577869328197212	43.000875876327882	0
1568	3.6079096783450009	42.965450447974462	0
1569	3.6650895379554163	43.646387235128287	0
1570	4.3502050387713904	43.583433964301705	0
1571	4.2823365431132379	42.903479324828204	0
1572	4.7313777132088992	42.856283196042497	0
1573	4.8063628257877804	43.535489848936869	0
1574	5.4895956301165274	43.454623917574125	0
1575	5.4039512538475867	42.776678871675905	0
1576	0.23172048822826652	44.254948911350006	0
1577	0.23529839684640322	44.938272877719086	0
1578	0.94112908020263808	44.929033047933473	0
1579	0.92681842661567737	44.245849580892326	0
1580	1.3901005934242756	44.233718110407878	0
1581	1.4115646121276635	44.916714259991132	0
1582	2.1169115543905552	44.88900110315209	0
1583	2.0847221464056322	44.206426355261407	0
1584	2.5475279931106254	44.182171728596387	0
1585	2.5868634115329967	44.86437196994931	0
1586	3.2912432031411836	44.818204479270229	0
1587	3.2411971017706351	44.136706253166849	0
1588	3.70320944436236	44.100345093230843	0
1589	3.7603893039727758	44.781281880384675	0
1590	4.4633191982016465	44.71669169675755	0
1591	4.395450702543493	44.036737057284043	0
1592	4.856352900840367	43.988294284199782	0
1593	4.931338013419249	44.667500937094161	0
1594	5.6323362572314304	44.58453232740451	0
1595	5.5466918809624879	43.906587281506276	0
1596	0.23768366925849435	45.393822188631802	0
1597	0.24126157787663099	46.077146155000875	0
1598	0.96498016951423904	46.06767215966871	0
1599	0.95066951592727844	45.384488692627571	0
1600	1.425873957929922	45.372045026379965	0
1601	1.4473379766333094	46.055041175963211	0
1602	2.1705605676987592	46.026625682969886	0
1603	2.1383711597138366	45.34405093507921	0
1604	2.6130870238145771	45.319172130851257	0
1605	2.652422442236948	46.001372372204166	0
1606	3.3746533720920975	45.954034856109196	0
1607	3.3246072707215495	45.272536630005817	0
1608	3.7985092103797196	45.235239738487223	0
1609	3.8556890699901345	45.916176525641049	0
1610	4.5764333576319025	45.849949429213389	0
1611	4.5085648619737491	45.169994789739889	0
1612	4.9813280884718356	45.120305372357073	0
1613	5.0563132010507168	45.799512025251445	0
1614	5.7750768843463316	45.714440737234881	0
1615	5.6894325080773909	45.036495691336661	0
1616	0.24364685028872213	46.532695465913591	0
1617	0.24722475890685883	47.216019432282671	0
1618	0.98883125882584022	47.206311271403955	0
1619	0.97452060523887951	46.523127804362808	0
1620	1.4616473224355679	46.510371942352045	0
1621	1.4831113411389556	47.193368091935298	0
1622	2.2242095810069635	47.164250262787689	0
1623	2.192020173022041	46.481675514897006	0
1624	2.6786460545185284	46.456172533106113	0
1625	2.7179814729408998	47.138372774459036	0
1626	3.4580635410430118	47.089865232948164	0
1627	3.408017439672463	46.408367006844784	0
1628	73.998349760222254	0	0
1629	54.001650239777746	0	0
1630	0	73.998349760222254	0
1631	0	54.001650239777746	0
1632	53.998349760222254	0	0
1633	52.001650239777746	0	0
1634	31.498349760222258	0	0
1635	31.268316906444408	0	0
1636	0	53.998349760222254	0
1637	0	52.001650239777746	0
1638	0	31.498349760222258	0
1639	0	31.268316906444408	0
1640	31.265016426888923	0	0
1641	31.034983573111077	0	0
1642	0	31.265016426888923	0
1643	0	31.034983573111077	0
1644	31.031683093555593	0	0
1645	30.801650239777743	0	0
1646	0	31.031683093555593	0
1647	0	30.801650239777743	0
1648	15.798349760222257	0	0
1649	0.0016502397777436314	0	0
1650	0	15.798349760222257	0
1651	0	0.0016502397777436314	0
1652	30.798349760222258	0	0
1653	15.801650239777745	0	0
1654	0	30.798349760222258	0
1655	0	15.801650239777745	0
1656	27.945546690819612	1.2589884042815338	0
1657	28.004792293009018	1.1397071025056877	0
1658	28.006454888434611	1.1368648829535979	0
1659	28.081390809050774	1.0267618487831702	0
1660	28.083424934485254	1.024172491865271	0
1661	28.172655259111298	0.92529873650391437	0
1662	28.175023022646538	0.92301047704033479	0
1663	28.276885559164935	0.83720783147410305	0
1664	28.279542853846255	0.8352632954090965	0
1665	28.392140095932987	0.76413010058004838	0
1666	28.395037421388267	0.76256551094130232	0
1667	28.51627189546543	0.70742684367992914	0
1668	28.519355280003385	0.70627134581209616	0
1669	28.646968617203349	0.66815433516311318	0
1670	28.650180623204029	0.66742945380518504	0
1671	28.781795628508466	0.64704414755682849	0
1672	28.785076422377426	0.64676338587697524	0
1673	28.918241357262669	0.64448952371417134	0
1674	28.921529824017632	0.64465811177126719	0
1675	29.053764077704496	0.66053805144379674	0
1676	29.056998959431834	0.66115284876131875	0
1677	29.185839257970958	0.69489077703908242	0
1678	29.188960294944717	0.69594033110624642	0
1679	29.312006587349519	0.74690777422004073	0
1680	29.314955640556111	0.74837253383040803	0
1681	29.429915807211618	0.81562006474912907	0
1682	29.432637941369627	0.81747274420258997	0
1683	29.537370491884037	0.89974766866243705	0
1684	29.539814998784575	0.90195375604617778	0
1685	29.632368963903392	0.99772344787459866	0
1686	29.634490307008086	1.0002418479547379	0
1687	29.713141581479984	1.107722298996185	0
1688	29.71490024418053	1.1105060987442257	0
1689	29.778183703576012	1.2276951515566201	0
1690	29.779546925313817	1.2306924940504076	0
1691	29.826283718521253	1.3554071383100572	0
1692	29.827226105054656	1.358562188730122	0
1693	29.856545614046002	1.4884792265836384	0
1694	29.857049610496947	1.4917332123102394	0
1695	29.86840566829434	1.6244325351548876	0
1696	29.868461886162542	1.6277248405907156	0
1697	29.8616429508957	1.7607345111186603	0
1698	29.861250342948647	1.7640038068427268	0
1699	29.836383438479668	1.8948461065559938	0
1700	29.835549318260572	1.8980314917747045	0
1701	29.793097667969722	2.0242690761927746	0
1702	29.79194014527874	2.0273578638634926	0
1703	22.499641394860088	19.632524408000592	0
1704	22.498275784296645	19.635527002852371	0
1705	22.439030182107238	19.754808304628213	0
1706	22.437367586681646	19.757650524180303	0
1707	22.362431666065483	19.867753558350735	0
1708	22.360397540631002	19.870342915268633	0
1709	22.271167216004958	19.96921667062999	0
1710	22.268799452469718	19.97150493009357	0
1711	22.166936915951322	20.057307575659799	0
1712	22.164279621270001	20.059252111724806	0
1713	22.051682379183269	20.130385306553851	0
1714	22.04878505372799	20.131949896192598	0
1715	21.927550579650827	20.187088563453973	0
1716	21.924467195112872	20.188244061321804	0
1717	21.796853857912907	20.226361071970793	0
1718	21.793641851912227	20.227085953328718	0
1719	21.662026846607791	20.247471259577075	0
1720	21.658746052738831	20.247752021256929	0
1721	21.525581117853587	20.250025883419728	0
1722	21.522292651098624	20.249857295362634	0
1723	21.39005839741176	20.233977355690104	0
1724	21.386823515684423	20.233362558372583	0
1725	21.257983217145298	20.199624630094821	0
1726	21.254862180171539	20.198575076027655	0
1727	21.131815887766738	20.147607632913864	0
1728	21.128866834560146	20.146142873303496	0
1729	21.013906667904639	20.078895342384772	0
1730	21.011184533746629	20.077042662931312	0
1731	20.90645198323222	19.994767738471467	0
1732	20.904007476331682	19.992561651087726	0
1733	20.811453511212864	19.8967919592593	0
1734	20.80933216810817	19.894273559179162	0
1735	20.730680893636272	19.786793108137715	0
1736	20.728922230935726	19.784009308389674	0
1737	20.665638771540245	19.666820255577282	0
1738	20.66427554980244	19.663822913083493	0
1739	20.617538756595003	19.539108268823846	0
1740	20.6165963700616	19.53595321840378	0
1741	20.587276861070254	19.406036180550263	0
1742	20.586772864619309	19.402782194823661	0
1743	20.575416806821917	19.270082871979014	0
1744	20.575360588953714	19.266790566543186	0
1745	20.582179524220557	19.133780896015242	0
1746	20.582572132167609	19.130511600291175	0
1747	20.607439036636588	18.999669300577906	0
1748	20.608273156855685	18.996483915359196	0
1749	20.650724807146535	18.870246330941125	0
1750	20.651882329837516	18.867157543270409	0
1751	27.944181080256168	1.2619909991333131	0
1752	29.791047041946722	2.0252017216867269	0
1753	27.946337222432934	1.2610978958012922	0
1754	20.652775433169534	18.869313685447175	0
1755	22.497485252683322	19.63341751133261	0
1756	18.870246330941125	20.650724807146535	0
1757	18.996483915359196	20.608273156855685	0
1758	18.999669300577906	20.607439036636588	0
1759	19.130511600291175	20.582572132167609	0
1760	19.133780896015242	20.582179524220557	0
1761	19.266790566543186	20.575360588953714	0
1762	19.270082871979014	20.575416806821917	0
1763	19.402782194823661	20.586772864619309	0
1764	19.406036180550263	20.587276861070254	0
1765	19.53595321840378	20.6165963700616	0
1766	19.539108268823846	20.617538756595003	0
1767	19.663822913083493	20.66427554980244	0
1768	19.666820255577282	20.665638771540245	0
1769	19.784009308389674	20.728922230935726	0
1770	19.786793108137715	20.730680893636272	0
1771	19.894273559179162	20.80933216810817	0
1772	19.8967919592593	20.811453511212864	0
1773	19.992561651087726	20.904007476331682	0
1774	19.994767738471467	20.90645198323222	0
1775	20.077042662931312	21.011184533746629	0
1776	20.078895342384772	21.013906667904639	0
1777	20.146142873303496	21.128866834560146	0
1778	20.147607632913864	21.131815887766738	0
1779	20.198575076027655	21.254862180171539	0
1780	20.199624630094821	21.257983217145298	0
1781	20.233362558372583	21.386823515684423	0
1782	20.233977355690104	21.39005839741176	0
1783	20.249857295362634	21.522292651098624	0
1784	20.250025883419728	21.525581117853587	0
1785	20.247752021256929	21.658746052738831	0
1786	20.247471259577075	21.662026846607791	0
1787	20.227085953328718	21.793641851912227	0
1788	20.226361071970793	21.796853857912907	0
1789	20.188244061321804	21.924467195112872	0
1790	20.187088563453973	21.927550579650827	0
1791	20.131949896192598	22.04878505372799	0
1792	20.130385306553851	22.051682379183269	0
1793	20.059252111724806	22.164279621270001	0
1794	20.057307575659799	22.166936915951322	0
1795	19.97150493009357	22.268799452469718	0
1796	19.96921667062999	22.271167216004958	0
1797	19.870342915268633	22.360397540631002	0
1798	19.867753558350735	22.362431666065483	0
1799	19.757650524180303	22.437367586681646	0
1800	19.754808304628213	22.439030182107238	0
1801	19.635527002852371	22.498275784296645	0
1802	19.632524408000592	22.499641394860088	0
1803	2.0273578638634926	29.79194014527874	0
1804	2.0242690761927746	29.793097667969722	0
1805	1.8980314917747048	29.835549318260572	0
1806	1.8948461065559941	29.836383438479668	0
1807	1.7640038068427266	29.861250342948647	0
1808	1.7607345111186601	29.8616429508957	0
1809	1.6277248405907156	29.868461886162542	0
1810	1.6244325351548876	29.86840566829434	0
1811	1.4917332123102396	29.857049610496947	0
1812	1.4884792265836386	29.856545614046002	0
1813	1.358562188730122	29.827226105054656	0
1814	1.3554071383100572	29.826283718521253	0
1815	1.2306924940504076	29.779546925313817	0
1816	1.2276951515566201	29.778183703576012	0
1817	1.1105060987442257	29.71490024418053	0
1818	1.107722298996185	29.713141581479984	0
1819	1.0002418479547379	29.634490307008086	0
1820	0.99772344787459866	29.632368963903392	0
1821	0.90195375604617778	29.539814998784575	0
1822	0.89974766866243705	29.537370491884037	0
1823	0.81747274420258997	29.432637941369627	0
1824	0.81562006474912907	29.429915807211618	0
1825	0.74837253383040803	29.314955640556111	0
1826	0.74690777422004073	29.312006587349519	0
1827	0.69594033110624642	29.188960294944717	0
1828	0.69489077703908242	29.185839257970958	0
1829	0.66115284876131875	29.056998959431834	0
1830	0.66053805144379674	29.053764077704496	0
1831	0.64465811177126719	28.921529824017632	0
1832	0.64448952371417134	28.918241357262669	0
1833	0.64676338587697524	28.785076422377426	0
1834	0.64704414755682849	28.781795628508466	0
1835	0.66742945380518504	28.650180623204029	0
1836	0.66815433516311318	28.646968617203349	0
1837	0.70627134581209616	28.519355280003385	0
1838	0.70742684367992914	28.51627189546543	0
1839	0.76256551094130232	28.395037421388267	0
1840	0.76413010058004838	28.392140095932987	0
1841	0.8352632954090965	28.279542853846255	0
1842	0.83720783147410305	28.276885559164935	0
1843	0.92301047704033479	28.175023022646538	0
1844	0.92529873650391437	28.172655259111298	0
1845	1.024172491865271	28.083424934485254	0
1846	1.0267618487831702	28.081390809050774	0
1847	1.1368648829535979	28.006454888434611	0
1848	1.1397071025056877	28.004792293009018	0
1849	1.2589884042815338	27.945546690819612	0
1850	1.2619909991333131	27.944181080256168	0
1851	18.867157543270409	20.651882329837516	0
1852	19.63341751133261	22.497485252683322	0
1853	18.869313685447175	20.652775433169534	0
1854	1.2610978958012922	27.946337222432934	0
1855	2.0252017216867269	29.791047041946722	0
1856	32.63723864911114	0	0
1857	31.501650239777742	0	0
1858	0	32.63723864911114	0
1859	0	31.501650239777742	0
1860	33.776127538000033	0	0
1861	32.640539128666632	0	0
1862	0	33.776127538000033	0
1863	0	32.640539128666632	0
1864	34.915016426888918	0	0
1865	33.779428017555524	0	0
1866	0	34.915016426888918	0
1867	0	33.779428017555524	0
1868	36.053905315777811	0	0
1869	34.91831690644441	0	0
1870	0	36.053905315777811	0
1871	0	34.91831690644441	0
1872	37.192794204666697	0	0
1873	36.057205795333303	0	0
1874	0	37.192794204666697	0
1875	0	36.057205795333303	0
1876	38.33168309355559	0	0
1877	37.196094684222189	0	0
1878	0	38.33168309355559	0
1879	0	37.196094684222189	0
1880	39.470571982444476	0	0
1881	38.334983573111082	0	0
1882	0	39.470571982444476	0
1883	0	38.334983573111082	0
1884	40.609460871333368	0	0
1885	39.473872461999967	0	0
1886	0	40.609460871333368	0
1887	0	39.473872461999967	0
1888	41.748349760222254	0	0
1889	40.61276135088886	0	0
1890	0	41.748349760222254	0
1891	0	40.61276135088886	0
1892	42.88723864911114	0	0
1893	41.751650239777746	0	0
1894	0	42.88723864911114	0
1895	0	41.751650239777746	0
1896	44.026127538000033	0	0
1897	42.890539128666632	0	0
1898	0	44.026127538000033	0
1899	0	42.890539128666632	0
1900	45.165016426888918	0	0
1901	44.029428017555524	0	0
1902	0	45.165016426888918	0
1903	0	44.029428017555524	0
1904	46.303905315777811	0	0
1905	45.16831690644441	0	0
1906	0	46.303905315777811	0
1907	0	45.16831690644441	0
1908	47.442794204666697	0	0
1909	46.307205795333303	0	0
1910	0	47.442794204666697	0
1911	0	46.307205795333303	0
1912	48.581683093555583	0	0
1913	47.446094684222189	0	0
1914	0	48.581683093555583	0
1915	0	47.446094684222189	0
1916	49.720571982444476	0	0
1917	48.584983573111074	0	0
1918	0	49.720571982444476	0
1919	0	48.584983573111074	0
1920	50.859460871333368	0	0
1921	49.723872461999967	0	0
1922	0	50.859460871333368	0
1923	0	49.723872461999967	0
1924	51.998349760222254	0	0
1925	50.86276135088886	0	0
1926	0	51.998349760222254	0
1927	0	50.86276135088886	0
1928	31.490855411011839	0.82461706993936201	0
1929	32.626054682559314	0.85434330902950228	0
1930	32.629354031122887	0.85442970551221742	0
1931	33.764553302670372	0.88415594460235791	0
1932	47.381071460426263	2.4831367352920224	0
1933	48.515103585311557	2.5425688405928892	0
1934	33.490440328151941	4.4091001145028477	0
1935	34.616313621221195	4.5573241455023616	0
1936	34.619585864716555	4.55775494453124	0
1937	35.745459157785817	4.7059789755307539	0
1938	35.748731401281177	4.7064097745596323	0
1939	36.874604694350431	4.8546338055591454	0
1940	45.911041230362734	6.0443032448151612	0
1941	47.036914523431989	6.1925272758146743	0
1942	36.738149035279037	5.8187511735120729	0
1943	37.85975646689262	5.9963963388320307	0
1944	37.863016312067941	5.9969126475856696	0
1945	38.984623743681524	6.1745578129056264	0
1946	38.987883588856846	6.1750741216592653	0
1947	40.109491020470436	6.3527192869792239	0
1948	40.112750865645758	6.3532355957328628	0
1949	41.234358297259341	6.5308807610528197	0
1950	41.237618142434663	6.5313970698064585	0
1951	42.359225574048246	6.7090422351264154	0
1952	42.362485419223567	6.7095585438800542	0
1953	43.484092850837158	6.887203709200012	0
1954	43.487352696012479	6.8877200179536509	0
1955	44.608960127626062	7.0653651832736077	0
1956	44.612219972801384	7.0658814920272466	0
1957	45.733827404414967	7.2435266573472044	0
1958	30.428257537326544	8.1532270342128701	0
1959	31.525151709936196	8.4471389419460294	0
1960	31.528339728377979	8.4479931689129621	0
1961	32.625233900987638	8.7419050766461233	0
1962	32.628421919429428	8.742759303613056	0
1963	33.725316092039073	9.0366712113462153	0
1964	33.728504110480863	9.037525438313148	0
1965	34.825398283090514	9.3314373460463091	0
1966	34.828586301532305	9.3322915730132419	0
1967	35.925480474141949	9.6262034807464012	0
1968	35.928668492583739	9.6270577077133339	0
1969	37.025562665193391	9.9209696154464968	0
1970	37.028750683635181	9.9218238424134295	0
1971	38.125644856244826	10.215735750146589	0
1972	38.128832874686616	10.216589977113522	0
1973	39.225727047296274	10.510501884846683	0
1974	39.228915065738065	10.511356111813615	0
1975	40.325809238347709	10.805268019546775	0
1976	40.328997256789499	10.806122246513707	0
1977	41.425891429399144	11.100034154246867	0
1978	41.429079447840934	11.1008883812138	0
1979	42.525973620450586	11.394800288946961	0
1980	42.529161638892376	11.395654515913893	0
1981	43.62605581150202	11.689566423647053	0
1982	43.62924382994381	11.690420650613985	0
1983	44.726138002553462	11.984332558347147	0
1984	44.729326020995252	11.985186785314079	0
1985	45.826220193604897	12.279098693047239	0
1986	45.829408212046687	12.279952920014171	0
1987	46.926302384656339	12.573864827747332	0
1988	46.929490403098129	12.574719054714265	0
1989	48.02638457570778	12.868630962447426	0
1990	48.02957259414957	12.869485189414359	0
1991	49.126466766759222	13.16339709714752	0
1992	49.129654785201012	13.164251324114453	0
1993	50.226548957810657	13.458163231847612	0
1994	34.725545939326445	13.329888183077548	0
1995	35.785709050837205	13.736846672857769	0
1996	35.788790313948262	13.738029458948585	0
1997	36.848953425459015	14.144987948728806	0
1998	36.852034688570072	14.146170734819622	0
1999	37.912197800080833	14.553129224599843	0
2000	37.915279063191889	14.554312010690658	0
2001	38.975442174702643	14.961270500470878	0
2002	38.978523437813699	14.962453286561693	0
2003	40.038686549324453	15.369411776341913	0
2004	40.041767812435509	15.370594562432728	0
2005	41.10193092394627	15.777553052212951	0
2006	41.105012187057326	15.778735838303767	0
2007	42.16517529856808	16.185694328083986	0
2008	42.168256561679136	16.186877114174802	0
2009	43.228419673189897	16.593835603955025	0
2010	31.208122165357857	12.926827457087628	0
2011	32.257269054098032	13.361398327325345	0
2012	32.260318299606823	13.362661366170089	0
2013	33.309465188346998	13.79723223640781	0
2014	33.312514433855789	13.798495275252554	0
2015	34.361661322595964	14.233066145490273	0
2016	42.782279642096483	17.721000456994727	0
2017	43.831426530836652	18.15557132723244	0
2018	42.274779910901003	21.540076236379885	0
2019	43.286596592409758	22.055622585831593	0
2020	27.684189307808587	15.031288374544145	0
2021	28.682163834871357	15.573144332106851	0
2022	28.68506435278471	15.574719184839809	0
2023	29.683038879847487	16.116575142402517	0
2024	27.281229368779677	15.750825119888871	0
2025	28.264677779505561	16.31861932455557	0
2026	28.267536078645286	16.320269564333316	0
2027	29.250984489371177	16.888063769000016	0
2028	29.253842788510902	16.889714008777762	0
2029	30.237291199236783	17.457508213444459	0
2030	30.240149498376507	17.459158453222205	0
2031	31.223597909102399	18.026952657888906	0
2032	31.226456208242123	18.028602897666651	0
2033	32.209904618968011	18.596397102333349	0
2034	32.212762918107728	18.598047342111094	0
2035	33.19621132883362	19.165841546777795	0
2036	33.199069627973337	19.167491786555541	0
2037	34.182518038699229	19.735285991222238	0
2038	34.185376337838946	19.736936230999984	0
2039	35.168824748564845	20.304730435666684	0
2040	35.171683047704562	20.30638067544443	0
2041	36.155131458430454	20.874174880111127	0
2042	36.157989757570171	20.875825119888873	0
2043	37.141438168296062	21.44361932455557	0
2044	37.14429646743578	21.445269564333316	0
2045	38.127744878161671	22.013063769000016	0
2046	38.130603177301388	22.014714008777762	0
2047	39.11405158802728	22.582508213444459	0
2048	39.116909887166997	22.584158453222205	0
2049	40.100358297892896	23.151952657888906	0
2050	40.103216597032613	23.153602897666651	0
2051	41.086665007758505	23.721397102333349	0
2052	41.089523306898222	23.723047342111094	0
2053	42.072971717624114	24.290841546777791	0
2054	42.075830016763831	24.292491786555537	0
2055	43.05927842748973	24.860285991222238	0
2056	43.062136726629447	24.861936230999984	0
2057	44.045585137355339	25.429730435666684	0
2058	44.048443436495056	25.43138067544443	0
2059	45.031891847220948	25.999174880111127	0
2060	26.859572237869227	16.459567036467696	0
2061	27.827820525841858	17.052910350452464	0
2062	27.830634647272497	17.054634846283079	0
2063	28.798882935245132	17.647978160267851	0
2064	39.791643175608989	25.840995224046377	0
2065	40.744027751816866	26.459480999479972	0
2066	26.799022050855008	20.563612871064315	0
2067	27.699944908595672	21.254915293895856	0
2068	27.702563355075579	21.256924498546468	0
2069	28.60348621281625	21.948226921378012	0
2070	28.606104659296157	21.950236126028624	0
2071	29.507027517036821	22.641538548860165	0
2072	36.737976397281322	28.190040773368011	0
2073	37.638899255021975	28.881343196199552	0
2074	28.906794765814375	23.408260852201487	0
2075	29.789312712005177	24.122909794034843	0
2076	29.791877666362595	24.124986853119356	0
2077	30.674395612553393	24.839635794952713	0
2078	30.676960566910811	24.841712854037226	0
2079	31.559478513101613	25.556361795870586	0
2080	31.562043467459031	25.558438854955099	0
2081	32.444561413649822	26.273087796788456	0
2082	32.447126368007247	26.275164855872969	0
2083	33.329644314198035	26.989813797706322	0
2084	33.332209268555459	26.991890856790835	0
2085	34.214727214746254	27.706539798624195	0
2086	34.217292169103679	27.708616857708709	0
2087	35.099810115294474	28.423265799542065	0
2088	35.102375069651899	28.425342858626578	0
2089	35.984893015842694	29.139991800459939	0
2090	22.275030503113676	22.275030503113676	0
2091	23.078012767990167	23.078012767990167	0
2092	23.080346559465021	23.080346559465021	0
2093	23.883328824341515	23.883328824341515	0
2094	23.885662615816369	23.885662615816369	0
2095	24.688644880692859	24.688644880692859	0
2096	24.690978672167713	24.690978672167713	0
2097	25.493960937044207	25.493960937044207	0
2098	25.496294728519061	25.496294728519061	0
2099	26.299276993395551	26.299276993395551	0
2100	26.301610784870405	26.301610784870405	0
2101	27.104593049746899	27.104593049746899	0
2102	27.106926841221753	27.106926841221753	0
2103	27.90990910609824	27.90990910609824	0
2104	27.912242897573094	27.912242897573094	0
2105	28.715225162449592	28.715225162449592	0
2106	28.717558953924446	28.717558953924446	0
2107	29.520541218800933	29.520541218800933	0
2108	29.522875010275786	29.522875010275786	0
2109	30.325857275152277	30.325857275152277	0
2110	30.328191066627131	30.328191066627131	0
2111	31.131173331503625	31.131173331503625	0
2112	31.133507122978479	31.133507122978479	0
2113	31.936489387854969	31.936489387854969	0
2114	31.938823179329823	31.938823179329823	0
2115	32.741805444206321	32.741805444206321	0
2116	32.744139235681175	32.744139235681175	0
2117	33.547121500557665	33.547121500557665	0
2118	33.549455292032519	33.549455292032519	0
2119	34.352437556909003	34.352437556909003	0
2120	34.354771348383856	34.354771348383856	0
2121	35.157753613260354	35.157753613260354	0
2122	35.160087404735208	35.160087404735208	0
2123	35.963069669611706	35.963069669611706	0
2124	35.965403461086559	35.965403461086559	0
2125	36.76838572596305	36.76838572596305	0
2126	23.408260852201487	28.906794765814375	0
2127	24.122909794034843	29.789312712005177	0
2128	24.124986853119356	29.791877666362595	0
2129	24.839635794952713	30.674395612553393	0
2130	24.841712854037226	30.676960566910811	0
2131	25.556361795870586	31.559478513101613	0
2132	25.558438854955099	31.562043467459031	0
2133	26.273087796788456	32.444561413649822	0
2134	26.275164855872969	32.447126368007247	0
2135	26.989813797706322	33.329644314198035	0
2136	26.991890856790835	33.332209268555459	0
2137	27.706539798624195	34.214727214746254	0
2138	27.708616857708709	34.217292169103679	0
2139	28.423265799542065	35.099810115294474	0
2140	28.425342858626578	35.102375069651899	0
2141	29.139991800459939	35.984893015842694	0
2142	20.563612871064315	26.799022050855008	0
2143	21.254915293895856	27.699944908595672	0
2144	21.256924498546468	27.702563355075579	0
2145	21.948226921378012	28.60348621281625	0
2146	21.950236126028624	28.606104659296157	0
2147	22.641538548860165	29.507027517036821	0
2148	28.190040773368011	36.737976397281322	0
2149	28.881343196199552	37.638899255021975	0
2150	25.840995224046377	39.791643175608989	0
2151	26.459480999479972	40.744027751816866	0
2152	16.459567036467696	26.859572237869227	0
2153	17.052910350452464	27.827820525841858	0
2154	17.054634846283079	27.830634647272497	0
2155	17.647978160267851	28.798882935245132	0
2156	15.750825119888871	27.281229368779677	0
2157	16.31861932455557	28.264677779505561	0
2158	16.320269564333316	28.267536078645286	0
2159	16.888063769000016	29.250984489371177	0
2160	16.889714008777762	29.253842788510902	0
2161	17.457508213444459	30.237291199236783	0
2162	17.459158453222205	30.240149498376507	0
2163	18.026952657888906	31.223597909102399	0
2164	18.028602897666651	31.226456208242123	0
2165	18.596397102333349	32.209904618968011	0
2166	18.598047342111094	32.212762918107728	0
2167	19.165841546777795	33.19621132883362	0
2168	19.167491786555541	33.199069627973337	0
2169	19.735285991222238	34.182518038699229	0
2170	19.736936230999984	34.185376337838946	0
2171	20.304730435666684	35.168824748564845	0
2172	20.30638067544443	35.171683047704562	0
2173	20.874174880111127	36.155131458430454	0
2174	20.875825119888873	36.157989757570171	0
2175	21.44361932455557	37.141438168296062	0
2176	21.445269564333316	37.14429646743578	0
2177	22.013063769000016	38.127744878161671	0
2178	22.014714008777762	38.130603177301388	0
2179	22.582508213444459	39.11405158802728	0
2180	22.584158453222205	39.116909887166997	0
2181	23.151952657888906	40.100358297892896	0
2182	23.153602897666651	40.103216597032613	0
2183	23.721397102333349	41.086665007758505	0
2184	23.723047342111094	41.089523306898222	0
2185	24.290841546777791	42.072971717624114	0
2186	24.292491786555537	42.075830016763831	0
2187	24.860285991222238	43.05927842748973	0
2188	24.861936230999984	43.062136726629447	0
2189	25.429730435666684	44.045585137355339	0
2190	25.43138067544443	44.048443436495056	0
2191	25.999174880111127	45.031891847220948	0
2192	15.031288374544145	27.684189307808587	0
2193	15.573144332106851	28.682163834871357	0
2194	15.574719184839809	28.68506435278471	0
2195	16.116575142402517	29.683038879847487	0
2196	21.540076236379885	42.274779910901003	0
2197	22.055622585831593	43.286596592409758	0
2198	12.926827457087628	31.208122165357857	0
2199	13.361398327325345	32.257269054098032	0
2200	13.362661366170089	32.260318299606823	0
2201	13.79723223640781	33.309465188346998	0
2202	13.798495275252554	33.312514433855789	0
2203	14.233066145490273	34.361661322595964	0
2204	17.721000456994727	42.782279642096483	0
2205	18.15557132723244	43.831426530836652	0
2206	13.329888183077548	34.725545939326445	0
2207	13.736846672857769	35.785709050837205	0
2208	13.738029458948585	35.788790313948262	0
2209	14.144987948728806	36.848953425459015	0
2210	14.146170734819622	36.852034688570072	0
2211	14.553129224599843	37.912197800080833	0
2212	14.554312010690658	37.915279063191889	0
2213	14.961270500470878	38.975442174702643	0
2214	14.962453286561693	38.978523437813699	0
2215	15.369411776341913	40.038686549324453	0
2216	15.370594562432728	40.041767812435509	0
2217	15.777553052212951	41.10193092394627	0
2218	15.778735838303767	41.105012187057326	0
2219	16.185694328083986	42.16517529856808	0
2220	16.186877114174802	42.168256561679136	0
2221	16.593835603955025	43.228419673189897	0
2222	8.1532270342128701	30.428257537326544	0
2223	8.4471389419460294	31.525151709936196	0
2224	8.4479931689129621	31.528339728377979	0
2225	8.7419050766461233	32.625233900987638	0
2226	8.742759303613056	32.628421919429428	0
2227	9.0366712113462153	33.725316092039073	0
2228	9.037525438313148	33.728504110480863	0
2229	9.3314373460463091	34.825398283090514	0
2230	9.3322915730132419	34.828586301532305	0
2231	9.6262034807464012	35.925480474141949	0
2232	9.6270577077133339	35.928668492583739	0
2233	9.9209696154464968	37.025562665193391	0
2234	9.9218238424134295	37.028750683635181	0
2235	10.215735750146589	38.125644856244826	0
2236	10.216589977113522	38.128832874686616	0
2237	10.510501884846683	39.225727047296274	0
2238	10.511356111813615	39.228915065738065	0
2239	10.805268019546775	40.325809238347709	0
2240	10.806122246513707	40.328997256789499	0
2241	11.100034154246867	41.425891429399144	0
2242	11.1008883812138	41.429079447840934	0
2243	11.394800288946961	42.525973620450586	0
2244	11.395654515913893	42.529161638892376	0
2245	11.689566423647053	43.62605581150202	0
2246	11.690420650613985	43.62924382994381	0
2247	11.984332558347147	44.726138002553462	0
2248	11.985186785314079	44.729326020995252	0
2249	12.279098693047239	45.826220193604897	0
2250	12.279952920014171	45.829408212046687	0
2251	12.573864827747332	46.926302384656339	0
2252	12.574719054714265	46.929490403098129	0
2253	12.868630962447426	48.02638457570778	0
2254	12.869485189414359	48.02957259414957	0
2255	13.16339709714752	49.126466766759222	0
2256	13.164251324114453	49.129654785201012	0
2257	13.458163231847612	50.226548957810657	0
2258	5.8187511735120729	36.738149035279037	0
2259	5.9963963388320307	37.85975646689262	0
2260	5.9969126475856696	37.863016312067941	0
2261	6.1745578129056264	38.984623743681524	0
2262	6.1750741216592653	38.987883588856846	0
2263	6.3527192869792239	40.109491020470436	0
2264	6.3532355957328628	40.112750865645758	0
2265	6.5308807610528197	41.234358297259341	0
2266	6.5313970698064585	41.237618142434663	0
2267	6.7090422351264154	42.359225574048246	0
2268	6.7095585438800542	42.362485419223567	0
2269	6.887203709200012	43.484092850837158	0
2270	6.8877200179536509	43.487352696012479	0
2271	7.0653651832736077	44.608960127626062	0
2272	7.0658814920272466	44.612219972801384	0
2273	7.2435266573472044	45.733827404414967	0
2274	4.4091001145028477	33.490440328151941	0
2275	4.5573241455023616	34.616313621221195	0
2276	4.55775494453124	34.619585864716555	0
2277	4.7059789755307539	35.745459157785817	0
2278	4.7064097745596323	35.748731401281177	0
2279	4.8546338055591454	36.874604694350431	0
2280	6.0443032448151612	45.911041230362734	0
2281	6.1925272758146743	47.036914523431989	0
2282	2.4831367352920224	47.381071460426263	0
2283	2.5425688405928892	48.515103585311557	0
2284	0.82461706993936201	31.490855411011839	0
2285	0.85434330902950228	32.626054682559314	0
2286	0.85442970551221742	32.629354031122887	0
2287	0.88415594460235791	33.764553302670372	0
2288	35.128752208115245	1.1039655126631887	0
2289	35.808449506730426	1.1253258607984165	0
2290	35.810034144104826	1.1270266635851773	0
2291	35.788069252719325	1.6860704804222386	0
2292	35.786356056804443	1.6876417109861701	0
2293	35.107078124524264	1.6556077768787467	0
2294	35.105494504828648	1.6538810724373163	0
2295	35.127037994521579	1.1055626448817897	0
2296	35.087816013935026	2.0231507419260701	0
2297	35.766721248532818	2.0622961714543298	0
2298	35.768260821064935	2.0640378723890902	0
2299	35.731669395403948	2.6223151450461657	0
2300	35.729915656537266	2.6238409909477203	0
2301	35.051709046476361	2.5740366107494728	0
2302	35.050171169300569	2.5722690436756177	0
2303	35.086060579712019	2.0247024539667193	0
2304	35.022832383334375	2.9409494047290701	0
2305	35.700480266179056	2.9978530873283202	0
2306	35.701973718722783	2.9996344927362597	0
2307	35.650780836721673	3.556762605857243	0
2308	35.648987756828213	3.5582420213578572	0
2309	34.972317277919934	3.4907013285031896	0
2310	34.970826197248165	3.48889411019909	0
2311	35.021036931568958	2.9424546331258443	0
2312	36.267079124087324	1.1397388771688348	0
2313	36.946776422702513	1.1610992253040626	0
2314	36.948361060076913	1.1628000280908235	0
2315	36.925693832537128	1.739719493730443	0
2316	36.923980636622247	1.7412907242943745	0
2317	36.24470270434206	1.7092567901869506	0
2318	36.243119084646445	1.7075300857455202	0
2319	36.265364910493659	1.1413360093874358	0
2320	36.224816416189888	2.0887097726300214	0
2321	36.903721650787688	2.1278552021582815	0
2322	36.905261223319805	2.1295969030930419	0
2323	36.867499772242915	2.7057253139970801	0
2324	36.865746033376233	2.7072511598986346	0
2325	36.187539423315322	2.6574467797003867	0
2326	36.186001546139529	2.6556792126265316	0
2327	36.223060981966881	2.0902614846706706	0
2328	36.157727028590756	3.0362491707464292	0
2329	36.835374911435444	3.0931528533456798	0
2330	36.836868363979171	3.0949342587536193	0
2331	36.784038569177511	3.6698767652874986	0
2332	36.782245489284051	3.6713561807881128	0
2333	36.105575010375773	3.6038154879334448	0
2334	36.104083929704004	3.6020082696293452	0
2335	36.155931576825338	3.0377543991432034	0
2336	37.405406040059411	1.175512241674481	0
2337	38.085103338674593	1.1968725898097086	0
2338	38.086687976048992	1.1985733925964694	0
2339	38.063318412354924	1.7933685070386469	0
2340	38.061605216440043	1.7949397376025784	0
2341	37.382327284159864	1.762905803495155	0
2342	37.380743664464248	1.7611790990537246	0
2343	37.403691826465746	1.177109373893082	0
2344	37.361816818444758	2.1542688033339732	0
2345	38.04072205304255	2.1934142328622328	0
2346	38.042261625574668	2.1951559337969933	0
2347	38.003330149081876	2.7891354829479935	0
2348	38.001576410215193	2.7906613288495481	0
2349	37.323369800154296	2.7408569486513006	0
2350	37.321831922978504	2.7390893815774455	0
2351	37.360061384221751	2.1558205153746224	0
2352	37.292621673847137	3.1315489367637888	0
2353	37.970269556691818	3.1884526193630389	0
2354	37.971763009235545	3.1902340247709784	0
2355	37.91729630163335	3.7829909247177538	0
2356	37.91550322173989	3.7844703402183679	0
2357	37.238832742831619	3.7169296473637004	0
2358	37.237341662159849	3.7151224290596008	0
2359	37.290826222081719	3.133054165160563	0
2360	38.562232742097713	0.20191322367291878	0
2361	39.242256274153462	0.20547385109947666	0
2362	39.24388489033884	0.20713259009296447	0
2363	39.235859090228558	0.82022353524693259	0
2364	39.23418761140438	0.82183907363029718	0
2365	38.554303900069016	0.80759754007200413	0
2366	38.552675623187412	0.80591288165997199	0
2367	38.56056092396976	0.20355468147482775	0
2368	38.543732956031491	1.2112856061801269	0
2369	39.223430254646679	1.232645954315355	0
2370	39.225014892021079	1.2343467571021158	0
2371	39.200942992172727	1.8470175203468513	0
2372	39.199229796257846	1.8485887509107828	0
2373	38.51995186397766	1.8165548168033592	0
2374	38.518368244282044	1.8148281123619288	0
2375	38.542018742437826	1.212882738398728	0
2376	38.498817220699621	2.2198278340379249	0
2377	39.17772245529742	2.258973263566185	0
2378	39.179262027829537	2.2607149645009454	0
2379	39.13916052592085	2.8725456518989079	0
2380	39.137406787054168	2.8740714978004624	0
2381	38.459200176993257	2.8242671176022145	0
2382	38.457662299817464	2.8224995505283594	0
2383	38.497061786476614	2.2213795460785741	0
2384	38.427516319103518	3.2268487027811479	0
2385	39.105164201948199	3.2837523853803985	0
2386	39.106657654491926	3.285533790788338	0
2387	39.050554034089195	3.8961050841480098	0
2388	39.048760954195735	3.897584499648624	0
2389	38.372090475287457	3.830043806793956	0
2390	38.370599394615688	3.8282365884898564	0
2391	38.4257208673381	3.2283539311779221	0
2392	38.329879117319564	4.2316580506081749	0
2393	39.005805222401506	4.3062809873367645	0
2394	39.007251531419065	4.3081008763315998	0
2395	38.935184243141279	4.9169943205872286	0
2396	38.933353051108426	4.9184262917694168	0
2397	38.258682459498587	4.8331955752754778	0
2398	38.257239197243052	4.831349944318287	0
2399	38.328044878524686	4.2331157637527186	0
2400	39.701106019379509	0.20787640470314664	0
2401	40.381129551435251	0.21143703212970449	0
2402	40.382758167620629	0.21309577112319231	0
2403	40.374498201963796	0.84407462455853355	0
2404	40.372826723139617	0.84569016294189814	0
2405	39.69294301180426	0.8314486293836052	0
2406	39.691314734922656	0.82976397097157306	0
2407	39.699434201251556	0.20951786250505561	0
2408	39.682059872003578	1.2470589706857733	0
2409	40.361757170618759	1.2684193188210009	0
2410	40.363341807993159	1.2701201216077618	0
2411	40.338567571990524	1.9006665336550552	0
2412	40.336854376075642	1.9022377642189867	0
2413	39.657576443795463	1.8702038301115633	0
2414	39.655992824099847	1.8684771256701329	0
2415	39.680345658409912	1.2486561029043743	0
2416	39.635817622954491	2.2853868647418767	0
2417	40.314722857552283	2.3245322942701363	0
2418	40.3162624300844	2.3262739952048967	0
2419	40.274990902759811	2.9559558208498213	0
2420	40.273237163893128	2.9574816667513759	0
2421	39.595030553832224	2.9076772865531284	0
2422	39.593492676656432	2.9059097194792733	0
2423	39.634062188731484	2.2869385767825259	0
2424	39.562410964359898	3.3221484687985074	0
2425	40.24005884720458	3.3790521513977576	0
2426	40.241552299748307	3.3808335568056971	0
2427	40.183811766545034	4.0092192435782659	0
2428	40.182018686651574	4.01069865907888	0
2429	39.505348207743303	3.9431579662242116	0
2430	39.503857127071534	3.941350747920112	0
2431	39.560615512594481	3.3236536971952817	0
2432	39.461890205476855	4.3566332382396435	0
2433	40.13781631055879	4.4312561749682322	0
2434	40.13926261957635	4.4330760639630675	0
2435	40.065092652971657	5.0597349477021307	0
2436	40.063261460938804	5.0611669188843189	0
2437	39.388590869328965	4.9759362023903808	0
2438	39.38714760707343	4.97409057143319	0
2439	39.460055966681978	4.3580909513841872	0
2440	40.839979296661298	0.21383958573337447	0
2441	41.520002828717047	0.21740021315993235	0
2442	41.521631444902425	0.21905895215342017	0
2443	41.51313731369904	0.86792571387013462	0
2444	41.511465834874862	0.86954125225349921	0
2445	40.831582123539498	0.85529971869520605	0
2446	40.829953846657894	0.85361506028317391	0
2447	40.838307478533345	0.21548104353528344	0
2448	40.820386787975657	1.2828323351914193	0
2449	41.500084086590846	1.3041926833266471	0
2450	41.501668723965246	1.3058934861134079	0
2451	41.476192151808327	1.9543155469632596	0
2452	41.474478955893446	1.9558867775271911	0
2453	40.795201023613259	1.9238528434197675	0
2454	40.793617403917644	1.9221261389783371	0
2455	40.818672574381992	1.2844294674100203	0
2456	40.772818025209354	2.350945895445828	0
2457	41.451723259807153	2.390091324974088	0
2458	41.45326283233927	2.3918330259088485	0
2459	41.410821279598778	3.0393659898007357	0
2460	41.409067540732096	3.0408918357022903	0
2461	40.730860930671192	2.9910874555040423	0
2462	40.729323053495399	2.9893198884301873	0
2463	40.771062590986347	2.3524976074864772	0
2464	40.697305609616272	3.4174482348158666	0
2465	41.374953492460961	3.4743519174151172	0
2466	41.376446945004687	3.4761333228230566	0
2467	41.31706949900088	4.1223334030085219	0
2468	41.31527641910742	4.1238128185091361	0
2469	40.638605940199142	4.0562721256544663	0
2470	40.637114859527372	4.0544649073503676	0
2471	40.695510157850855	3.4189534632126408	0
2472	40.59390129363414	4.4816084258711113	0
2473	41.269827398716082	4.5562313625997009	0
2474	41.271273707733641	4.5580512515945362	0
2475	41.195001062802035	5.2024755748170337	0
2476	41.193169870769182	5.2039075459992219	0
2477	40.518499279159343	5.118676829505282	0
2478	40.517056016903808	5.1168311985480912	0
2479	40.592067054839262	4.483066139015655	0
2480	41.978852573943087	0.2198027667636023	0
2481	42.658876105998836	0.22336339419016021	0
2482	42.660504722184214	0.22502213318364803	0
2483	42.651776425434278	0.89177680318173558	0
2484	42.650104946610099	0.89339234156510017	0
2485	41.970221235274735	0.87915080800680701	0
2486	41.968592958393131	0.87746614959477487	0
2487	41.977180755815134	0.22144422456551127	0
2488	41.958713703947737	1.3186056996970652	0
2489	42.638411002562925	1.3399660478322932	0
2490	42.639995639937325	1.3416668506190541	0
2491	42.613816731626123	2.0079645602714637	0
2492	42.612103535711242	2.0095357908353955	0
2493	41.932825603431056	1.9775018567279714	0
2494	41.93124198373544	1.975775152286541	0
2495	41.956999490354072	1.3202028319156662	0
2496	41.909818427464216	2.4165049261497797	0
2497	42.588723662062016	2.4556503556780394	0
2498	42.590263234594133	2.4573920566127998	0
2499	42.546651656437746	3.1227761587516492	0
2500	42.544897917571063	3.1243020046532037	0
2501	41.866691307510152	3.0744976244549558	0
2502	41.86515343033436	3.0727300573811007	0
2503	41.908062993241209	2.4180566381904289	0
2504	41.832200254872653	3.5127480008332257	0
2505	42.509848137717341	3.5696516834324763	0
2506	42.511341590261068	3.5714330888404158	0
2507	42.450327231456718	4.2354475624387771	0
2508	42.448534151563258	4.2369269779393912	0
2509	41.77186367265498	4.1693862850847214	0
2510	41.770372591983211	4.1675790667806227	0
2511	41.830404803107236	3.5142532292299999	0
2512	41.725912381791424	4.6065836135025791	0
2513	42.401838486873366	4.6812065502311686	0
2514	42.403284795890926	4.6830264392260039	0
2515	42.324909472632413	5.3452162019319349	0
2516	42.32307828059956	5.3466481731141231	0
2517	41.648407688989714	5.2614174566201841	0
2518	41.646964426734179	5.2595718256629933	0
2519	41.724078142996547	4.6080413266471227	0
2520	43.117725851224883	0.22576594779383019	0
2521	43.797749383280625	0.22932657522038805	0
2522	43.799377999466003	0.23098531421387586	0
2523	43.790415537169515	0.91562789249333643	0
2524	43.788744058345337	0.91724343087670102	0
2525	43.10886034700998	0.90300189731840808	0
2526	43.107232070128376	0.90131723890637594	0
2527	43.11605403309693	0.22740740559573916	0
2528	43.097040619919824	1.3543790642027114	0
2529	43.776737918535012	1.3757394123379392	0
2530	43.778322555909412	1.3774402151247001	0
2531	43.751441311443919	2.0616135735796677	0
2532	43.749728115529038	2.0631848041435994	0
2533	43.070450183248859	2.0311508700361753	0
2534	43.068866563553243	2.0294241655947451	0
2535	43.095326406326159	1.3559761964213124	0
2536	43.046818829719086	2.4820639568537315	0
2537	43.725724064316879	2.5212093863819911	0
2538	43.727263636848996	2.5229510873167516	0
2539	43.682482033276706	3.2061863277025631	0
2540	43.680728294410024	3.2077121736041176	0
2541	43.002521684349119	3.1579077934058697	0
2542	43.000983807173327	3.1561402263320146	0
2543	43.045063395496079	2.4836156688943807	0
2544	42.967094900129034	3.6080477668505853	0
2545	43.644742782973715	3.6649514494498354	0
2546	43.646236235517442	3.6667328548577749	0
2547	43.583584963912557	4.3485617218690322	0
2548	43.581791884019097	4.3500411373696464	0
2549	42.905121405110826	4.2825004445149775	0
2550	42.903630324439057	4.2806932262108788	0
2551	42.965299448363616	3.6095529952473595	0
2552	42.857923469948716	4.7315588011340477	0
2553	43.533849575030651	4.8061817378626364	0
2554	43.53529588404821	4.8080016268574717	0
2555	43.454817882462784	5.487956829046837	0
2556	43.452986690429931	5.4893888002290252	0
2557	42.778316098820099	5.4041580837350862	0
2558	42.776872836564564	5.4023124527778954	0
2559	42.856089231153838	4.7330165142785914	0
2560	44.256599128506672	0.23172912882405802	0
2561	44.936622660562421	0.23528975625061591	0
2562	44.938251276747799	0.23694849524410372	0
2563	44.92905464890476	0.9394789818049375	0
2564	44.927383170080581	0.94109452018830209	0
2565	44.247499458745217	0.92685298663000903	0
2566	44.245871181863613	0.9251683282179769	0
2567	44.254927310378719	0.23337058662596699	0
2568	44.235367535891911	1.3901524287083575	0
2569	44.915064834507099	1.4115127768435853	0
2570	44.916649471881499	1.4132135796303462	0
2571	44.889065891261723	2.1152625868878721	0
2572	44.887352695346841	2.1168338174518038	0
2573	44.208074763066655	2.0847998833443797	0
2574	44.206491143371039	2.0830731789029495	0
2575	44.233653322298245	1.3917495609269586	0
2576	44.183819231973949	2.5476229875576828	0
2577	44.862724466571748	2.5867684170859429	0
2578	44.864264039103865	2.5885101180207033	0
2579	44.818312410115674	3.289596496653477	0
2580	44.816558671248991	3.2911223425550316	0
2581	44.138352061188087	3.2413179623567836	0
2582	44.136814184012295	3.2395503952829285	0
2583	44.182063797750942	2.549174699598332	0
2584	44.101989545385415	3.7033475328679444	0
2585	44.779637428230103	3.760251215467195	0
2586	44.78113088077383	3.7620326208751345	0
2587	44.716842696368403	4.4616758812992883	0
2588	44.715049616474943	4.4631552967999024	0
2589	44.038379137566665	4.3956146039452326	0
2590	44.036888056894895	4.3938073856411339	0
2591	44.100194093619997	3.7048527612647186	0
2592	43.989934558106	4.8565339887655155	0
2593	44.665860663187942	4.931156925494105	0
2594	44.667306972205502	4.9329768144889403	0
2595	44.584726292293169	5.6306974561617391	0
2596	44.582895100260316	5.6321294273439273	0
2597	43.90822450865047	5.5468987108499883	0
2598	43.906781246394935	5.5450530798927975	0
2599	43.988100319311123	4.8579917019100591	0
2600	45.395472405788468	0.23769230985428588	0
2601	46.075495937844209	0.24125293728084374	0
2602	46.077124554029588	0.24291167627433155	0
2603	46.067693760639997	0.96333007111653846	0
2604	46.066022281815819	0.96494560949990305	0
2605	45.386138570480462	0.95070407594161011	0
2606	45.384510293598858	0.94901941752957797	0
2607	45.393800587660515	0.23933376765619485	0
2608	45.373694451863997	1.4259257932140037	0
2609	46.053391750479179	1.4472861413492315	0
2610	46.054976387853579	1.4489869441359924	0
2611	46.026690471079519	2.168911600196076	0
2612	46.024977275164638	2.1704828307600077	0
2613	45.345699342884458	2.1384488966525836	0
2614	45.344115723188843	2.1367221922111534	0
2615	45.371980238270332	1.4275229254326047	0
2616	45.320819634228819	2.6131820182616345	0
2617	45.999724868826604	2.6523274477898942	0
2618	46.001264441358721	2.6540691487246546	0
2619	45.954142786954641	3.3730066656043909	0
2620	45.952389048087959	3.3745325115059455	0
2621	45.274182438027054	3.3247281313076975	0
2622	45.272644560851262	3.3229605642338425	0
2623	45.319064200005812	2.6147337303022837	0
2624	45.236884190641796	3.7986472988853039	0
2625	45.914532073486477	3.8555509814845541	0
2626	45.916025526030204	3.8573323868924936	0
2627	45.850100428824241	4.5747900407295434	0
2628	45.848307348930781	4.5762694562301576	0
2629	45.17163687002251	4.5087287633754887	0
2630	45.170145789350741	4.50692154507139	0
2631	45.235088738876378	3.8001525272820782	0
2632	45.121945646263292	4.9815091763969841	0
2633	45.797871751345227	5.0561321131255736	0
2634	45.799318060362786	5.057952002120409	0
2635	45.71463470212354	5.7734380832766412	0
2636	45.712803510090687	5.7748700544588294	0
2637	45.038132918480855	5.6896393379648913	0
2638	45.03668965622532	5.6877937070077005	0
2639	45.120111407468414	4.9829668895415278	0
2640	46.534345683070256	0.24365549088451374	0
2641	47.214369215126005	0.24721611831107163	0
2642	47.215997831311384	0.24887485730455944	0
2643	47.206332872375242	0.98718116042813953	0
2644	47.204661393551063	0.98879669881150412	0
2645	46.524777682215699	0.97455516525321095	0
2646	46.523149405334095	0.97287050684117882	0
2647	46.532673864942304	0.24529694868642271	0
2648	46.512021367836077	1.4616991577196496	0
2649	47.191718666451266	1.4830595058548777	0
2650	47.193303303825665	1.4847603086416385	0
2651	47.164315050897322	2.2225606135042804	0
2652	47.162601854982441	2.2241318440682121	0
2653	46.483323922702255	2.192097909960788	0
2654	46.481740303006639	2.1903712055193578	0
2655	46.510307154242412	1.4632962899382507	0
2656	46.457820036483675	2.6787410489655863	0
2657	47.136725271081474	2.7178864784938459	0
2658	47.138264843613591	2.7196281794286064	0
2659	47.089973163793609	3.4564168345553048	0
2660	47.088219424926926	3.4579426804568594	0
2661	46.410012814866022	3.4081383002586114	0
2662	46.408474937690229	3.4063707331847564	0
2663	46.456064602260668	2.6802927610062355	0
2664	30.974374571808092	16.608313925189389	0
2665	31.573689873360109	16.92966397037819	0
2666	31.575912610975507	16.928983350645229	0
2667	31.836412365462824	16.433854757742967	0
2668	31.835714309560846	16.43163743420196	0
2669	31.231425396922329	16.119740668782057	0
2670	31.229190589815278	16.120444228845354	0
2671	30.973688585397767	16.606073661318046	0
2672	31.398515402345211	15.7918080687742	0
2673	32.006037297033266	16.097359749659571	0
2674	32.008241456424429	16.096621178670333	0
2675	32.255690988569853	15.594843165363319	0
2676	32.254935129110486	15.592644874616973	0
2677	31.642688785684083	15.29667342805794	0
2678	31.640473161445023	15.297435247458896	0
2679	31.397771007733738	15.789586529616138	0
2680	31.801137258816404	14.96447929592709	0
2681	32.416449381480263	15.254023202649595	0
2682	32.418633452026441	15.253227186583743	0
2683	32.65286317228103	14.745143646457924	0
2684	32.652050027292582	14.742965895104909	0
2685	32.032265856139702	14.463122611452119	0
2686	32.030070933246812	14.463942168077768	0
2687	31.80033496617467	14.962278004014278	0
2688	31.97808128110433	17.146496740734698	0
2689	32.577396582656355	17.467846785923506	0
2690	32.579619320271746	17.467166166190545	0
2691	32.848448658208746	16.956205639238995	0
2692	32.84775060230676	16.953988315697988	0
2693	32.243461689668244	16.642091550278082	0
2694	32.241226882561193	16.642795110341378	0
2695	31.977395294694006	17.144256476863355	0
2696	32.415966150163023	16.303532483864526	0
2697	33.023488044851085	16.609084164749898	0
2698	33.025692204242247	16.60834559376066	0
2699	33.281054033777906	16.090523028537358	0
2700	33.280298174318538	16.088324737791012	0
2701	32.668051830892132	15.792353291231978	0
2702	32.665836206653069	15.793115110632934	0
2703	32.415221755551556	16.301310944706465	0
2704	32.83163473523603	15.449394600209532	0
2705	33.446946857899903	15.73893850693204	0
2706	33.449130928446081	15.738142490866188	0
2707	33.690850237338068	15.213812777091523	0
2708	33.69003709234962	15.211635025738508	0
2709	33.07025292119674	14.931791742085714	0
2710	33.06805799830385	14.932611298711363	0
2711	32.830832442594293	15.44719330829672	0
2712	32.981787990400569	17.68467955628001	0
2713	33.581103291952594	18.006029601468814	0
2714	33.583326029567985	18.005348981735853	0
2715	33.860484950954657	17.478556520735019	0
2716	33.859786895052672	17.476339197194012	0
2717	33.255497982414163	17.164442431774109	0
2718	33.253263175307112	17.165145991837406	0
2719	32.981102003990244	17.682439292408667	0
2720	33.433416897980841	16.815256898954853	0
2721	34.040938792668896	17.120808579840226	0
2722	34.043142952060059	17.120070008850988	0
2723	34.306417078985959	16.586202891711395	0
2724	34.305661219526591	16.584004600965049	0
2725	33.693414876100192	16.288033154406019	0
2726	33.691199251861129	16.288794973806972	0
2727	33.432672503369375	16.813035359796793	0
2728	33.86213221165567	15.934309904491977	0
2729	34.477444334319529	16.223853811214482	0
2730	34.479628404865707	16.22305779514863	0
2731	34.7288373023951	15.682481907725117	0
2732	34.728024157406651	15.680304156372102	0
2733	34.108239986253778	15.400460872719313	0
2734	34.106045063360888	15.401280429344961	0
2735	33.861329919013933	15.932108612579166	0
2736	33.496829793141131	19.106254389988099	0
2737	34.087527760785918	19.443182562211163	0
2738	34.08976755327221	19.442560360197245	0
2739	34.389362479067991	18.907595126808555	0
2740	34.388722705136047	18.905360290115688	0
2741	33.792805372721226	18.577751964298329	0
2742	33.790552914371347	18.578396782839047	0
2743	33.496202685072774	19.103996936768432	0
2744	33.985494699696808	18.222862371825322	0
2745	34.58481000124884	18.544212417014126	0
2746	34.587032738864231	18.543531797281165	0
2747	34.872521243700575	18.000907402231046	0
2748	34.87182318779859	17.998690078690039	0
2749	34.267534275160074	17.686793313270133	0
2750	34.265299468053023	17.68749687333343	0
2751	33.984808713286483	18.220622107953979	0
2752	34.450867645798652	17.326981314045177	0
2753	35.058389540486715	17.632532994930553	0
2754	35.060593699877877	17.631794423941315	0
2755	35.331780124194019	17.081882754885438	0
2756	35.331024264734651	17.079684464139092	0
2757	34.718777921308245	16.783713017580059	0
2758	34.716562297069181	16.784474836981012	0
2759	34.450123251187186	17.324759774887116	0
2760	34.892629688075303	16.419225208774421	0
2761	35.507941810739169	16.708769115496928	0
2762	35.510125881285347	16.707973099431076	0
2763	35.766824367452145	16.151151038358716	0
2764	35.766011222463696	16.148973287005699	0
2765	35.146227051310809	15.869130003352907	0
2766	35.144032128417919	15.869949559978556	0
2767	34.891827395433566	16.417023916861606	0
2768	35.310478064889487	15.500216186704165	0
2769	35.933158711335814	15.773553880333179	0
2770	35.935321196184162	15.772700964740363	0
2771	36.177355815881555	15.209350129678295	0
2772	36.176485942652988	15.207194410240607	0
2773	35.549588712885622	14.943671080102185	0
2774	35.547415995629407	14.944547812269356	0
2775	35.309618424068788	15.498036650692121	0
2776	34.486104573473526	19.670526762369452	0
2777	35.076802541118298	20.007454934592516	0
2778	35.07904233360459	20.006832732578598	0
2779	35.387378420229055	19.456259033424395	0
2780	35.386738646297111	19.454024196731527	0
2781	34.790821313882297	19.126415870914176	0
2782	34.788568855532418	19.127060689454893	0
2783	34.485477465405168	19.668269309149785	0
2784	34.989201408993054	18.761045187370634	0
2785	35.588516710545079	19.082395232559438	0
2786	35.59073944816047	19.081714612826477	0
2787	35.884557536446486	18.523258283727071	0
2788	35.883859480544501	18.521040960186063	0
2789	35.279570567905992	18.209144194766161	0
2790	35.277335760798941	18.209847754829458	0
2791	34.988515422582729	18.758804923499291	0
2792	35.468318393616471	17.838705729135508	0
2793	36.075840288304526	18.144257410020877	0
2794	36.078044447695689	18.143518839031639	0
2795	36.357143169402065	17.577562618059474	0
2796	36.356387309942697	17.575364327313128	0
2797	35.744140966516298	17.279392880754099	0
2798	35.741925342277234	17.280154700155052	0
2799	35.467573999005005	17.836484189977448	0
2800	35.923127164494936	16.904140513056866	0
2801	36.538439287158802	17.19368441977937	0
2802	36.54062335770498	17.192888403713518	0
2803	36.804811432509176	16.619820168992312	0
2804	36.803998287520727	16.617642417639296	0
2805	36.184214116367848	16.337799133986504	0
2806	36.182019193474957	16.338618690612154	0
2807	35.922324871853199	16.901939221144051	0
2808	36.3533160184151	15.957990043451233	0
2809	36.97599666486142	16.231327737080242	0
2810	36.978159149709768	16.230474821487427	0
2811	37.227255516301788	15.650687325359856	0
2812	37.226385643073222	15.648531605922168	0
2813	36.599488413305863	15.385008275783749	0
2814	36.597315696049648	15.38588500795092	0
2815	36.3524563775944	15.955810507439189	0
2816	35.475379353805906	20.234799134750805	0
2817	36.066077321450685	20.57172730697387	0
2818	36.068317113936978	20.571105104959951	0
2819	36.385394361390127	20.004922940040242	0
2820	36.384754587458183	20.002688103347374	0
2821	35.788837255043362	19.675079777530016	0
2822	35.786584796693482	19.675724596070733	0
2823	35.474752245737548	20.232541681531139	0
2824	35.992908118289293	19.299228002915946	0
2825	36.592223419841325	19.62057804810475	0
2826	36.594446157456716	19.61989742837179	0
2827	36.896593829192405	19.045609165223098	0
2828	36.89589577329042	19.043391841682091	0
2829	36.291606860651903	18.731495076262185	0
2830	36.289372053544852	18.732198636325482	0
2831	35.992222131878968	19.296987739044603	0
2832	36.485769141434282	18.350430144225832	0
2833	37.093291036122345	18.655981825111208	0
2834	37.095495195513507	18.65524325412197	0
2835	37.382506214610125	18.073242481233518	0
2836	37.381750355150757	18.071044190487171	0
2837	36.769504011724351	17.775072743928138	0
2838	36.767288387485287	17.775834563329092	0
2839	36.485024746822816	18.348208605067772	0
2840	36.953624640914569	17.389055817339308	0
2841	37.568936763578435	17.678599724061815	0
2842	37.571120834124613	17.677803707995963	0
2843	37.842798497566214	17.088489299625909	0
2844	37.841985352577765	17.086311548272892	0
2845	37.222201181424879	16.806468264620101	0
2846	37.220006258531988	16.807287821245751	0
2847	36.952822348272832	17.386854525426493	0
2848	37.396153971940713	16.415763900198296	0
2849	38.018834618387032	16.68910159382731	0
2850	38.020997103235381	16.688248678234494	0
2851	38.277155216722029	16.09202452104142	0
2852	38.276285343493463	16.089868801603732	0
2853	37.649388113726097	15.826345471465309	0
2854	37.647215396469882	15.827222203632481	0
2855	37.395294331120013	16.413584364186253	0
2856	36.464654134138286	20.799071507132155	0
2857	37.055352101783072	21.135999679355223	0
2858	37.057591894269365	21.135377477341304	0
2859	37.383410302551191	20.553586846656081	0
2860	37.382770528619247	20.551352009963214	0
2861	36.786853196204426	20.223743684145855	0
2862	36.784600737854547	20.224388502686573	0
2863	36.464027026069928	20.796814053912488	0
2864	36.996614827585532	19.837410818461255	0
2865	37.595930129137564	20.158760863650059	0
2866	37.598152866752955	20.158080243917098	0
2867	37.908630121938316	19.567960046719122	0
2868	37.907932066036331	19.565742723178115	0
2869	37.303643153397815	19.253845957758209	0
2870	37.301408346290764	19.254549517821506	0
2871	36.995928841175207	19.835170554589912	0
2872	37.503219889252094	18.862154559316156	0
2873	38.110741783940156	19.167706240201532	0
2874	38.112945943331319	19.166967669212294	0
2875	38.407869259818177	18.568922344407554	0
2876	38.40711340035881	18.566724053661208	0
2877	37.794867056932404	18.270752607102178	0
2878	37.79265143269334	18.271514426503131	0
2879	37.502475494640628	18.859933020158095	0
2880	37.984122117334195	17.873971121621754	0
2881	38.599434239998068	18.163515028344257	0
2882	38.601618310544247	18.162719012278405	0
2883	38.880785562623245	17.557158430259506	0
2884	38.879972417634796	17.554980678906489	0
2885	38.26018824648191	17.275137395253694	0
2886	38.257993323589019	17.275956951879344	0
2887	37.983319824692458	17.871769829708938	0
2888	38.438991925466318	16.87353775694536	0
2889	39.061672571912645	17.146875450574374	0
2890	39.063835056760993	17.146022534981558	0
2891	39.327054917142263	16.533361716722979	0
2892	39.326185043913696	16.531205997285291	0
2893	38.699287814146331	16.267682667146868	0
2894	38.697115096890116	16.268559399314039	0
2895	38.438132284645619	16.871358220933317	0
2896	37.453928914470673	21.363343879513511	0
2897	38.044626882115452	21.700272051736572	0
2898	38.046866674601745	21.699649849722654	0
2899	38.381426243712255	21.102250753271921	0
2900	38.380786469780311	21.100015916579054	0
2901	37.784869137365497	20.772407590761702	0
2902	37.782616679015618	20.773052409302419	0
2903	37.453301806402315	21.361086426293845	0
2904	38.000321536881778	20.375593634006567	0
2905	38.599636838433803	20.696943679195371	0
2906	38.601859576049193	20.69626305946241	0
2907	38.920666414684227	20.090310928215146	0
2908	38.919968358782242	20.088093604674139	0
2909	38.315679446143733	19.776196839254233	0
2910	38.313444639036682	19.77690039931753	0
2911	37.999635550471453	20.373353370135224	0
2912	38.520670637069912	19.373878974406487	0
2913	39.128192531757968	19.679430655291856	0
2914	39.13039669114913	19.678692084302618	0
2915	39.433232305026223	19.064602207581594	0
2916	39.432476445566856	19.062403916835247	0
2917	38.820230102140457	18.766432470276218	0
2918	38.818014477901393	18.767194289677171	0
2919	38.519926242458446	19.371657435248427	0
2920	39.014619593753835	18.358886425904199	0
2921	39.629931716417694	18.648430332626699	0
2922	39.632115786963872	18.647634316560847	0
2923	39.918772627680276	18.025827560893099	0
2924	39.917959482691828	18.023649809540082	0
2925	39.298175311538948	17.74380652588729	0
2926	39.295980388646058	17.744626082512941	0
2927	39.013817301112098	18.356685133991384	0
2928	39.481829878991938	17.331311613692428	0
2929	40.104510525438251	17.604649307321441	0
2930	40.106673010286599	17.603796391728626	0
2931	40.376954617562497	16.974698912404538	0
2932	40.37608474433393	16.97254319296685	0
2933	39.749187514566572	16.709019862828434	0
2934	39.747014797310356	16.709896594995605	0
2935	39.480970238171238	17.329132077680384	0
2936	38.443203694803053	21.927616251894861	0
2937	39.033901662447839	22.264544424117929	0
2938	39.036141454934132	22.263922222104011	0
2939	39.379442184873326	21.650914659887768	0
2940	39.378802410941383	21.6486798231949	0
2941	38.782885078526562	21.321071497377542	0
2942	38.780632620176682	21.321716315918259	0
2943	38.442576586734695	21.925358798675195	0
2944	39.004028246178017	20.913776449551879	0
2945	39.603343547730049	21.235126494740683	0
2946	39.605566285345439	21.234445875007722	0
2947	39.932702707430138	20.612661809711174	0
2948	39.932004651528153	20.610444486170167	0
2949	39.327715738889644	20.298547720750257	0
2950	39.325480931782593	20.299251280813554	0
2951	39.003342259767692	20.911536185680536	0
2952	39.538121384887724	19.885603389496811	0
2953	40.145643279575786	20.191155070382187	0
2954	40.147847438966949	20.190416499392949	0
2955	40.458595350234283	19.560282070755633	0
2956	40.457839490774916	19.558083780009287	0
2957	39.845593147348509	19.262112333450258	0
2958	39.843377523109446	19.262874152851211	0
2959	39.537376990276258	19.88338185033875	0
2960	40.045117070173468	18.843801730186641	0
2961	40.660429192837334	19.133345636909144	0
2962	40.662613263383513	19.132549620843292	0
2963	40.956759692737315	18.494496691526695	0
2964	40.955946547748866	18.492318940173678	0
2965	40.336162376595979	18.212475656520887	0
2966	40.333967453703089	18.213295213146537	0
2967	40.044314777531731	18.841600438273826	0
2968	40.524667832517544	17.789085470439495	0
2969	41.147348478963863	18.062423164068505	0
2970	41.149510963812212	18.061570248475689	0
2971	41.426854317982738	17.416036108086104	0
2972	41.425984444754171	17.413880388648415	0
2973	40.799087214986805	17.150357058509993	0
2974	40.79691449773059	17.151233790677164	0
2975	40.523808191696844	17.786905934427452	0
2976	39.432478475135447	22.491888624276218	0
2977	40.023176442780219	22.828816796499279	0
2978	40.025416235266512	22.82819459448536	0
2979	40.377458126034391	22.199578566503607	0
2980	40.376818352102447	22.19734372981074	0
2981	39.780901019687633	21.869735403993385	0
2982	39.778648561337754	21.870380222534102	0
2983	39.43185136706709	22.489631171056551	0
2984	40.007734955474255	21.451959265097191	0
2985	40.607050257026287	21.773309310285995	0
2986	40.609272994641678	21.772628690553034	0
2987	40.94473900017605	21.135012691207194	0
2988	40.944040944274064	21.132795367666187	0
2989	40.339752031635555	20.820898602246285	0
2990	40.337517224528504	20.821602162309581	0
2991	40.007048969063931	21.449719001225848	0
2992	40.555572132705542	20.397327804587139	0
2993	41.163094027393598	20.702879485472511	0
2994	41.16529818678476	20.702140914483273	0
2995	41.483958395442336	20.055961933929673	0
2996	41.483202535982969	20.053763643183327	0
2997	40.870956192556569	19.757792196624298	0
2998	40.868740568317506	19.758554016025251	0
2999	40.554827738094076	20.395106265429078	0
3000	41.075614546593101	19.328717034469086	0
3001	41.690926669256967	19.618260941191586	0
3002	41.693110739803146	19.617464925125734	0
3003	41.994746757794346	18.963165822160292	0
3004	41.993933612805897	18.960988070807275	0
3005	41.374149441653017	18.681144787154484	0
3006	41.371954518760127	18.681964343780134	0
3007	41.074812253951364	19.326515742556271	0
3008	41.567505786043156	18.246859327186563	0
3009	42.190186432489476	18.520197020815573	0
3010	42.192348917337824	18.519344105222757	0
3011	42.476754018402971	17.857373303767663	0
3012	42.475884145174405	17.855217584329974	0
3013	41.848986915407046	17.591694254191555	0
3014	41.846814198150831	17.592570986358727	0
3015	41.566646145222457	18.244679791174519	0
3016	40.421753255467827	23.056160996657567	0
3017	41.012451223112606	23.393089168880635	0
3018	41.014691015598899	23.392466966866717	0
3019	41.375474067195462	22.748242473119451	0
3020	41.374834293263518	22.746007636426583	0
3021	40.778916960848697	22.418399310609228	0
3022	40.776664502498818	22.419044129149945	0
3023	40.42112614739947	23.053903543437901	0
3024	41.011441664770494	21.990142080642499	0
3025	41.610756966322526	22.311492125831307	0
3026	41.612979703937917	22.310811506098347	0
3027	41.956775292921968	21.657363572703222	0
3028	41.956077237019983	21.655146249162215	0
3029	41.351788324381467	21.343249483742309	0
3030	41.349553517274416	21.343953043805605	0
3031	41.010755678360169	21.987901816771156	0
3032	41.573022880523354	20.909052219677466	0
3033	42.180544775211416	21.214603900562839	0
3034	42.182748934602579	21.213865329573601	0
3035	42.509321440650389	20.551641797103713	0
3036	42.508565581191021	20.549443506357367	0
3037	41.896319237764622	20.253472059798337	0
3038	41.894103613525559	20.25423387919929	0
3039	41.572278485911887	20.906830680519406	0
3040	29.870409059144905	18.520438282925856	0
3041	30.448364012561694	18.878785536352233	0
3042	30.44888594739033	18.881050793459593	0
3043	30.150341885040586	19.354214494976354	0
3044	30.148072598574675	19.35471862260248	0
3045	29.57581762004358	18.987337455742203	0
3046	29.57530951737796	18.985050275983291	0
3047	29.868125940515977	18.520964333203533	0
3048	29.375364660419137	19.296007945160824	0
3049	29.943741125578931	19.669361498873243	0
3050	29.944203584035332	19.671639642394602	0
3051	29.633375843523687	20.136826230040629	0
3052	29.631094138162759	20.137270781920297	0
3053	29.068652174934616	19.755035618418425	0
3054	29.068204117769408	19.752735921841676	0
3055	29.373068553767016	19.296474050095881	0
3056	28.860187854087329	20.058353087407284	0
3057	29.418596294151943	20.446457063529461	0
3058	29.418998959290185	20.448746532139037	0
3059	29.096100566423786	20.90563719026375	0
3060	29.093808005934726	20.906021861723303	0
3061	28.541564527636517	20.50919466646782	0
3062	28.541176823047721	20.506884029170404	0
3063	28.857880333048822	20.058758927554678	0
3064	30.838342403935496	19.120582383352627	0
3065	31.416297357352292	19.478929636779007	0
3066	31.416819292180929	19.481194893886368	0
3067	31.108729164478298	19.96948819329813	0
3068	31.106459878012387	19.969992320924256	0
3069	30.534204899481288	19.602611154063975	0
3070	30.533696796815669	19.600323974305063	0
3071	30.836059285306568	19.121108433630305	0
3072	30.327256377533001	19.921283932325363	0
3073	30.895632842692798	20.294637486037786	0
3074	30.896095301149199	20.296915629559145	0
3075	30.575328719780831	20.776976743705557	0
3076	30.573047014419902	20.777421295585224	0
3077	30.010605051191753	20.395186132083349	0
3078	30.010156994026545	20.3928864355066	0
3079	30.324960270880879	19.92175003726042	0
3080	29.7953855644896	20.708332428381215	0
3081	30.353794004554221	21.0964364045034	0
3082	30.354196669692463	21.098725873112976	0
3083	30.020973472050567	21.570225792085996	0
3084	30.018680911561507	21.570610463545549	0
3085	29.466437433263295	21.173783268290062	0
3086	29.466049728674498	21.171472630992646	0
3087	29.793078043451093	20.708738268528609	0
3088	31.806275748726094	19.720726483779398	0
3089	32.384230702142887	20.079073737205778	0
3090	32.38475263697152	20.081338994313139	0
3091	32.067116443916007	20.584761891619902	0
3092	32.064847157450089	20.585266019246028	0
3093	31.492592178919001	20.217884852385751	0
3094	31.492084076253381	20.215597672626838	0
3095	31.803992630097166	19.721252534057076	0
3096	31.279148094646867	20.546559919489901	0
3097	31.847524559806658	20.919913473202321	0
3098	31.847987018263058	20.92219161672368	0
3099	31.517281596037968	21.417127257370481	0
3100	31.514999890677039	21.417571809250148	0
3101	30.952557927448893	21.035336645748277	0
3102	30.952109870283685	21.033036949171528	0
3103	31.276851987994746	20.547026024424959	0
3104	30.730583274891877	21.358311769355154	0
3105	31.288991714956492	21.746415745477332	0
3106	31.289394380094734	21.748705214086907	0
3107	30.945846377677345	22.234814393908241	0
3108	30.943553817188285	22.235199065367794	0
3109	30.391310338890076	21.838371870112312	0
3110	30.39092263430128	21.836061232814895	0
3111	30.728275753853371	21.358717609502548	0
3112	33.294916569468214	19.455978352109618	0
3113	33.882053909686434	19.799073711942299	0
3114	33.882634963179243	19.801324530141599	0
3115	33.569138943821059	20.328263963420003	0
3116	33.566883631505753	20.328827321288699	0
3117	32.985207832649223	19.976551935770683	0
3118	32.984640032711376	19.974278840348362	0
3119	33.292648003597947	19.456563987201335	0
3120	32.774209093516689	20.320870584206169	0
3121	33.352164046933481	20.679217837632553	0
3122	33.352685981762114	20.681483094739914	0
3123	33.025503723353722	21.200035589941677	0
3124	33.023234436887805	21.200539717567803	0
3125	32.450979458356713	20.833158550707523	0
3126	32.450471355691093	20.830871370948611	0
3127	32.771925974887758	20.321396634483847	0
3128	32.231039811760724	21.17183590665444	0
3129	32.799416276920525	21.545189460366863	0
3130	32.799878735376929	21.547467603888222	0
3131	32.459234472295108	22.057277771035412	0
3132	32.456952766934187	22.05772232291508	0
3133	31.894510803706034	21.675487159413201	0
3134	31.894062746540826	21.673187462836452	0
3135	32.228743705108606	21.172302011589498	0
3136	31.665780985294148	22.00829111032909	0
3137	32.224189425358766	22.396395086451271	0
3138	32.224592090497012	22.398684555060846	0
3139	31.87071928330413	22.899402995730487	0
3140	31.868426722815069	22.89978766719004	0
3141	31.316183244516854	22.502960471934554	0
3142	31.315795539928057	22.500649834637137	0
3143	31.663473464255642	22.008696950476484	0
3144	31.078820014281305	22.829662930615395	0
3145	31.626877723999044	23.232251342068327	0
3146	31.627220319852555	23.234550566678699	0
3147	31.260361495294323	23.725834113462984	0
3148	31.25805965088357	23.726158640867819	0
3149	30.716393137610144	23.315011379396399	0
3150	30.71606605131112	23.312691384973693	0
3151	31.076502660316066	22.830008227832565	0
3152	34.278228168770376	20.030579257010057	0
3153	34.865365508988589	20.373674616842735	0
3154	34.865946562481398	20.375925435042035	0
3155	34.543303795670518	20.918239168539397	0
3156	34.541048483355212	20.918802526408093	0
3157	33.959372684498689	20.566527140890081	0
3158	33.958804884560841	20.564254045467759	0
3159	34.275959602900109	20.031164892101774	0
3160	33.742142438307283	20.921014684632944	0
3161	34.320097391724076	21.279361938059321	0
3162	34.320619326552709	21.281627195166681	0
3163	33.983891002791431	21.81530928826345	0
3164	33.981621716325513	21.815813415889576	0
3165	33.409366737794429	21.448432249029299	0
3166	33.408858635128809	21.446145069270386	0
3167	33.739859319678352	20.921540734910621	0
3168	33.18293152887459	21.797111893818979	0
3169	33.751307994034384	22.170465447531399	0
3170	33.751770452490788	22.172743591052757	0
3171	33.401187348552241	22.697428284700337	0
3172	33.39890564319132	22.697872836580004	0
3173	32.836463679963174	22.315637673078133	0
3174	32.836015622797966	22.313337976501384	0
3175	33.180635422222473	21.797577998754036	0
3176	32.600978695696433	22.658270451303025	0
3177	33.159387135761037	23.046374427425206	0
3178	33.159789800899283	23.048663896034782	0
3179	32.795592188930904	23.563991597552729	0
3180	32.793299628441844	23.564376269012282	0
3181	32.241056150143635	23.167549073756803	0
3182	32.240668445554839	23.165238436459386	0
3183	32.598671174657923	22.658676291450419	0
3184	31.996682780175451	23.503900162025619	0
3185	32.544740489893186	23.906488573478548	0
3186	32.545083085746697	23.90878779808892	0
3187	32.167520568599656	24.414405327611799	0
3188	32.165218724188904	24.414729855016635	0
3189	31.623552210915481	24.003582593545218	0
3190	31.623225124616457	24.001262599122512	0
3191	31.994365426210212	23.504245459242789	0
3192	35.261539768072531	20.605180161910493	0
3193	35.848677108290751	20.948275521743177	0
3194	35.84925816178356	20.950526339942478	0
3195	35.517468647519991	21.508214373658799	0
3196	35.515213335204685	21.508777731527495	0
3197	34.933537536348155	21.156502346009479	0
3198	34.932969736410307	21.154229250587157	0
3199	35.259271202202264	20.60576579700221	0
3200	34.710075783097878	21.521158785059715	0
3201	35.288030736514671	21.879506038486095	0
3202	35.288552671343304	21.881771295593456	0
3203	34.94227828222914	22.430582986585225	0
3204	34.940008995763222	22.431087114211351	0
3205	34.36775401723213	22.063705947351071	0
3206	34.36724591456651	22.061418767592158	0
3207	34.707792664468947	21.521684835337393	0
3208	34.134823245988457	22.422387880983518	0
3209	34.703199711148251	22.795741434695941	0
3210	34.703662169604655	22.7980195782173	0
3211	34.343140224809389	23.337578798365264	0
3212	34.340858519448467	23.338023350244931	0
3213	33.778416556220307	22.955788186743057	0
3214	33.777968499055099	22.953488490166308	0
3215	34.132527139336339	22.422853985918575	0
3216	33.536176406098704	23.30824979227696	0
3217	34.094584846163315	23.696353768399142	0
3218	34.094987511301561	23.698643237008717	0
3219	33.720465094557689	24.228580199374978	0
3220	33.718172534068628	24.228964870834531	0
3221	33.165929055770413	23.832137675579045	0
3222	33.165541351181616	23.829827038281628	0
3223	33.533868885060194	23.308655632424355	0
3224	32.91454554606959	24.17813739343584	0
3225	33.462603255787336	24.580725804888772	0
3226	33.462945851640846	24.583025029499144	0
3227	33.074679641904993	25.102976541760619	0
3228	33.072377797494241	25.103301069165454	0
3229	32.530711284220814	24.69215380769403	0
3230	32.530384197921791	24.689833813271324	0
3231	32.912228192104351	24.178482690653009	0
3232	36.244851367374686	21.179781066810932	0
3233	36.831988707592906	21.522876426643613	0
3234	36.832569761085715	21.525127244842913	0
3235	36.491633499369449	22.098189578778197	0
3236	36.489378187054143	22.098752936646893	0
3237	35.90770238819762	21.746477551128876	0
3238	35.907134588259773	21.744204455706555	0
3239	36.242582801504419	21.180366701902649	0
3240	35.678009127888473	22.121302885486482	0
3241	36.255964081305265	22.479650138912866	0
3242	36.256486016133898	22.481915396020227	0
3243	35.900665561666848	23.045856684906997	0
3244	35.89839627520093	23.046360812533123	0
3245	35.326141296669839	22.678979645672843	0
3246	35.325633194004219	22.676692465913931	0
3247	35.675726009259542	22.12182893576416	0
3248	35.086714963102317	23.047663868148053	0
3249	35.655091428262111	23.42101742186048	0
3250	35.655553886718515	23.423295565381839	0
3251	35.285093101066522	23.977729312030188	0
3252	35.2828113957056	23.978173863909856	0
3253	34.720369432477447	23.595938700407981	0
3254	34.719921375312239	23.593639003831232	0
3255	35.084418856450199	23.04812997308311	0
3256	34.471374116500975	23.958229133250896	0
3257	35.029782556565586	24.346333109373077	0
3258	35.030185221703832	24.348622577982653	0
3259	34.645338000184466	24.89316880119722	0
3260	34.643045439695406	24.893553472656773	0
3261	34.09080196139719	24.496726277401287	0
3262	34.090414256808394	24.49441564010387	0
3263	34.469066595462465	23.95863497339829	0
3264	33.832408311963732	24.85237462484606	0
3265	34.380466021681471	25.254963036298992	0
3266	34.380808617534981	25.257262260909364	0
3267	33.981838715210323	25.791547755909431	0
3268	33.979536870799571	25.791872283314266	0
3269	33.437870357526144	25.380725021842846	0
3270	33.437543271227121	25.37840502742014	0
3271	33.830090957998493	24.85271992206323	0
3272	37.228162966676841	21.754381971711371	0
3273	37.815300306895061	22.097477331544049	0
3274	37.81588136038787	22.099728149743349	0
3275	37.465798351218915	22.688164783897591	0
3276	37.463543038903609	22.688728141766287	0
3277	36.881867240047086	22.336452756248274	0
3278	36.881299440109238	22.334179660825953	0
3279	37.225894400806574	21.754967606803088	0
3280	36.645942472679067	22.721446985913257	0
3281	37.22389742609586	23.079794239339634	0
3282	37.224419360924493	23.082059496446995	0
3283	36.859052841104557	23.66113038322877	0
3284	36.856783554638639	23.661634510854896	0
3285	36.284528576107554	23.294253343994619	0
3286	36.284020473441934	23.291966164235706	0
3287	36.643659354050136	22.721973036190935	0
3288	36.038606680216184	23.672939855312595	0
3289	36.606983145375978	24.046293409025015	0
3290	36.607445603832382	24.048571552546374	0
3291	36.227045977323662	24.617879825695116	0
3292	36.224764271962741	24.618324377574783	0
3293	35.662322308734588	24.236089214072909	0
3294	35.66187425156938	24.23378951749616	0
3295	36.036310573564066	23.673405960247653	0
3296	35.406571826903253	24.608208474224835	0
3297	35.964980266967856	24.996312450347013	0
3298	35.965382932106102	24.998601918956588	0
3299	35.570210905811244	25.557757403019465	0
3300	35.567918345322184	25.558142074479019	0
3301	35.015674867023975	25.161314879223536	0
3302	35.015287162435179	25.15900424192612	0
3303	35.404264305864743	24.608614314372229	0
3304	34.750271077857882	25.526611856256284	0
3305	35.298328787575613	25.929200267709213	0
3306	35.298671383429124	25.931499492319585	0
3307	34.88899778851566	26.480118970058246	0
3308	34.886695944104908	26.480443497463082	0
3309	34.345029430831481	26.069296235991665	0
3310	34.344702344532458	26.066976241568959	0
3311	34.747953723892643	25.526957153473454	0
3312	38.211474565978996	22.328982876611811	0
3313	38.798611906197216	22.672078236444491	0
3314	38.799192959690025	22.674329054643792	0
3315	38.439963203068388	23.278139989016992	0
3316	38.437707890753082	23.278703346885688	0
3317	37.856032091896552	22.926427961367672	0
3318	37.855464291958704	22.924154865945351	0
3319	38.209206000108729	22.329568511703528	0
3320	37.613875817469662	23.321591086340028	0
3321	38.191830770886455	23.679938339766409	0
3322	38.192352705715088	23.682203596873769	0
3323	37.817440120542273	24.276404081550545	0
3324	37.815170834076355	24.276908209176671	0
3325	37.242915855545263	23.909527042316391	0
3326	37.242407752879643	23.907239862557478	0
3327	37.611592698840731	23.322117136617706	0
3328	36.990498397330043	24.298215842477134	0
3329	37.558874862489844	24.671569396189557	0
3330	37.559337320946248	24.673847539710916	0
3331	37.168998853580803	25.258030339360044	0
3332	37.166717148219881	25.258474891239711	0
3333	36.604275184991728	24.876239727737836	0
3334	36.60382712782652	24.873940031161087	0
3335	36.988202290677926	24.298681947412192	0
3336	36.341769537305524	25.258187815198767	0
3337	36.900177977370134	25.646291791320952	0
3338	36.90058064250838	25.648581259930527	0
3339	36.495083811438022	26.222346004841711	0
3340	36.492791250948962	26.222730676301264	0
3341	35.940547772650746	25.825903481045778	0
3342	35.94016006806195	25.823592843748362	0
3343	36.339462016267014	25.258593655346161	0
3344	35.668133843752017	26.200849087666505	0
3345	36.216191553469763	26.603437499119437	0
3346	36.216534149323273	26.605736723729809	0
3347	35.796156861820997	27.168690184207062	0
3348	35.793855017410245	27.169014711611897	0
3349	35.252188504136818	26.757867450140477	0
3350	35.251861417837794	26.755547455717771	0
3351	35.665816489786778	26.201194384883674	0
3352	39.194786165281158	22.90358378151225	0
3353	39.781923505499371	23.246679141344927	0
3354	39.78250455899218	23.248929959544228	0
3355	39.414128054917846	23.86811519413639	0
3356	39.41187274260254	23.868678552005086	0
3357	38.830196943746017	23.516403166487073	0
3358	38.82962914380817	23.514130071064752	0
3359	39.192517599410891	22.904169416603967	0
3360	38.581809162260257	23.921735186766799	0
3361	39.159764115677049	24.28008244019318	0
3362	39.160286050505682	24.282347697300541	0
3363	38.775827399979974	24.891677779872317	0
3364	38.773558113514056	24.892181907498443	0
3365	38.201303134982972	24.524800740638167	0
3366	38.200795032317352	24.522513560879254	0
3367	38.579526043631326	23.922261237044477	0
3368	37.94239011444391	24.923491829641673	0
3369	38.510766579603704	25.296845383354093	0
3370	38.511229038060108	25.299123526875452	0
3371	38.110951729837943	25.898180853024968	0
3372	38.108670024477021	25.898625404904635	0
3373	37.546228061248868	25.516390241402764	0
3374	37.54578000408366	25.514090544826015	0
3375	37.940094007791792	24.92395793457673	0
3376	37.276967247707802	25.908167156172706	0
3377	37.835375687772405	26.296271132294883	0
3378	37.835778352910651	26.298560600904459	0
3379	37.4199567170648	26.886934606663953	0
3380	37.417664156575739	26.887319278123506	0
3381	36.86542067827753	26.490492082868027	0
3382	36.865032973688734	26.488181445570611	0
3383	37.274659726669292	25.9085729963201	0
3384	36.585996609646166	26.875086319076729	0
3385	37.134054319363898	27.277674730529657	0
3386	37.134396915217408	27.279973955140029	0
3387	36.703315935126327	27.857261398355877	0
3388	36.701014090715574	27.857585925760713	0
3389	36.159347577442155	27.446438664289296	0
3390	36.159020491143131	27.44411866986659	0
3391	36.583679255680927	26.875431616293898	0
3392	40.178097764583313	23.478184686412686	0
3393	40.765235104801533	23.82128004624537	0
3394	40.765816158294342	23.82353086444467	0
3395	40.388292906767319	24.458090399255788	0
3396	40.386037594452013	24.458653757124484	0
3397	39.804361795595483	24.106378371606468	0
3398	39.803793995657635	24.104105276184146	0
3399	40.175829198713046	23.478770321504403	0
3400	39.549742507050851	24.52187928719357	0
3401	40.127697460467644	24.880226540619955	0
3402	40.128219395296277	24.882491797727315	0
3403	39.73421467941769	25.506951478194093	0
3404	39.731945392951772	25.507455605820219	0
3405	39.15969041442068	25.140074438959939	0
3406	39.15918231175506	25.137787259201026	0
3407	39.54745938842192	24.522405337471248	0
3408	38.89428183155777	25.548767816806212	0
3409	39.462658296717571	25.922121370518635	0
3410	39.463120755173975	25.924399514039994	0
3411	39.052904606095083	26.538331366689896	0
3412	39.050622900734162	26.538775918569563	0
3413	38.488180937506009	26.156540755067688	0
3414	38.487732880340801	26.154241058490939	0
3415	38.891985724905652	25.549233921741269	0
3416	18.520438282925856	29.870409059144905	0
3417	18.878785536352233	30.448364012561694	0
3418	18.881050793459593	30.44888594739033	0
3419	19.354214494976354	30.150341885040586	0
3420	19.35471862260248	30.148072598574675	0
3421	18.987337455742203	29.57581762004358	0
3422	18.985050275983291	29.57530951737796	0
3423	18.520964333203533	29.868125940515977	0
3424	19.296007945160824	29.375364660419137	0
3425	19.669361498873243	29.943741125578931	0
3426	19.671639642394602	29.944203584035332	0
3427	20.136826230040629	29.633375843523687	0
3428	20.137270781920297	29.631094138162759	0
3429	19.755035618418425	29.068652174934616	0
3430	19.752735921841676	29.068204117769408	0
3431	19.296474050095881	29.373068553767016	0
3432	20.058353087407284	28.860187854087329	0
3433	20.446457063529461	29.418596294151943	0
3434	20.448746532139037	29.418998959290185	0
3435	20.90563719026375	29.096100566423786	0
3436	20.906021861723303	29.093808005934726	0
3437	20.50919466646782	28.541564527636517	0
3438	20.506884029170404	28.541176823047721	0
3439	20.058758927554678	28.857880333048822	0
3440	19.120582383352627	30.838342403935496	0
3441	19.478929636779007	31.416297357352292	0
3442	19.481194893886368	31.416819292180929	0
3443	19.96948819329813	31.108729164478298	0
3444	19.969992320924256	31.106459878012387	0
3445	19.602611154063975	30.534204899481288	0
3446	19.600323974305063	30.533696796815669	0
3447	19.121108433630305	30.836059285306568	0
3448	19.921283932325363	30.327256377533001	0
3449	20.294637486037786	30.895632842692798	0
3450	20.296915629559145	30.896095301149199	0
3451	20.776976743705557	30.575328719780831	0
3452	20.777421295585224	30.573047014419902	0
3453	20.395186132083349	30.010605051191753	0
3454	20.3928864355066	30.010156994026545	0
3455	19.92175003726042	30.324960270880879	0
3456	20.708332428381215	29.7953855644896	0
3457	21.0964364045034	30.353794004554221	0
3458	21.098725873112976	30.354196669692463	0
3459	21.570225792085996	30.020973472050567	0
3460	21.570610463545549	30.018680911561507	0
3461	21.173783268290062	29.466437433263295	0
3462	21.171472630992646	29.466049728674498	0
3463	20.708738268528609	29.793078043451093	0
3464	19.720726483779398	31.806275748726094	0
3465	20.079073737205778	32.384230702142887	0
3466	20.081338994313139	32.38475263697152	0
3467	20.584761891619902	32.067116443916007	0
3468	20.585266019246028	32.064847157450089	0
3469	20.217884852385751	31.492592178919001	0
3470	20.215597672626838	31.492084076253381	0
3471	19.721252534057076	31.803992630097166	0
3472	20.546559919489901	31.279148094646867	0
3473	20.919913473202321	31.847524559806658	0
3474	20.92219161672368	31.847987018263058	0
3475	21.417127257370481	31.517281596037968	0
3476	21.417571809250148	31.514999890677039	0
3477	21.035336645748277	30.952557927448893	0
3478	21.033036949171528	30.952109870283685	0
3479	20.547026024424959	31.276851987994746	0
3480	21.358311769355154	30.730583274891877	0
3481	21.746415745477332	31.288991714956492	0
3482	21.748705214086907	31.289394380094734	0
3483	22.234814393908241	30.945846377677345	0
3484	22.235199065367794	30.943553817188285	0
3485	21.838371870112312	30.391310338890076	0
3486	21.836061232814895	30.39092263430128	0
3487	21.358717609502548	30.728275753853371	0
3488	19.455978352109618	33.294916569468214	0
3489	19.799073711942299	33.882053909686434	0
3490	19.801324530141599	33.882634963179243	0
3491	20.328263963420007	33.569138943821059	0
3492	20.328827321288703	33.566883631505753	0
3493	19.976551935770686	32.985207832649223	0
3494	19.974278840348365	32.984640032711376	0
3495	19.456563987201335	33.292648003597947	0
3496	20.320870584206169	32.774209093516689	0
3497	20.679217837632553	33.352164046933481	0
3498	20.681483094739914	33.352685981762114	0
3499	21.200035589941677	33.025503723353722	0
3500	21.200539717567803	33.023234436887805	0
3501	20.833158550707523	32.450979458356713	0
3502	20.830871370948611	32.450471355691093	0
3503	20.321396634483847	32.771925974887758	0
3504	21.17183590665444	32.231039811760724	0
3505	21.545189460366863	32.799416276920525	0
3506	21.547467603888222	32.799878735376929	0
3507	22.057277771035412	32.459234472295108	0
3508	22.05772232291508	32.456952766934187	0
3509	21.675487159413201	31.894510803706034	0
3510	21.673187462836452	31.894062746540826	0
3511	21.172302011589498	32.228743705108606	0
3512	22.00829111032909	31.665780985294148	0
3513	22.396395086451271	32.224189425358766	0
3514	22.398684555060846	32.224592090497012	0
3515	22.899402995730487	31.87071928330413	0
3516	22.89978766719004	31.868426722815069	0
3517	22.502960471934554	31.316183244516854	0
3518	22.500649834637137	31.315795539928057	0
3519	22.008696950476484	31.663473464255642	0
3520	22.829662930615395	31.078820014281305	0
3521	23.232251342068327	31.626877723999044	0
3522	23.234550566678699	31.627220319852555	0
3523	23.725834113462984	31.260361495294323	0
3524	23.726158640867819	31.25805965088357	0
3525	23.315011379396399	30.716393137610144	0
3526	23.312691384973693	30.71606605131112	0
3527	22.830008227832565	31.076502660316066	0
3528	20.030579257010057	34.278228168770376	0
3529	20.373674616842735	34.865365508988589	0
3530	20.375925435042035	34.865946562481398	0
3531	20.918239168539401	34.543303795670518	0
3532	20.918802526408097	34.541048483355212	0
3533	20.566527140890088	33.959372684498689	0
3534	20.564254045467766	33.958804884560841	0
3535	20.031164892101774	34.275959602900109	0
3536	20.921014684632944	33.742142438307283	0
3537	21.279361938059321	34.320097391724076	0
3538	21.281627195166681	34.320619326552709	0
3539	21.81530928826345	33.983891002791431	0
3540	21.815813415889576	33.981621716325513	0
3541	21.448432249029299	33.409366737794429	0
3542	21.446145069270386	33.408858635128809	0
3543	20.921540734910621	33.739859319678352	0
3544	21.797111893818979	33.18293152887459	0
3545	22.170465447531399	33.751307994034384	0
3546	22.172743591052757	33.751770452490788	0
3547	22.697428284700337	33.401187348552241	0
3548	22.697872836580004	33.39890564319132	0
3549	22.315637673078133	32.836463679963174	0
3550	22.313337976501384	32.836015622797966	0
3551	21.797577998754036	33.180635422222473	0
3552	22.658270451303025	32.600978695696433	0
3553	23.046374427425206	33.159387135761037	0
3554	23.048663896034782	33.159789800899283	0
3555	23.563991597552729	32.795592188930904	0
3556	23.564376269012282	32.793299628441844	0
3557	23.167549073756803	32.241056150143635	0
3558	23.165238436459386	32.240668445554839	0
3559	22.658676291450419	32.598671174657923	0
3560	23.503900162025619	31.996682780175451	0
3561	23.906488573478548	32.544740489893186	0
3562	23.90878779808892	32.545083085746697	0
3563	24.414405327611799	32.167520568599656	0
3564	24.414729855016635	32.165218724188904	0
3565	24.003582593545218	31.623552210915481	0
3566	24.001262599122512	31.623225124616457	0
3567	23.504245459242789	31.994365426210212	0
3568	20.605180161910493	35.261539768072531	0
3569	20.948275521743177	35.848677108290751	0
3570	20.950526339942478	35.84925816178356	0
3571	21.508214373658802	35.517468647519991	0
3572	21.508777731527498	35.515213335204685	0
3573	21.156502346009482	34.933537536348155	0
3574	21.154229250587161	34.932969736410307	0
3575	20.60576579700221	35.259271202202264	0
3576	21.521158785059715	34.710075783097878	0
3577	21.879506038486095	35.288030736514671	0
3578	21.881771295593456	35.288552671343304	0
3579	22.430582986585225	34.94227828222914	0
3580	22.431087114211351	34.940008995763222	0
3581	22.063705947351071	34.36775401723213	0
3582	22.061418767592158	34.36724591456651	0
3583	21.521684835337393	34.707792664468947	0
3584	22.422387880983518	34.134823245988457	0
3585	22.795741434695941	34.703199711148251	0
3586	22.7980195782173	34.703662169604655	0
3587	23.337578798365264	34.343140224809389	0
3588	23.338023350244931	34.340858519448467	0
3589	22.955788186743057	33.778416556220307	0
3590	22.953488490166308	33.777968499055099	0
3591	22.422853985918575	34.132527139336339	0
3592	23.30824979227696	33.536176406098704	0
3593	23.696353768399142	34.094584846163315	0
3594	23.698643237008717	34.094987511301561	0
3595	24.228580199374978	33.720465094557689	0
3596	24.228964870834531	33.718172534068628	0
3597	23.832137675579045	33.165929055770413	0
3598	23.829827038281628	33.165541351181616	0
3599	23.308655632424355	33.533868885060194	0
3600	24.17813739343584	32.91454554606959	0
3601	24.580725804888772	33.462603255787336	0
3602	24.583025029499144	33.462945851640846	0
3603	25.102976541760619	33.074679641904993	0
3604	25.103301069165454	33.072377797494241	0
3605	24.69215380769403	32.530711284220814	0
3606	24.689833813271324	32.530384197921791	0
3607	24.178482690653009	32.912228192104351	0
3608	21.179781066810932	36.244851367374686	0
3609	21.522876426643613	36.831988707592906	0
3610	21.525127244842913	36.832569761085715	0
3611	22.0981895787782	36.491633499369449	0
3612	22.098752936646896	36.489378187054143	0
3613	21.74647755112888	35.90770238819762	0
3614	21.744204455706559	35.907134588259773	0
3615	21.180366701902649	36.242582801504419	0
3616	22.121302885486482	35.678009127888473	0
3617	22.479650138912866	36.255964081305265	0
3618	22.481915396020227	36.256486016133898	0
3619	23.045856684906997	35.900665561666848	0
3620	23.046360812533123	35.89839627520093	0
3621	22.678979645672843	35.326141296669839	0
3622	22.676692465913931	35.325633194004219	0
3623	22.12182893576416	35.675726009259542	0
3624	23.047663868148053	35.086714963102317	0
3625	23.42101742186048	35.655091428262111	0
3626	23.423295565381839	35.655553886718515	0
3627	23.977729312030188	35.285093101066522	0
3628	23.978173863909856	35.2828113957056	0
3629	23.595938700407981	34.720369432477447	0
3630	23.593639003831232	34.719921375312239	0
3631	23.04812997308311	35.084418856450199	0
3632	23.958229133250896	34.471374116500975	0
3633	24.346333109373077	35.029782556565586	0
3634	24.348622577982653	35.030185221703832	0
3635	24.89316880119722	34.645338000184466	0
3636	24.893553472656773	34.643045439695406	0
3637	24.496726277401287	34.09080196139719	0
3638	24.49441564010387	34.090414256808394	0
3639	23.95863497339829	34.469066595462465	0
3640	24.85237462484606	33.832408311963732	0
3641	25.254963036298992	34.380466021681471	0
3642	25.257262260909364	34.380808617534981	0
3643	25.791547755909431	33.981838715210323	0
3644	25.791872283314266	33.979536870799571	0
3645	25.380725021842846	33.437870357526144	0
3646	25.37840502742014	33.437543271227121	0
3647	24.85271992206323	33.830090957998493	0
3648	21.754381971711371	37.228162966676841	0
3649	22.097477331544049	37.815300306895061	0
3650	22.099728149743349	37.81588136038787	0
3651	22.688164783897598	37.465798351218915	0
3652	22.688728141766294	37.463543038903609	0
3653	22.336452756248281	36.881867240047086	0
3654	22.33417966082596	36.881299440109238	0
3655	21.754967606803088	37.225894400806574	0
3656	22.721446985913257	36.645942472679067	0
3657	23.079794239339634	37.22389742609586	0
3658	23.082059496446995	37.224419360924493	0
3659	23.66113038322877	36.859052841104557	0
3660	23.661634510854896	36.856783554638639	0
3661	23.294253343994619	36.284528576107554	0
3662	23.291966164235706	36.284020473441934	0
3663	22.721973036190935	36.643659354050136	0
3664	23.672939855312595	36.038606680216184	0
3665	24.046293409025015	36.606983145375978	0
3666	24.048571552546374	36.607445603832382	0
3667	24.617879825695116	36.227045977323662	0
3668	24.618324377574783	36.224764271962741	0
3669	24.236089214072909	35.662322308734588	0
3670	24.23378951749616	35.66187425156938	0
3671	23.673405960247653	36.036310573564066	0
3672	24.608208474224835	35.406571826903253	0
3673	24.996312450347013	35.964980266967856	0
3674	24.998601918956588	35.965382932106102	0
3675	25.557757403019465	35.570210905811244	0
3676	25.558142074479019	35.567918345322184	0
3677	25.161314879223536	35.015674867023975	0
3678	25.15900424192612	35.015287162435179	0
3679	24.608614314372229	35.404264305864743	0
3680	25.526611856256284	34.750271077857882	0
3681	25.929200267709213	35.298328787575613	0
3682	25.931499492319585	35.298671383429124	0
3683	26.480118970058246	34.88899778851566	0
3684	26.480443497463082	34.886695944104908	0
3685	26.069296235991665	34.345029430831481	0
3686	26.066976241568959	34.344702344532458	0
3687	25.526957153473454	34.747953723892643	0
3688	22.328982876611811	38.211474565978996	0
3689	22.672078236444491	38.798611906197216	0
3690	22.674329054643792	38.799192959690025	0
3691	23.278139989016996	38.439963203068388	0
3692	23.278703346885692	38.437707890753082	0
3693	22.926427961367676	37.856032091896552	0
3694	22.924154865945354	37.855464291958704	0
3695	22.329568511703528	38.209206000108729	0
3696	23.321591086340028	37.613875817469662	0
3697	23.679938339766409	38.191830770886455	0
3698	23.682203596873769	38.192352705715088	0
3699	24.276404081550545	37.817440120542273	0
3700	24.276908209176671	37.815170834076355	0
3701	23.909527042316391	37.242915855545263	0
3702	23.907239862557478	37.242407752879643	0
3703	23.322117136617706	37.611592698840731	0
3704	24.298215842477134	36.990498397330043	0
3705	24.671569396189557	37.558874862489844	0
3706	24.673847539710916	37.559337320946248	0
3707	25.258030339360044	37.168998853580803	0
3708	25.258474891239711	37.166717148219881	0
3709	24.876239727737836	36.604275184991728	0
3710	24.873940031161087	36.60382712782652	0
3711	24.298681947412192	36.988202290677926	0
3712	25.258187815198767	36.341769537305524	0
3713	25.646291791320952	36.900177977370134	0
3714	25.648581259930527	36.90058064250838	0
3715	26.222346004841711	36.495083811438022	0
3716	26.222730676301264	36.492791250948962	0
3717	25.825903481045778	35.940547772650746	0
3718	25.823592843748362	35.94016006806195	0
3719	25.258593655346161	36.339462016267014	0
3720	26.200849087666505	35.668133843752017	0
3721	26.603437499119437	36.216191553469763	0
3722	26.605736723729809	36.216534149323273	0
3723	27.168690184207062	35.796156861820997	0
3724	27.169014711611897	35.793855017410245	0
3725	26.757867450140477	35.252188504136818	0
3726	26.755547455717771	35.251861417837794	0
3727	26.201194384883674	35.665816489786778	0
3728	22.90358378151225	39.194786165281158	0
3729	23.246679141344927	39.781923505499371	0
3730	23.248929959544228	39.78250455899218	0
3731	23.868115194136394	39.414128054917846	0
3732	23.86867855200509	39.41187274260254	0
3733	23.516403166487077	38.830196943746017	0
3734	23.514130071064756	38.82962914380817	0
3735	22.904169416603967	39.192517599410891	0
3736	23.921735186766799	38.581809162260257	0
3737	24.28008244019318	39.159764115677049	0
3738	24.282347697300541	39.160286050505682	0
3739	24.891677779872317	38.775827399979974	0
3740	24.892181907498443	38.773558113514056	0
3741	24.524800740638167	38.201303134982972	0
3742	24.522513560879254	38.200795032317352	0
3743	23.922261237044477	38.579526043631326	0
3744	24.923491829641673	37.94239011444391	0
3745	25.296845383354093	38.510766579603704	0
3746	25.299123526875452	38.511229038060108	0
3747	25.898180853024968	38.110951729837943	0
3748	25.898625404904635	38.108670024477021	0
3749	25.516390241402764	37.546228061248868	0
3750	25.514090544826015	37.54578000408366	0
3751	24.92395793457673	37.940094007791792	0
3752	25.908167156172706	37.276967247707802	0
3753	26.296271132294883	37.835375687772405	0
3754	26.298560600904459	37.835778352910651	0
3755	26.886934606663953	37.4199567170648	0
3756	26.887319278123506	37.417664156575739	0
3757	26.490492082868027	36.86542067827753	0
3758	26.488181445570611	36.865032973688734	0
3759	25.9085729963201	37.274659726669292	0
3760	26.875086319076729	36.585996609646166	0
3761	27.277674730529657	37.134054319363898	0
3762	27.279973955140029	37.134396915217408	0
3763	27.857261398355877	36.703315935126327	0
3764	27.857585925760713	36.701014090715574	0
3765	27.446438664289296	36.159347577442155	0
3766	27.44411866986659	36.159020491143131	0
3767	26.875431616293898	36.583679255680927	0
3768	23.478184686412686	40.178097764583313	0
3769	23.82128004624537	40.765235104801533	0
3770	23.82353086444467	40.765816158294342	0
3771	24.458090399255795	40.388292906767319	0
3772	24.458653757124491	40.386037594452013	0
3773	24.106378371606475	39.804361795595483	0
3774	24.104105276184153	39.803793995657635	0
3775	23.478770321504403	40.175829198713046	0
3776	24.52187928719357	39.549742507050851	0
3777	24.880226540619955	40.127697460467644	0
3778	24.882491797727315	40.128219395296277	0
3779	25.506951478194093	39.73421467941769	0
3780	25.507455605820219	39.731945392951772	0
3781	25.140074438959939	39.15969041442068	0
3782	25.137787259201026	39.15918231175506	0
3783	24.522405337471248	39.54745938842192	0
3784	25.548767816806212	38.89428183155777	0
3785	25.922121370518635	39.462658296717571	0
3786	25.924399514039994	39.463120755173975	0
3787	26.538331366689896	39.052904606095083	0
3788	26.538775918569563	39.050622900734162	0
3789	26.156540755067688	38.488180937506009	0
3790	26.154241058490939	38.487732880340801	0
3791	25.549233921741269	38.891985724905652	0
3792	16.608313925189393	30.974374571808088	0
3793	16.929663970378193	31.573689873360106	0
3794	16.928983350645233	31.575912610975504	0
3795	16.433854757742967	31.836412365462824	0
3796	16.43163743420196	31.835714309560846	0
3797	16.119740668782054	31.231425396922329	0
3798	16.120444228845351	31.229190589815278	0
3799	16.60607366131805	30.973688585397763	0
3800	15.791808068774202	31.398515402345211	0
3801	16.097359749659574	32.006037297033266	0
3802	16.096621178670336	32.008241456424429	0
3803	15.594843165363315	32.255690988569853	0
3804	15.592644874616969	32.254935129110486	0
3805	15.296673428057938	31.642688785684083	0
3806	15.297435247458894	31.640473161445023	0
3807	15.789586529616139	31.397771007733738	0
3808	14.964479295927092	31.8011372588164	0
3809	15.254023202649597	32.416449381480263	0
3810	15.253227186583745	32.418633452026441	0
3811	14.745143646457921	32.652863172281037	0
3812	14.742965895104906	32.652050027292589	0
3813	14.463122611452116	32.032265856139709	0
3814	14.463942168077764	32.030070933246819	0
3815	14.96227800401428	31.800334966174667	0
3816	17.146496740734701	31.978081281104327	0
3817	17.467846785923509	32.577396582656355	0
3818	17.467166166190548	32.579619320271746	0
3819	16.956205639238991	32.848448658208746	0
3820	16.953988315697984	32.84775060230676	0
3821	16.642091550278078	32.243461689668244	0
3822	16.642795110341375	32.241226882561193	0
3823	17.144256476863358	31.977395294694002	0
3824	16.303532483864526	32.415966150163023	0
3825	16.609084164749902	33.023488044851085	0
3826	16.608345593760664	33.025692204242247	0
3827	16.090523028537355	33.281054033777906	0
3828	16.088324737791009	33.280298174318538	0
3829	15.792353291231976	32.668051830892132	0
3830	15.793115110632932	32.665836206653069	0
3831	16.301310944706465	32.415221755551556	0
3832	15.449394600209533	32.83163473523603	0
3833	15.738938506932042	33.446946857899896	0
3834	15.73814249086619	33.449130928446074	0
3835	15.213812777091517	33.690850237338076	0
3836	15.211635025738502	33.690037092349627	0
3837	14.931791742085711	33.07025292119674	0
3838	14.932611298711359	33.06805799830385	0
3839	15.447193308296722	32.830832442594293	0
3840	17.684679556280017	32.981787990400569	0
3841	18.006029601468818	33.581103291952594	0
3842	18.005348981735857	33.583326029567985	0
3843	17.478556520735015	33.860484950954657	0
3844	17.476339197194008	33.859786895052672	0
3845	17.164442431774106	33.255497982414163	0
3846	17.165145991837402	33.253263175307112	0
3847	17.682439292408674	32.981102003990244	0
3848	16.815256898954857	33.433416897980841	0
3849	17.120808579840226	34.040938792668896	0
3850	17.120070008850988	34.043142952060059	0
3851	16.586202891711395	34.306417078985959	0
3852	16.584004600965049	34.305661219526591	0
3853	16.288033154406019	33.693414876100192	0
3854	16.288794973806972	33.691199251861129	0
3855	16.813035359796796	33.432672503369375	0
3856	15.934309904491979	33.862132211655663	0
3857	16.223853811214482	34.477444334319529	0
3858	16.22305779514863	34.479628404865707	0
3859	15.682481907725112	34.728837302395107	0
3860	15.680304156372097	34.728024157406658	0
3861	15.400460872719307	34.108239986253778	0
3862	15.401280429344956	34.106045063360888	0
3863	15.932108612579167	33.861329919013926	0
3864	19.106254389988102	33.496829793141131	0
3865	19.443182562211167	34.08752776078591	0
3866	19.442560360197248	34.089767553272203	0
3867	18.907595126808552	34.389362479067991	0
3868	18.905360290115684	34.388722705136047	0
3869	18.577751964298326	33.792805372721226	0
3870	18.578396782839043	33.790552914371347	0
3871	19.103996936768436	33.496202685072774	0
3872	18.222862371825325	33.985494699696808	0
3873	18.544212417014133	34.58481000124884	0
3874	18.543531797281172	34.587032738864231	0
3875	18.000907402231043	34.872521243700575	0
3876	17.998690078690036	34.87182318779859	0
3877	17.68679331327013	34.267534275160074	0
3878	17.687496873333426	34.265299468053023	0
3879	18.220622107953982	33.984808713286483	0
3880	17.326981314045181	34.450867645798652	0
3881	17.632532994930557	35.058389540486715	0
3882	17.631794423941319	35.060593699877877	0
3883	17.081882754885434	35.331780124194019	0
3884	17.079684464139088	35.331024264734651	0
3885	16.783713017580055	34.718777921308245	0
3886	16.784474836981008	34.716562297069181	0
3887	17.32475977488712	34.450123251187186	0
3888	16.419225208774424	34.892629688075296	0
3889	16.708769115496928	35.507941810739162	0
3890	16.707973099431076	35.51012588128534	0
3891	16.151151038358712	35.766824367452145	0
3892	16.148973287005695	35.766011222463696	0
3893	15.869130003352902	35.146227051310809	0
3894	15.869949559978551	35.144032128417919	0
3895	16.417023916861609	34.891827395433559	0
3896	15.500216186704169	35.310478064889487	0
3897	15.773553880333182	35.933158711335807	0
3898	15.772700964740366	35.935321196184155	0
3899	15.209350129678292	36.177355815881555	0
3900	15.207194410240604	36.176485942652988	0
3901	14.943671080102183	35.549588712885622	0
3902	14.944547812269354	35.547415995629407	0
3903	15.498036650692125	35.309618424068788	0
3904	19.670526762369459	34.486104573473519	0
3905	20.00745493459252	35.076802541118298	0
3906	20.006832732578602	35.07904233360459	0
3907	19.456259033424391	35.387378420229055	0
3908	19.454024196731524	35.386738646297111	0
3909	19.126415870914169	34.790821313882297	0
3910	19.127060689454886	34.788568855532418	0
3911	19.668269309149792	34.485477465405161	0
3912	18.761045187370637	34.989201408993047	0
3913	19.082395232559442	35.588516710545072	0
3914	19.081714612826481	35.590739448160463	0
3915	18.523258283727067	35.884557536446486	0
3916	18.52104096018606	35.883859480544501	0
3917	18.209144194766157	35.279570567905992	0
3918	18.209847754829454	35.277335760798941	0
3919	18.758804923499294	34.988515422582722	0
3920	17.838705729135508	35.468318393616471	0
3921	18.144257410020881	36.075840288304526	0
3922	18.143518839031643	36.078044447695689	0
3923	17.577562618059474	36.357143169402065	0
3924	17.575364327313128	36.356387309942697	0
3925	17.279392880754099	35.744140966516298	0
3926	17.280154700155052	35.741925342277234	0
3927	17.836484189977448	35.467573999005005	0
3928	16.90414051305687	35.923127164494936	0
3929	17.19368441977937	36.538439287158795	0
3930	17.192888403713518	36.540623357704973	0
3931	16.619820168992305	36.804811432509176	0
3932	16.617642417639289	36.803998287520727	0
3933	16.337799133986501	36.184214116367848	0
3934	16.338618690612151	36.182019193474957	0
3935	16.901939221144055	35.922324871853199	0
3936	15.957990043451236	36.3533160184151	0
3937	16.231327737080246	36.975996664861412	0
3938	16.23047482148743	36.978159149709761	0
3939	15.650687325359852	37.227255516301788	0
3940	15.648531605922164	37.226385643073222	0
3941	15.385008275783745	36.599488413305863	0
3942	15.385885007950916	36.597315696049648	0
3943	15.955810507439192	36.3524563775944	0
3944	20.234799134750808	35.475379353805899	0
3945	20.571727306973873	36.066077321450685	0
3946	20.571105104959955	36.068317113936978	0
3947	20.004922940040235	36.385394361390127	0
3948	20.002688103347367	36.384754587458183	0
3949	19.675079777530012	35.788837255043362	0
3950	19.675724596070729	35.786584796693482	0
3951	20.232541681531142	35.474752245737541	0
3952	19.29922800291595	35.992908118289286	0
3953	19.620578048104754	36.592223419841318	0
3954	19.619897428371793	36.594446157456709	0
3955	19.045609165223095	36.896593829192405	0
3956	19.043391841682087	36.89589577329042	0
3957	18.731495076262181	36.291606860651903	0
3958	18.732198636325478	36.289372053544852	0
3959	19.296987739044607	35.992222131878961	0
3960	18.350430144225836	36.485769141434282	0
3961	18.655981825111208	37.093291036122345	0
3962	18.65524325412197	37.095495195513507	0
3963	18.073242481233514	37.382506214610125	0
3964	18.071044190487168	37.381750355150757	0
3965	17.775072743928135	36.769504011724351	0
3966	17.775834563329088	36.767288387485287	0
3967	18.348208605067775	36.485024746822816	0
3968	17.389055817339312	36.953624640914562	0
3969	17.678599724061819	37.568936763578435	0
3970	17.677803707995967	37.571120834124613	0
3971	17.088489299625905	37.842798497566214	0
3972	17.086311548272889	37.841985352577765	0
3973	16.806468264620094	37.222201181424879	0
3974	16.807287821245744	37.220006258531988	0
3975	17.386854525426497	36.952822348272825	0
3976	16.4157639001983	37.396153971940706	0
3977	16.689101593827314	38.018834618387032	0
3978	16.688248678234498	38.020997103235381	0
3979	16.092024521041417	38.277155216722029	0
3980	16.089868801603728	38.276285343493463	0
3981	15.826345471465306	37.649388113726097	0
3982	15.827222203632477	37.647215396469882	0
3983	16.413584364186256	37.395294331120006	0
3984	20.799071507132162	36.464654134138279	0
3985	21.135999679355226	37.055352101783065	0
3986	21.135377477341308	37.057591894269358	0
3987	20.553586846656078	37.383410302551191	0
3988	20.55135200996321	37.382770528619247	0
3989	20.223743684145852	36.786853196204426	0
3990	20.224388502686569	36.784600737854547	0
3991	20.796814053912495	36.464027026069921	0
3992	19.837410818461258	36.996614827585525	0
3993	20.158760863650066	37.595930129137557	0
3994	20.158080243917105	37.598152866752947	0
3995	19.567960046719119	37.908630121938316	0
3996	19.565742723178111	37.907932066036331	0
3997	19.253845957758205	37.303643153397815	0
3998	19.254549517821502	37.301408346290764	0
3999	19.835170554589915	36.9959288411752	0
4000	18.86215455931616	37.503219889252094	0
4001	19.167706240201536	38.110741783940156	0
4002	19.166967669212298	38.112945943331319	0
4003	18.568922344407554	38.407869259818177	0
4004	18.566724053661208	38.40711340035881	0
4005	18.270752607102175	37.794867056932404	0
4006	18.271514426503128	37.79265143269334	0
4007	18.859933020158099	37.502475494640628	0
4008	17.873971121621754	37.984122117334195	0
4009	18.163515028344261	38.599434239998061	0
4010	18.162719012278409	38.601618310544239	0
4011	17.557158430259499	38.880785562623245	0
4012	17.554980678906482	38.879972417634796	0
4013	17.27513739525369	38.260188246481917	0
4014	17.275956951879341	38.257993323589027	0
4015	17.871769829708938	37.983319824692458	0
4016	16.873537756945364	38.438991925466318	0
4017	17.146875450574377	39.061672571912638	0
4018	17.146022534981562	39.063835056760986	0
4019	16.533361716722975	39.327054917142263	0
4020	16.531205997285287	39.326185043913696	0
4021	16.267682667146868	38.699287814146331	0
4022	16.268559399314039	38.697115096890116	0
4023	16.87135822093332	38.438132284645619	0
4024	21.363343879513515	37.453928914470673	0
4025	21.700272051736576	38.044626882115445	0
4026	21.699649849722658	38.046866674601738	0
4027	21.102250753271917	38.381426243712255	0
4028	21.10001591657905	38.380786469780311	0
4029	20.772407590761695	37.784869137365497	0
4030	20.773052409302412	37.782616679015618	0
4031	21.361086426293848	37.453301806402315	0
4032	20.375593634006574	38.000321536881771	0
4033	20.696943679195375	38.599636838433796	0
4034	20.696263059462414	38.601859576049186	0
4035	20.090310928215143	38.920666414684227	0
4036	20.088093604674135	38.919968358782242	0
4037	19.776196839254233	38.315679446143733	0
4038	19.77690039931753	38.313444639036682	0
4039	20.373353370135231	37.999635550471446	0
4040	19.373878974406487	38.520670637069912	0
4041	19.67943065529186	39.128192531757968	0
4042	19.678692084302622	39.13039669114913	0
4043	19.06460220758159	39.433232305026223	0
4044	19.062403916835244	39.432476445566856	0
4045	18.766432470276214	38.820230102140457	0
4046	18.767194289677168	38.818014477901393	0
4047	19.371657435248427	38.519926242458446	0
4048	18.358886425904199	39.014619593753828	0
4049	18.648430332626702	39.629931716417694	0
4050	18.64763431656085	39.632115786963872	0
4051	18.025827560893095	39.918772627680283	0
4052	18.023649809540078	39.917959482691835	0
4053	17.743806525887287	39.298175311538955	0
4054	17.744626082512937	39.295980388646065	0
4055	18.356685133991384	39.013817301112091	0
4056	17.331311613692431	39.481829878991931	0
4057	17.604649307321441	40.104510525438243	0
4058	17.603796391728626	40.106673010286592	0
4059	16.974698912404538	40.376954617562497	0
4060	16.97254319296685	40.37608474433393	0
4061	16.709019862828431	39.749187514566572	0
4062	16.709896594995602	39.747014797310356	0
4063	17.329132077680388	39.480970238171231	0
4064	21.927616251894868	38.443203694803053	0
4065	22.264544424117933	39.033901662447832	0
4066	22.263922222104014	39.036141454934125	0
4067	21.650914659887761	39.379442184873326	0
4068	21.648679823194893	39.378802410941383	0
4069	21.321071497377538	38.782885078526562	0
4070	21.321716315918255	38.780632620176682	0
4071	21.925358798675202	38.442576586734695	0
4072	20.913776449551882	39.004028246178009	0
4073	21.23512649474069	39.603343547730042	0
4074	21.234445875007729	39.605566285345432	0
4075	20.61266180971117	39.932702707430138	0
4076	20.610444486170163	39.932004651528153	0
4077	20.298547720750257	39.327715738889644	0
4078	20.299251280813554	39.325480931782593	0
4079	20.911536185680539	39.003342259767685	0
4080	19.885603389496815	39.538121384887724	0
4081	20.191155070382187	40.145643279575786	0
4082	20.190416499392949	40.147847438966949	0
4083	19.560282070755633	40.458595350234283	0
4084	19.558083780009287	40.457839490774916	0
4085	19.262112333450254	39.845593147348509	0
4086	19.262874152851207	39.843377523109446	0
4087	19.883381850338754	39.537376990276258	0
4088	18.843801730186645	40.045117070173461	0
4089	19.133345636909148	40.660429192837327	0
4090	19.132549620843296	40.662613263383506	0
4091	18.494496691526692	40.956759692737322	0
4092	18.492318940173675	40.955946547748873	0
4093	18.212475656520883	40.336162376595986	0
4094	18.213295213146534	40.333967453703096	0
4095	18.841600438273829	40.044314777531724	0
4096	17.789085470439495	40.524667832517537	0
4097	18.062423164068509	41.147348478963863	0
4098	18.061570248475693	41.149510963812212	0
4099	17.4160361080861	41.426854317982738	0
4100	17.413880388648412	41.425984444754171	0
4101	17.150357058509989	40.799087214986805	0
4102	17.151233790677161	40.79691449773059	0
4103	17.786905934427452	40.523808191696837	0
4104	22.491888624276221	39.43247847513544	0
4105	22.828816796499282	40.023176442780219	0
4106	22.828194594485364	40.025416235266512	0
4107	22.199578566503604	40.377458126034391	0
4108	22.197343729810736	40.376818352102447	0
4109	21.869735403993381	39.780901019687633	0
4110	21.870380222534099	39.778648561337754	0
4111	22.489631171056555	39.431851367067082	0
4112	21.451959265097194	40.007734955474255	0
4113	21.773309310285999	40.60705025702628	0
4114	21.772628690553038	40.609272994641671	0
4115	21.135012691207194	40.94473900017605	0
4116	21.132795367666187	40.944040944274064	0
4117	20.820898602246285	40.339752031635555	0
4118	20.821602162309581	40.337517224528504	0
4119	21.449719001225851	40.007048969063931	0
4120	20.397327804587142	40.555572132705542	0
4121	20.702879485472515	41.163094027393598	0
4122	20.702140914483277	41.16529818678476	0
4123	20.05596193392967	41.483958395442336	0
4124	20.053763643183323	41.483202535982969	0
4125	19.757792196624294	40.870956192556569	0
4126	19.758554016025247	40.868740568317506	0
4127	20.395106265429082	40.554827738094076	0
4128	19.32871703446909	41.075614546593101	0
4129	19.61826094119159	41.69092666925696	0
4130	19.617464925125738	41.693110739803139	0
4131	18.963165822160285	41.994746757794353	0
4132	18.960988070807268	41.993933612805904	0
4133	18.68114478715448	41.374149441653024	0
4134	18.68196434378013	41.371954518760134	0
4135	19.326515742556275	41.074812253951364	0
4136	18.246859327186563	41.567505786043156	0
4137	18.520197020815573	42.190186432489469	0
4138	18.519344105222757	42.192348917337817	0
4139	17.857373303767663	42.476754018402971	0
4140	17.855217584329974	42.475884145174405	0
4141	17.591694254191555	41.848986915407046	0
4142	17.592570986358727	41.846814198150831	0
4143	18.244679791174519	41.566646145222457	0
4144	23.056160996657574	40.42175325546782	0
4145	23.393089168880639	41.012451223112606	0
4146	23.392466966866721	41.014691015598899	0
4147	22.748242473119447	41.375474067195462	0
4148	22.74600763642658	41.374834293263518	0
4149	22.418399310609221	40.778916960848697	0
4150	22.419044129149938	40.776664502498818	0
4151	23.053903543437908	40.421126147399463	0
4152	21.990142080642507	41.011441664770494	0
4153	22.311492125831311	41.610756966322526	0
4154	22.31081150609835	41.612979703937917	0
4155	21.657363572703222	41.956775292921968	0
4156	21.655146249162215	41.956077237019983	0
4157	21.343249483742309	41.351788324381467	0
4158	21.343953043805605	41.349553517274416	0
4159	21.987901816771164	41.010755678360169	0
4160	20.909052219677466	41.573022880523354	0
4161	21.214603900562842	42.180544775211416	0
4162	21.213865329573604	42.182748934602579	0
4163	20.551641797103713	42.509321440650389	0
4164	20.549443506357367	42.508565581191021	0
4165	20.253472059798334	41.896319237764622	0
4166	20.254233879199287	41.894103613525559	0
4167	20.906830680519406	41.572278485911887	0
4168	1.1039655126631873	35.128752208115245	0
4169	1.1253258607984149	35.808449506730426	0
4170	1.1270266635851758	35.810034144104826	0
4171	1.6860704804222404	35.788069252719325	0
4172	1.6876417109861719	35.786356056804443	0
4173	1.6556077768787485	35.107078124524264	0
4174	1.6538810724373181	35.105494504828648	0
4175	1.1055626448817883	35.127037994521579	0
4176	2.0231507419260688	35.087816013935026	0
4177	2.062296171454328	35.766721248532818	0
4178	2.0640378723890884	35.768260821064935	0
4179	2.6223151450461675	35.731669395403948	0
4180	2.6238409909477221	35.729915656537266	0
4181	2.5740366107494745	35.051709046476361	0
4182	2.5722690436756195	35.050171169300569	0
4183	2.024702453966718	35.086060579712019	0
4184	2.9409494047290687	35.022832383334375	0
4185	2.9978530873283189	35.700480266179056	0
4186	2.9996344927362584	35.701973718722783	0
4187	3.5567626058572448	35.650780836721665	0
4188	3.5582420213578589	35.648987756828205	0
4189	3.4907013285031914	34.972317277919934	0
4190	3.4888941101990918	34.970826197248165	0
4191	2.942454633125843	35.021036931568958	0
4192	1.1397388771688333	36.267079124087324	0
4193	1.1610992253040611	36.946776422702513	0
4194	1.1628000280908219	36.948361060076913	0
4195	1.7397194937304448	36.925693832537128	0
4196	1.7412907242943763	36.923980636622247	0
4197	1.7092567901869524	36.24470270434206	0
4198	1.707530085745522	36.243119084646445	0
4199	1.1413360093874343	36.265364910493659	0
4200	2.0887097726300201	36.224816416189888	0
4201	2.1278552021582802	36.903721650787688	0
4202	2.1295969030930406	36.905261223319805	0
4203	2.7057253139970814	36.867499772242915	0
4204	2.707251159898636	36.865746033376233	0
4205	2.657446779700388	36.187539423315322	0
4206	2.6556792126265329	36.186001546139529	0
4207	2.0902614846706693	36.223060981966881	0
4208	3.0362491707464279	36.157727028590756	0
4209	3.0931528533456785	36.835374911435444	0
4210	3.0949342587536179	36.836868363979171	0
4211	3.6698767652875008	36.784038569177511	0
4212	3.671356180788115	36.782245489284051	0
4213	3.6038154879334465	36.105575010375773	0
4214	3.6020082696293469	36.104083929704004	0
4215	3.0377543991432021	36.155931576825338	0
4216	1.1755122416744794	37.405406040059411	0
4217	1.196872589809707	38.085103338674593	0
4218	1.1985733925964679	38.086687976048992	0
4219	1.7933685070386489	38.063318412354924	0
4220	1.7949397376025804	38.061605216440043	0
4221	1.7629058034951568	37.382327284159864	0
4222	1.7611790990537264	37.380743664464248	0
4223	1.1771093738930805	37.403691826465746	0
4224	2.1542688033339719	37.361816818444758	0
4225	2.1934142328622315	38.04072205304255	0
4226	2.1951559337969919	38.042261625574668	0
4227	2.7891354829479953	38.003330149081876	0
4228	2.7906613288495499	38.001576410215193	0
4229	2.7408569486513024	37.323369800154296	0
4230	2.7390893815774473	37.321831922978504	0
4231	2.155820515374621	37.360061384221751	0
4232	3.1315489367637874	37.292621673847137	0
4233	3.1884526193630371	37.970269556691818	0
4234	3.1902340247709766	37.971763009235545	0
4235	3.782990924717756	37.91729630163335	0
4236	3.7844703402183701	37.91550322173989	0
4237	3.7169296473637026	37.238832742831619	0
4238	3.715122429059603	37.237341662159849	0
4239	3.1330541651605617	37.290826222081719	0
4240	0.20191322367291697	38.562232742097713	0
4241	0.20547385109947483	39.242256274153462	0
4242	0.20713259009296264	39.24388489033884	0
4243	0.82022353524693459	39.235859090228558	0
4244	0.82183907363029918	39.23418761140438	0
4245	0.80759754007200601	38.554303900069016	0
4246	0.80591288165997388	38.552675623187412	0
4247	0.20355468147482594	38.56056092396976	0
4248	1.2112856061801254	38.543732956031491	0
4249	1.2326459543153532	39.223430254646679	0
4250	1.2343467571021141	39.225014892021079	0
4251	1.8470175203468533	39.200942992172727	0
4252	1.8485887509107848	39.199229796257846	0
4253	1.8165548168033609	38.51995186397766	0
4254	1.8148281123619305	38.518368244282044	0
4255	1.2128827383987264	38.542018742437826	0
4256	2.2198278340379232	38.498817220699621	0
4257	2.2589732635661832	39.17772245529742	0
4258	2.2607149645009437	39.179262027829537	0
4259	2.8725456518989096	39.13916052592085	0
4260	2.8740714978004642	39.137406787054168	0
4261	2.8242671176022158	38.459200176993257	0
4262	2.8224995505283608	38.457662299817464	0
4263	2.2213795460785724	38.497061786476614	0
4264	3.2268487027811461	38.427516319103518	0
4265	3.2837523853803967	39.105164201948199	0
4266	3.2855337907883362	39.106657654491926	0
4267	3.896105084148012	39.050554034089195	0
4268	3.8975844996486262	39.048760954195735	0
4269	3.8300438067939577	38.372090475287457	0
4270	3.8282365884898581	38.370599394615688	0
4271	3.2283539311779204	38.4257208673381	0
4272	4.2316580506081722	38.329879117319564	0
4273	4.3062809873367618	39.005805222401506	0
4274	4.3081008763315971	39.007251531419065	0
4275	4.9169943205872304	38.935184243141279	0
4276	4.9184262917694186	38.933353051108426	0
4277	4.8331955752754796	38.258682459498587	0
4278	4.8313499443182888	38.257239197243052	0
4279	4.2331157637527159	38.328044878524686	0
4280	0.20787640470314478	39.701106019379509	0
4281	0.21143703212970261	40.381129551435251	0
4282	0.21309577112319042	40.382758167620629	0
4283	0.84407462455853555	40.374498201963796	0
4284	0.84569016294190014	40.372826723139617	0
4285	0.83144862938360709	39.69294301180426	0
4286	0.82976397097157495	39.691314734922656	0
4287	0.20951786250505375	39.699434201251556	0
4288	1.2470589706857715	39.682059872003578	0
4289	1.2684193188209993	40.361757170618759	0
4290	1.2701201216077602	40.363341807993159	0
4291	1.9006665336550572	40.338567571990524	0
4292	1.9022377642189887	40.336854376075642	0
4293	1.8702038301115653	39.657576443795463	0
4294	1.8684771256701349	39.655992824099847	0
4295	1.2486561029043726	39.680345658409912	0
4296	2.2853868647418749	39.635817622954491	0
4297	2.3245322942701345	40.314722857552283	0
4298	2.326273995204895	40.3162624300844	0
4299	2.9559558208498231	40.274990902759811	0
4300	2.9574816667513777	40.273237163893128	0
4301	2.9076772865531302	39.595030553832224	0
4302	2.9059097194792751	39.593492676656432	0
4303	2.2869385767825241	39.634062188731484	0
4304	3.3221484687985057	39.562410964359898	0
4305	3.3790521513977558	40.24005884720458	0
4306	3.3808335568056953	40.241552299748307	0
4307	4.0092192435782676	40.183811766545034	0
4308	4.0106986590788818	40.182018686651574	0
4309	3.9431579662242138	39.505348207743296	0
4310	3.9413507479201142	39.503857127071527	0
4311	3.3236536971952799	39.560615512594481	0
4312	4.3566332382396409	39.461890205476855	0
4313	4.4312561749682304	40.13781631055879	0
4314	4.4330760639630657	40.13926261957635	0
4315	5.0597349477021316	40.065092652971657	0
4316	5.0611669188843198	40.063261460938804	0
4317	4.9759362023903817	39.388590869328965	0
4318	4.9740905714331909	39.38714760707343	0
4319	4.3580909513841846	39.460055966681978	0
4320	0.21383958573337256	40.839979296661298	0
4321	0.21740021315993041	41.520002828717047	0
4322	0.21905895215341822	41.521631444902425	0
4323	0.86792571387013662	41.51313731369904	0
4324	0.86954125225350121	41.511465834874862	0
4325	0.85529971869520804	40.831582123539498	0
4326	0.85361506028317591	40.829953846657894	0
4327	0.21548104353528152	40.838307478533345	0
4328	1.2828323351914175	40.820386787975657	0
4329	1.3041926833266455	41.500084086590846	0
4330	1.3058934861134064	41.501668723965246	0
4331	1.9543155469632616	41.476192151808327	0
4332	1.9558867775271931	41.474478955893446	0
4333	1.9238528434197695	40.795201023613259	0
4334	1.9221261389783391	40.793617403917644	0
4335	1.2844294674100185	40.818672574381992	0
4336	2.3509458954458262	40.772818025209354	0
4337	2.3900913249740863	41.451723259807153	0
4338	2.3918330259088467	41.45326283233927	0
4339	3.0393659898007375	41.410821279598778	0
4340	3.040891835702292	41.409067540732096	0
4341	2.9910874555040436	40.730860930671192	0
4342	2.9893198884301886	40.729323053495399	0
4343	2.3524976074864754	40.771062590986347	0
4344	3.4174482348158648	40.697305609616272	0
4345	3.4743519174151154	41.374953492460961	0
4346	3.4761333228230549	41.376446945004687	0
4347	4.1223334030085237	41.317069499000873	0
4348	4.1238128185091378	41.315276419107413	0
4349	4.0562721256544689	40.638605940199135	0
4350	4.0544649073503702	40.637114859527365	0
4351	3.418953463212639	40.695510157850855	0
4352	4.4816084258711086	40.59390129363414	0
4353	4.5562313625996982	41.269827398716082	0
4354	4.5580512515945335	41.271273707733641	0
4355	5.2024755748170346	41.195001062802035	0
4356	5.2039075459992228	41.193169870769182	0
4357	5.1186768295052838	40.518499279159343	0
4358	5.116831198548093	40.517056016903808	0
4359	4.4830661390156523	40.592067054839262	0
4360	0.21980276676360036	41.978852573943087	0
4361	0.22336339419015822	42.658876105998836	0
4362	0.22502213318364603	42.660504722184214	0
4363	0.89177680318173758	42.651776425434278	0
4364	0.89339234156510217	42.650104946610099	0
4365	0.879150808006809	41.970221235274735	0
4366	0.87746614959477687	41.968592958393131	0
4367	0.22144422456550933	41.977180755815134	0
4368	1.3186056996970634	41.958713703947737	0
4369	1.3399660478322915	42.638411002562925	0
4370	1.3416668506190523	42.639995639937325	0
4371	2.0079645602714655	42.613816731626123	0
4372	2.0095357908353972	42.612103535711242	0
4373	1.9775018567279734	41.932825603431056	0
4374	1.975775152286543	41.93124198373544	0
4375	1.3202028319156645	41.956999490354072	0
4376	2.416504926149778	41.909818427464216	0
4377	2.4556503556780376	42.588723662062016	0
4378	2.457392056612798	42.590263234594133	0
4379	3.1227761587516509	42.546651656437746	0
4380	3.1243020046532055	42.544897917571063	0
4381	3.0744976244549576	41.866691307510152	0
4382	3.0727300573811025	41.86515343033436	0
4383	2.4180566381904272	41.908062993241209	0
4384	3.5127480008332239	41.832200254872653	0
4385	3.5696516834324745	42.509848137717341	0
4386	3.571433088840414	42.511341590261068	0
4387	4.2354475624387788	42.450327231456711	0
4388	4.236926977939393	42.448534151563251	0
4389	4.1693862850847241	41.771863672654973	0
4390	4.1675790667806254	41.770372591983204	0
4391	3.5142532292299982	41.830404803107236	0
4392	4.6065836135025764	41.725912381791424	0
4393	4.6812065502311668	42.401838486873366	0
4394	4.6830264392260021	42.403284795890926	0
4395	5.3452162019319358	42.324909472632413	0
4396	5.346648173114124	42.32307828059956	0
4397	5.261417456620185	41.648407688989714	0
4398	5.2595718256629942	41.646964426734179	0
4399	4.6080413266471201	41.724078142996547	0
4400	0.22576594779382816	43.117725851224883	0
4401	0.22932657522038599	43.797749383280625	0
4402	0.2309853142138738	43.799377999466003	0
4403	0.91562789249333854	43.790415537169515	0
4404	0.91724343087670313	43.788744058345337	0
4405	0.90300189731841018	43.10886034700998	0
4406	0.90131723890637805	43.107232070128376	0
4407	0.22740740559573713	43.11605403309693	0
4408	1.3543790642027096	43.097040619919824	0
4409	1.3757394123379374	43.776737918535012	0
4410	1.3774402151246983	43.778322555909412	0
4411	2.0616135735796699	43.751441311443919	0
4412	2.0631848041436016	43.749728115529038	0
4413	2.0311508700361776	43.070450183248859	0
4414	2.0294241655947474	43.068866563553243	0
4415	1.3559761964213106	43.095326406326159	0
4416	2.4820639568537297	43.046818829719086	0
4417	2.5212093863819893	43.725724064316879	0
4418	2.5229510873167498	43.727263636848996	0
4419	3.2061863277025648	43.682482033276706	0
4420	3.2077121736041194	43.680728294410024	0
4421	3.1579077934058715	43.002521684349119	0
4422	3.1561402263320164	43.000983807173327	0
4423	2.4836156688943789	43.045063395496079	0
4424	3.6080477668505835	42.967094900129034	0
4425	3.6649514494498336	43.644742782973715	0
4426	3.6667328548577731	43.646236235517442	0
4427	4.348561721869034	43.58358496391255	0
4428	4.3500411373696481	43.58179188401909	0
4429	4.2825004445149801	42.905121405110819	0
4430	4.2806932262108814	42.90363032443905	0
4431	3.6095529952473577	42.965299448363616	0
4432	4.731558801134045	42.857923469948716	0
4433	4.8061817378626346	43.533849575030651	0
4434	4.8080016268574699	43.53529588404821	0
4435	5.4879568290468379	43.454817882462784	0
4436	5.4893888002290261	43.452986690429931	0
4437	5.404158083735088	42.778316098820099	0
4438	5.4023124527778972	42.776872836564564	0
4439	4.7330165142785887	42.856089231153838	0
4440	0.23172912882405594	44.256599128506672	0
4441	0.2352897562506138	44.936622660562421	0
4442	0.23694849524410161	44.938251276747799	0
4443	0.93947898180493972	44.92905464890476	0
4444	0.94109452018830431	44.927383170080581	0
4445	0.92685298663001114	44.247499458745217	0
4446	0.92516832821797901	44.245871181863613	0
4447	0.23337058662596491	44.254927310378719	0
4448	1.3901524287083555	44.235367535891911	0
4449	1.4115127768435836	44.915064834507099	0
4450	1.4132135796303444	44.916649471881499	0
4451	2.1152625868878743	44.889065891261723	0
4452	2.116833817451806	44.887352695346841	0
4453	2.0847998833443815	44.208074763066655	0
4454	2.0830731789029513	44.206491143371039	0
4455	1.3917495609269566	44.233653322298245	0
4456	2.547622987557681	44.183819231973949	0
4457	2.5867684170859411	44.862724466571748	0
4458	2.5885101180207015	44.864264039103865	0
4459	3.2895964966534788	44.818312410115674	0
4460	3.2911223425550333	44.816558671248991	0
4461	3.2413179623567854	44.138352061188087	0
4462	3.2395503952829303	44.136814184012295	0
4463	2.5491746995983302	44.182063797750942	0
4464	3.7033475328679426	44.101989545385415	0
4465	3.7602512154671932	44.779637428230103	0
4466	3.7620326208751327	44.78113088077383	0
4467	4.46167588129929	44.716842696368396	0
4468	4.4631552967999042	44.715049616474936	0
4469	4.3956146039452353	44.038379137566658	0
4470	4.3938073856411366	44.036888056894888	0
4471	3.7048527612647169	44.100194093619997	0
4472	4.8565339887655128	43.989934558106	0
4473	4.9311569254941032	44.665860663187942	0
4474	4.9329768144889385	44.667306972205502	0
4475	5.6306974561617409	44.584726292293169	0
4476	5.6321294273439291	44.582895100260316	0
4477	5.5468987108499892	43.90822450865047	0
4478	5.5450530798927984	43.906781246394935	0
4479	4.8579917019100565	43.988100319311123	0
4480	0.23769230985428377	45.395472405788468	0
4481	0.24125293728084157	46.075495937844209	0
4482	0.24291167627432939	46.077124554029588	0
4483	0.96333007111654068	46.067693760639997	0
4484	0.96494560949990527	46.066022281815819	0
4485	0.95070407594161221	45.386138570480462	0
4486	0.94901941752958008	45.384510293598858	0
4487	0.23933376765619274	45.393800587660515	0
4488	1.4259257932140019	45.373694451863997	0
4489	1.4472861413492295	46.053391750479179	0
4490	1.4489869441359904	46.054976387853579	0
4491	2.1689116001960782	46.026690471079519	0
4492	2.1704828307600099	46.024977275164638	0
4493	2.1384488966525859	45.345699342884458	0
4494	2.1367221922111557	45.344115723188843	0
4495	1.427522925432603	45.371980238270332	0
4496	2.6131820182616328	45.320819634228819	0
4497	2.6523274477898924	45.999724868826604	0
4498	2.6540691487246528	46.001264441358721	0
4499	3.3730066656043927	45.954142786954641	0
4500	3.3745325115059472	45.952389048087959	0
4501	3.3247281313076997	45.274182438027054	0
4502	3.3229605642338447	45.272644560851262	0
4503	2.614733730302282	45.319064200005812	0
4504	3.7986472988853022	45.236884190641796	0
4505	3.8555509814845519	45.914532073486477	0
4506	3.8573323868924914	45.916025526030204	0
4507	4.5747900407295461	45.850100428824234	0
4508	4.5762694562301602	45.848307348930774	0
4509	4.5087287633754913	45.171636870022503	0
4510	4.5069215450713926	45.170145789350734	0
4511	3.8001525272820764	45.235088738876378	0
4512	4.9815091763969814	45.121945646263292	0
4513	5.056132113125571	45.797871751345227	0
4514	5.0579520021204063	45.799318060362786	0
4515	5.7734380832766421	45.71463470212354	0
4516	5.7748700544588303	45.712803510090687	0
4517	5.6896393379648922	45.038132918480855	0
4518	5.6877937070077014	45.03668965622532	0
4519	4.9829668895415251	45.120111407468414	0
4520	0.24365549088451155	46.534345683070256	0
4521	0.2472161183110694	47.214369215126005	0
4522	0.24887485730455722	47.215997831311384	0
4523	0.98718116042814186	47.206332872375242	0
4524	0.98879669881150645	47.204661393551063	0
4525	0.97455516525321328	46.524777682215699	0
4526	0.97287050684118115	46.523149405334095	0
4527	0.24529694868642052	46.532673864942304	0
4528	1.4616991577196479	46.512021367836077	0
4529	1.4830595058548757	47.191718666451266	0
4530	1.4847603086416366	47.193303303825665	0
4531	2.2225606135042826	47.164315050897322	0
4532	2.2241318440682143	47.162601854982441	0
4533	2.1920979099607902	46.483323922702255	0
4534	2.19037120551936	46.481740303006639	0
4535	1.4632962899382489	46.510307154242412	0
4536	2.6787410489655841	46.457820036483675	0
4537	2.7178864784938441	47.136725271081474	0
4538	2.7196281794286046	47.138264843613591	0
4539	3.456416834555307	47.089973163793609	0
4540	3.4579426804568616	47.088219424926926	0
4541	3.4081383002586132	46.410012814866022	0
4542	3.4063707331847581	46.408474937690229	0
4543	2.6802927610062333	46.456064602260668	0
4544	73.718407658789175	6.449524963326704	0
4545	72.875773722903403	12.849965147352844	0
4546	71.478511145391053	19.152609337586536	0
4547	69.537253938157221	25.309490606099487	0
4548	67.066776240712102	31.273751368811759	0
4549	64.085879880048466	37	0
4550	60.6172512773854	42.444656289977416	0
4551	56.687288790804381	47.566283116803916	0
4552	52.32590180780452	52.325901807804527	0
4553	47.566283116803909	56.687288790804381	0
4554	42.444656289977409	60.6172512773854	0
4555	36.999999999999993	64.085879880048481	0
4556	31.273751368811752	67.066776240712102	0
4557	25.30949060609948	69.537253938157221	0
4558	19.152609337586533	71.478511145391053	0
4559	12.849965147352844	72.875773722903403	0
4560	6.4495249633267031	73.718407658789175	0
4561	53.794513696954262	4.7064101083735412	0
4562	53.179618662659237	9.3770015940142386	0
4563	52.159994619609684	13.97622843553612	0
4564	50.743401522439051	18.469087739586108	0
4565	48.940620499979097	22.821386133997766	0
4566	46.765371804359688	26.999999999999996	0
4567	44.234210391605558	30.973127562956488	0
4568	41.366399928424812	34.710530923073122	0
4569	38.183766184073562	38.183766184073562	0
4570	34.710530923073122	41.366399928424812	0
4571	30.973127562956488	44.234210391605558	0
4572	27	46.765371804359688	0
4573	22.82138613399777	48.940620499979104	0
4574	18.469087739586115	50.743401522439058	0
4575	13.976228435536125	52.159994619609691	0
4576	9.3770015940142422	53.179618662659237	0
4577	4.7064101083735448	53.794513696954255	0
4578	31.497301318581222	0.41232226049734994	0
4579	30.682796701225765	2.6843968766278721	0
4580	30.332078792776009	5.348363872141455	0
4581	29.750515449703304	7.9716265891576406	0
4582	28.942532720205982	10.5342204144306	0
4583	27.914279840728824	13.016642461613547	0
4584	26.673582436560714	15.400000000000006	0
4585	25.229882964100952	17.666154239612226	0
4586	23.594168848064527	19.797858378345417	0
4587	21.778888860545667	21.778888860545671	0
4588	19.797858378345413	23.59416884806453	0
4589	17.666154239612222	25.229882964100952	0
4590	15.400000000000002	26.673582436560714	0
4591	13.016642461613545	27.914279840728824	0
4592	10.5342204144306	28.942532720205982	0
4593	7.9716265891576414	29.750515449703308	0
4594	5.3483638721414568	30.332078792776013	0
4595	2.6843968766278739	30.682796701225769	0
4596	31.261904601889832	0.54567857460573121	0
4597	31.247619858130392	1.0911909302315306	0
4598	31.223816786659675	1.6363708985293774	0
4599	31.190502638123839	2.1810524123996515	0
4600	31.147687560335246	2.7250695565767797	0
4601	31.095384595181347	3.2682566181686332	0
4602	31.033609674652002	3.8104481371342795	0
4603	30.962381615986434	4.3514789566847147	0
4604	30.881722115941308	4.8911842735912199	0
4605	30.791655744181707	5.4293996883860238	0
4606	30.69220993579696	5.9659612554399697	0
4607	30.583414982943655	6.5007055329019439	0
4608	30.465304025618352	7.0334696324848478	0
4609	30.337913041562821	7.5640912690829465	0
4610	30.201280835304868	8.0924088102054856	0
4611	30.055449026338103	8.6182613252115097	0
4612	29.900462036444242	9.1414886343309032	0
4613	29.736367076161802	9.661931357456691	0
4614	29.563214130405306	10.179430962693766	0
4615	29.381055943239403	10.693829814649245	0
4616	29.18994800181251	11.204971222449725	0
4617	28.989948519454888	11.712699487470854	0
4618	28.781118417946303	12.216859950764631	0
4619	28.563521308958659	12.717299040170024	0
4620	28.337223474679259	13.213864317092542	0
4621	28.102293847620626	13.706404522938495	0
4622	27.858803989622974	14.194769625189839	0
4623	27.606828070055787	14.678810863105527	0
4624	27.346442843225116	15.15838079303548	0
4625	27.077727624993457	15.633333333333344	0
4626	26.800764268619389	16.103523808854369	0
4627	26.515637139824264	16.568808995024888	0
4628	26.222433091093603	17.029047161469862	0
4629	25.921241435220985	17.484098115185368	0
4630	25.612153918102493	17.933823243242728	0
4631	25.295264690790038	18.378085555011353	0
4632	24.970670280812037	18.816749723887405	0
4633	24.638469562770187	19.249682128515616	0
4634	24.298763728221303	19.676750893491622	0
4635	23.951656254853393	20.097825929532505	0
4636	23.597252874965349	20.512778973103238	0
4637	23.235661543259869	20.921483625487014	0
4638	22.866992403959408	21.323815391287503	0
4639	22.49135775725517	21.719651716351372	0
4640	22.108872025099394	22.108872025099444	0
4641	21.719651716351326	22.491357757255223	0
4642	21.323815391287464	22.866992403959465	0
4643	20.921483625486978	23.23566154325993	0
4644	20.512778973103206	23.597252874965413	0
4645	20.097825929532473	23.951656254853461	0
4646	19.67675089349159	24.298763728221374	0
4647	19.249682128515587	24.638469562770261	0
4648	18.81674972388738	24.970670280812115	0
4649	18.378085555011332	25.29526469079012	0
4650	17.933823243242713	25.612153918102578	0
4651	17.484098115185358	25.921241435221077	0
4652	17.029047161469851	26.222433091093698	0
4653	16.568808995024877	26.515637139824364	0
4654	16.103523808854362	26.800764268619488	0
4655	15.633333333333335	27.077727624993557	0
4656	15.158380793035469	27.346442843225219	0
4657	14.678810863105516	27.606828070055897	0
4658	14.194769625189826	27.858803989623084	0
4659	13.706404522938483	28.102293847620736	0
4660	13.213864317092529	28.337223474679369	0
4661	12.717299040170012	28.563521308958769	0
4662	12.216859950764617	28.781118417946416	0
4663	11.712699487470838	28.989948519455005	0
4664	11.204971222449709	29.189948001812631	0
4665	10.693829814649227	29.381055943239531	0
4666	10.179430962693749	29.563214130405434	0
4667	9.6619313574566714	29.736367076161933	0
4668	9.1414886343308819	29.900462036444381	0
4669	8.6182613252114848	30.055449026338245	0
4670	8.0924088102054572	30.201280835305013	0
4671	7.5640912690829154	30.33791304156297	0
4672	7.033469632484814	30.465304025618508	0
4673	6.5007055329019074	30.583414982943808	0
4674	5.9659612554399315	30.692209935797109	0
4675	5.4293996883859839	30.791655744181853	0
4676	4.8911842735911772	30.881722115941457	0
4677	4.3514789566846686	30.962381615986587	0
4678	3.8104481371342307	31.033609674652162	0
4679	3.2682566181685822	31.095384595181507	0
4680	2.7250695565767264	31.147687560335406	0
4681	2.181052412399596	31.190502638124002	0
4682	1.6363708985293193	31.223816786659846	0
4683	1.0911909302314695	31.247619858130562	0
4684	0.54567857460566738	31.261904601890002	0
4685	31.028606806353345	0.54160634643703176	0
4686	31.014428665159276	1.0830477143342803	0
4687	30.990803228550281	1.6241591754060236	0
4688	30.957737693063219	2.1647759018593553	0
4689	30.915242130780513	2.7047332166023255	0
4690	30.863329486262096	3.24386664340618	0
4691	30.802015572602375	3.7820119570064112	0
4692	30.731319066613413	4.3190052331273652	0
4693	30.651261503135789	4.8546828984151666	0
4694	30.561867268478871	5.3888817802637403	0
4695	30.463163592992519	5.9214391565187761	0
4696	30.355180542772452	6.4521928050444677	0
4697	30.237951010501817	6.9809810531379473	0
4698	30.111510705431776	7.5076428267763591	0
4699	29.975898142504104	8.0320176996815658	0
4700	29.831154630619181	8.5539459421875481	0
4701	29.677324260052888	9.0732685698956033	0
4702	29.514453889026289	9.5898273921025439	0
4703	29.342593129432153	10.103465059987103	0
4704	29.161794331722714	10.614025114539928	0
4705	28.972112568963187	11.121352034222495	0
4706	28.773605620055996	11.625291282340482	0
4707	28.566333952140759	12.125689354117142	0
4708	28.350360702175411	12.622393823452347	0
4709	28.125751657704068	13.115253389353054	0
4710	27.892575236817514	13.604117922021052	0
4711	27.650902467312381	14.088838508583953	0
4712	27.400806965055398	14.569267498455496	0
4713	27.142364911559284	15.045258548311345	0
4714	26.875655030777114	15.516666666666687	0
4715	26.600758565122252	15.983348258042037	0
4716	26.317759250721121	16.445161166703816	0
4717	26.02674329190636	16.901964719966362	0
4718	25.72779933495816	17.353619771042201	0
4719	25.421018441101747	17.799988741427491	0
4720	25.106494058769236	18.240935662809775	0
4721	24.784321995134359	18.676326218485258	0
4722	24.454600386928643	19.106027784272953	0
4723	24.117429670548034	19.529909468913313	0
4724	23.77291255145899	19.947842153938964	0
4725	23.421153972913395	20.359698533005439	0
4726	23.062261083981838	20.765353150669931	0
4727	22.69634320691496	21.164682440606235	0
4728	22.323511803842841	21.557564763244251	0
4729	21.943880442822561	21.943880442822564	0
4730	21.557564763244255	22.323511803842848	0
4731	21.164682440606242	22.696343206914968	0
4732	20.765353150669938	23.062261083981845	0
4733	20.359698533005449	23.421153972913402	0
4734	19.947842153938975	23.772912551458994	0
4735	19.529909468913324	24.117429670548038	0
4736	19.106027784272964	24.454600386928647	0
4737	18.676326218485265	24.784321995134366	0
4738	18.240935662809783	25.106494058769247	0
4739	17.799988741427498	25.421018441101761	0
4740	17.353619771042208	25.727799334958178	0
4741	16.901964719966372	26.026743291906378	0
4742	16.445161166703826	26.317759250721139	0
4743	15.983348258042048	26.60075856512227	0
4744	15.516666666666698	26.875655030777132	0
4745	15.045258548311356	27.142364911559305	0
4746	14.569267498455506	27.400806965055423	0
4747	14.088838508583965	27.65090246731241	0
4748	13.604117922021066	27.892575236817546	0
4749	13.11525338935307	28.1257516577041	0
4750	12.622393823452363	28.350360702175447	0
4751	12.125689354117158	28.566333952140798	0
4752	11.625291282340498	28.773605620056038	0
4753	11.121352034222513	28.972112568963233	0
4754	10.614025114539947	29.161794331722763	0
4755	10.103465059987123	29.342593129432206	0
4756	9.5898273921025599	29.514453889026342	0
4757	9.0732685698956193	29.677324260052945	0
4758	8.5539459421875641	29.831154630619242	0
4759	8.0320176996815817	29.975898142504168	0
4760	7.5076428267763751	30.11151070543184	0
4761	6.9809810531379624	30.237951010501884	0
4762	6.4521928050444819	30.355180542772519	0
4763	5.9214391565187894	30.46316359299259	0
4764	5.3888817802637528	30.561867268478945	0
4765	4.8546828984151773	30.651261503135864	0
4766	4.3190052331273749	30.731319066613491	0
4767	3.7820119570064197	30.802015572602453	0
4768	3.2438666434061871	30.863329486262177	0
4769	2.7047332166023317	30.915242130780598	0
4770	2.1647759018593602	30.957737693063308	0
4771	1.6241591754060267	30.990803228550373	0
4772	1.0830477143342816	31.014428665159368	0
4773	0.54160634643703132	31.028606806353441	0
4774	15.73987622984958	1.3770607354129991	0
4775	15.559962497592888	2.7436412071374994	0
4776	15.261628055367281	4.0893409126198277	0
4777	14.847143408417354	5.4039182645455659	0
4778	14.319663035179071	6.6773685355030512	0
4779	13.683201379794133	7.9000000000000004	0
4780	12.942602299766072	9.0625076943465288	0
4781	12.103502201279854	10.156044233047322	0
4782	11.172287142747452	11.17228714274745	0
4783	10.156044233047323	12.103502201279852	0
4784	9.0625076943465306	12.942602299766069	0
4785	7.900000000000003	13.683201379794127	0
4786	6.6773685355030548	14.319663035179065	0
4787	5.4039182645455703	14.847143408417349	0
4788	4.089340912619833	15.261628055367275	0
4789	2.7436412071375051	15.559962497592885	0
4790	1.3770607354130051	15.739876229849578	0
4791	31.475714641582773	1.2366841964106612	0
4792	31.43255608201601	2.060198570749507	0
4793	31.367855218601843	2.882300987897175	0
4794	31.281656394080176	3.7024280199218857	0
4795	31.174018684819611	4.520017592722148	0
4796	31.04501586032945	5.334509371244275	0
4797	30.894736332701761	6.14534514350804	0
4798	30.72328309601815	6.9519692031772848	0
4799	30.530773655762761	7.7538287304132805	0
4800	30.317339948289892	8.5503741707498389	0
4801	30.083128250401376	9.3410596117304845	0
4802	29.828299079095828	10.12534315704959	0
4803	29.553027081558252	10.902687297941029	0
4804	29.257500915465613	11.672559281559842	0
4805	28.941923119690294	12.434431476104418	0
4806	28.606509975490059	13.187781732428984	0
4807	28.251491358279683	13.932093741898539	0
4808	27.877110580085819	14.66685739024101	0
4809	27.483624222793107	15.391569107154082	0
4810	27.071301962295756	16.105732211427142	0
4811	26.640426383675159	16.808857251341763	0
4812	26.191292787530177	17.500462340117469	0
4813	25.724208987592885	18.180073486172859	0
4814	25.239495099768408	18.847224917975762	0
4815	24.737483322743465	19.501459403259769	0
4816	24.218517710313975	20.142328562388418	0
4817	23.68295393558779	20.769393175652169	0
4818	23.131159047224095	21.382223484287668	0
4819	22.563511217876609	21.980399485012924	0
4820	21.980399485012924	22.563511217876609	0
4821	21.382223484287664	23.131159047224095	0
4822	20.769393175652169	23.68295393558779	0
4823	20.142328562388418	24.218517710313975	0
4824	19.501459403259769	24.737483322743465	0
4825	18.847224917975762	25.239495099768412	0
4826	18.180073486172862	25.724208987592885	0
4827	17.500462340117469	26.191292787530177	0
4828	16.808857251341763	26.640426383675159	0
4829	16.105732211427139	27.071301962295756	0
4830	15.391569107154082	27.483624222793107	0
4831	14.666857390241011	27.877110580085819	0
4832	13.932093741898541	28.251491358279679	0
4833	13.187781732428984	28.606509975490059	0
4834	12.434431476104418	28.941923119690298	0
4835	11.67255928155984	29.257500915465613	0
4836	10.902687297941029	29.553027081558252	0
4837	10.125343157049588	29.828299079095828	0
4838	9.3410596117304845	30.083128250401376	0
4839	8.5503741707498389	30.317339948289888	0
4840	7.7538287304132805	30.530773655762765	0
4841	6.951969203177284	30.723283096018147	0
4842	6.1453451435080408	30.894736332701761	0
4843	5.334509371244275	31.04501586032945	0
4844	4.520017592722148	31.174018684819611	0
4845	3.7024280199218862	31.281656394080176	0
4846	2.882300987897175	31.367855218601843	0
4847	2.0601985707495065	31.43255608201601	0
4848	1.2366841964106612	31.475714641582773	0
4849	0.41232226049734982	31.497301318581222	0
4872	1
0	0	1628	-2
1	1628	1629	-2
2	1629	2	-2
3	1	1630	-3
4	1630	1631	-3
5	1631	3	-3
6	2	1632	-4
7	1632	1633	-4
8	1633	145	-4
9	4	1634	-5
10	1634	1635	-5
11	1635	8	-5
12	3	1636	-6
13	1636	1637	-6
14	1637	146	-6
15	5	1638	-7
16	1638	1639	-7
17	1639	9	-7
18	8	1640	-8
19	1640	1641	-8
20	1641	10	-8
21	9	1642	-9
22	1642	1643	-9
23	1643	11	-9
24	10	1644	-10
25	1644	1645	-10
26	1645	6	-10
27	11	1646	-11
28	1646	1647	-11
29	1647	7	-11
30	12	1648	-12
31	1648	1649	-12
32	1649	14	-12
33	13	1650	-13
34	1650	1651	-13
35	1651	14	-13
36	6	1652	-14
37	1652	1653	-14
38	1653	12	-14
39	7	1654	-15
40	1654	1655	-15
41	1655	13	-15
42	15	1656	-16
43	1656	1657	-16
44	1657	16	-16
45	16	1658	-17
46	1658	1659	-17
47	1659	17	-17
48	17	1660	-18
49	1660	1661	-18
50	1661	18	-18
51	18	1662	-19
52	1662	1663	-19
53	1663	19	-19
54	19	1664	-20
55	1664	1665	-20
56	1665	20	-20
57	20	1666	-21
58	1666	1667	-21
59	1667	21	-21
60	21	1668	-22
61	1668	1669	-22
62	1669	22	-22
63	22	1670	-23
64	1670	1671	-23
65	1671	23	-23
66	23	1672	-24
67	1672	1673	-24
68	1673	24	-24
69	24	1674	-25
70	1674	1675	-25
71	1675	25	-25
72	25	1676	-26
73	1676	1677	-26
74	1677	26	-26
75	26	1678	-27
76	1678	1679	-27
77	1679	27	-27
78	27	1680	-28
79	1680	1681	-28
80	1681	28	-28
81	28	1682	-29
82	1682	1683	-29
83	1683	29	-29
84	29	1684	-30
85	1684	1685	-30
86	1685	30	-30
87	30	1686	-31
88	1686	1687	-31
89	1687	31	-31
90	31	1688	-32
91	1688	1689	-32
92	1689	32	-32
93	32	1690	-33
94	1690	1691	-33
95	1691	33	-33
96	33	1692	-34
97	1692	1693	-34
98	1693	34	-34
99	34	1694	-35
100	1694	1695	-35
101	1695	35	-35
102	35	1696	-36
103	1696	1697	-36
104	1697	36	-36
105	36	1698	-37
106	1698	1699	-37
107	1699	37	-37
108	37	1700	-38
109	1700	1701	-38
110	1701	38	-38
111	38	1702	-39
112	1702	1703	-39
113	1703	39	-39
114	39	1704	-40
115	1704	1705	-40
116	1705	40	-40
117	40	1706	-41
118	1706	1707	-41
119	1707	41	-41
120	41	1708	-42
121	1708	1709	-42
122	1709	42	-42
123	42	1710	-43
124	1710	1711	-43
125	1711	43	-43
126	43	1712	-44
127	1712	1713	-44
128	1713	44	-44
129	44	1714	-45
130	1714	1715	-45
131	1715	45	-45
132	45	1716	-46
133	1716	1717	-46
134	1717	46	-46
135	46	1718	-47
136	1718	1719	-47
137	1719	47	-47
138	47	1720	-48
139	1720	1721	-48
140	1721	48	-48
141	48	1722	-49
142	1722	1723	-49
143	1723	49	-49
144	49	1724	-50
145	1724	1725	-50
146	1725	50	-50
147	50	1726	-51
148	1726	1727	-51
149	1727	51	-51
150	51	1728	-52
151	1728	1729	-52
152	1729	52	-52
153	52	1730	-53
154	1730	1731	-53
155	1731	53	-53
156	53	1732	-54
157	1732	1733	-54
158	1733	54	-54
159	54	1734	-55
160	1734	1735	-55
161	1735	55	-55
162	55	1736	-56
163	1736	1737	-56
164	1737	56	-56
165	56	1738	-57
166	1738	1739	-57
167	1739	57	-57
168	57	1740	-58
169	1740	1741	-58
170	1741	58	-58
171	58	1742	-59
172	1742	1743	-59
173	1743	59	-59
174	59	1744	-60
175	1744	1745	-60
176	1745	60	-60
177	60	1746	-61
178	1746	1747	-61
179	1747	61	-61
180	61	1748	-62
181	1748	1749	-62
182	1749	62	-62
183	62	1750	-63
184	1750	1751	-63
185	1751	15	-63
186	38	1752	-64
187	1752	1753	-64
188	1753	15	-64
189	62	1754	-65
190	1754	1755	-65
191	1755	39	-65
192	63	1756	-66
193	1756	1757	-66
194	1757	64	-66
195	64	1758	-67
196	1758	1759	-67
197	1759	65	-67
198	65	1760	-68
199	1760	1761	-68
200	1761	66	-68
201	66	1762	-69
202	1762	1763	-69
203	1763	67	-69
204	67	1764	-70
205	1764	1765	-70
206	1765	68	-70
207	68	1766	-71
208	1766	1767	-71
209	1767	69	-71
210	69	1768	-72
211	1768	1769	-72
212	1769	70	-72
213	70	1770	-73
214	1770	1771	-73
215	1771	71	-73
216	71	1772	-74
217	1772	1773	-74
218	1773	72	-74
219	72	1774	-75
220	1774	1775	-75
221	1775	73	-75
222	73	1776	-76
223	1776	1777	-76
224	1777	74	-76
225	74	1778	-77
226	1778	1779	-77
227	1779	75	-77
228	75	1780	-78
229	1780	1781	-78
230	1781	76	-78
231	76	1782	-79
232	1782	1783	-79
233	1783	77	-79
234	77	1784	-80
235	1784	1785	-80
236	1785	78	-80
237	78	1786	-81
238	1786	1787	-81
239	1787	79	-81
240	79	1788	-82
241	1788	1789	-82
242	1789	80	-82
243	80	1790	-83
244	1790	1791	-83
245	1791	81	-83
246	81	1792	-84
247	1792	1793	-84
248	1793	82	-84
249	82	1794	-85
250	1794	1795	-85
251	1795	83	-85
252	83	1796	-86
253	1796	1797	-86
254	1797	84	-86
255	84	1798	-87
256	1798	1799	-87
257	1799	85	-87
258	85	1800	-88
259	1800	1801	-88
260	1801	86	-88
261	86	1802	-89
262	1802	1803	-89
263	1803	87	-89
264	87	1804	-90
265	1804	1805	-90
266	1805	88	-90
267	88	1806	-91
268	1806	1807	-91
269	1807	89	-91
270	89	1808	-92
271	1808	1809	-92
272	1809	90	-92
273	90	1810	-93
274	1810	1811	-93
275	1811	91	-93
276	91	1812	-94
277	1812	1813	-94
278	1813	92	-94
279	92	1814	-95
280	1814	1815	-95
281	1815	93	-95
282	93	1816	-96
283	1816	1817	-96
284	1817	94	-96
285	94	1818	-97
286	1818	1819	-97
287	1819	95	-97
288	95	1820	-98
289	1820	1821	-98
290	1821	96	-98
291	96	1822	-99
292	1822	1823	-99
293	1823	97	-99
294	97	1824	-100
295	1824	1825	-100
296	1825	98	-100
297	98	1826	-101
298	1826	1827	-101
299	1827	99	-101
300	99	1828	-102
301	1828	1829	-102
302	1829	100	-102
303	100	1830	-103
304	1830	1831	-103
305	1831	101	-103
306	101	1832	-104
307	1832	1833	-104
308	1833	102	-104
309	102	1834	-105
310	1834	1835	-105
311	1835	103	-105
312	103	1836	-106
313	1836	1837	-106
314	1837	104	-106
315	104	1838	-107
316	1838	1839	-107
317	1839	105	-107
318	105	1840	-108
319	1840	1841	-108
320	1841	106	-108
321	106	1842	-109
322	1842	1843	-109
323	1843	107	-109
324	107	1844	-110
325	1844	1845	-110
326	1845	108	-110
327	108	1846	-111
328	1846	1847	-111
329	1847	109	-111
330	109	1848	-112
331	1848	1849	-112
332	1849	110	-112
333	110	1850	-113
334	1850	1851	-113
335	1851	63	-113
336	86	1852	-114
337	1852	1853	-114
338	1853	63	-114
339	110	1854	-115
340	1854	1855	-115
341	1855	87	-115
342	111	1856	-116
343	1856	1857	-116
344	1857	4	-116
345	112	1858	-117
346	1858	1859	-117
347	1859	5	-117
348	113	1860	-118
349	1860	1861	-118
350	1861	111	-118
351	114	1862	-119
352	1862	1863	-119
353	1863	112	-119
354	115	1864	-120
355	1864	1865	-120
356	1865	113	-120
357	116	1866	-121
358	1866	1867	-121
359	1867	114	-121
360	117	1868	-122
361	1868	1869	-122
362	1869	115	-122
363	118	1870	-123
364	1870	1871	-123
365	1871	116	-123
366	119	1872	-124
367	1872	1873	-124
368	1873	117	-124
369	120	1874	-125
370	1874	1875	-125
371	1875	118	-125
372	121	1876	-126
373	1876	1877	-126
374	1877	119	-126
375	122	1878	-127
376	1878	1879	-127
377	1879	120	-127
378	123	1880	-128
379	1880	1881	-128
380	1881	121	-128
381	124	1882	-129
382	1882	1883	-129
383	1883	122	-129
384	125	1884	-130
385	1884	1885	-130
386	1885	123	-130
387	126	1886	-131
388	1886	1887	-131
389	1887	124	-131
390	127	1888	-132
391	1888	1889	-132
392	1889	125	-132
393	128	1890	-133
394	1890	1891	-133
395	1891	126	-133
396	129	1892	-134
397	1892	1893	-134
398	1893	127	-134
399	130	1894	-135
400	1894	1895	-135
401	1895	128	-135
402	131	1896	-136
403	1896	1897	-136
404	1897	129	-136
405	132	1898	-137
406	1898	1899	-137
407	1899	130	-137
408	133	1900	-138
409	1900	1901	-138
410	1901	131	-138
411	134	1902	-139
412	1902	1903	-139
413	1903	132	-139
414	135	1904	-140
415	1904	1905	-140
416	1905	133	-140
417	136	1906	-141
418	1906	1907	-141
419	1907	134	-141
420	137	1908	-142
421	1908	1909	-142
422	1909	135	-142
423	138	1910	-143
424	1910	1911	-143
425	1911	136	-143
426	139	1912	-144
427	1912	1913	-144
428	1913	137	-144
429	140	1914	-145
430	1914	1915	-145
431	1915	138	-145
432	141	1916	-146
433	1916	1917	-146
434	1917	139	-146
435	142	1918	-147
436	1918	1919	-147
437	1919	140	-147
438	143	1920	-148
439	1920	1921	-148
440	1921	141	-148
441	144	1922	-149
442	1922	1923	-149
443	1923	142	-149
444	145	1924	-150
445	1924	1925	-150
446	1925	143	-150
447	146	1926	-151
448	1926	1927	-151
449	1927	144	-151
450	147	1928	-152
451	1928	1929	-152
452	1929	148	-152
453	148	1930	-153
454	1930	1931	-153
455	1931	149	-153
456	154	1932	-154
457	1932	1933	-154
458	1933	155	-154
459	166	1934	-155
460	1934	1935	-155
461	1935	167	-155
462	167	1936	-156
463	1936	1937	-156
464	1937	168	-156
465	168	1938	-157
466	1938	1939	-157
467	1939	169	-157
468	170	1940	-158
469	1940	1941	-158
470	1941	171	-158
471	174	1942	-159
472	1942	1943	-159
473	1943	175	-159
474	175	1944	-160
475	1944	1945	-160
476	1945	176	-160
477	176	1946	-161
478	1946	1947	-161
479	1947	177	-161
480	177	1948	-162
481	1948	1949	-162
482	1949	178	-162
483	178	1950	-163
484	1950	1951	-163
485	1951	179	-163
486	179	1952	-164
487	1952	1953	-164
488	1953	180	-164
489	180	1954	-165
490	1954	1955	-165
491	1955	181	-165
492	181	1956	-166
493	1956	1957	-166
494	1957	182	-166
495	190	1958	-167
496	1958	1959	-167
497	1959	191	-167
498	191	1960	-168
499	1960	1961	-168
500	1961	192	-168
501	192	1962	-169
502	1962	1963	-169
503	1963	193	-169
504	193	1964	-170
505	1964	1965	-170
506	1965	194	-170
507	194	1966	-171
508	1966	1967	-171
509	1967	195	-171
510	195	1968	-172
511	1968	1969	-172
512	1969	196	-172
513	196	1970	-173
514	1970	1971	-173
515	1971	197	-173
516	197	1972	-174
517	1972	1973	-174
518	1973	198	-174
519	198	1974	-175
520	1974	1975	-175
521	1975	199	-175
522	199	1976	-176
523	1976	1977	-176
524	1977	200	-176
525	200	1978	-177
526	1978	1979	-177
527	1979	201	-177
528	201	1980	-178
529	1980	1981	-178
530	1981	202	-178
531	202	1982	-179
532	1982	1983	-179
533	1983	203	-179
534	203	1984	-180
535	1984	1985	-180
536	1985	204	-180
537	204	1986	-181
538	1986	1987	-181
539	1987	205	-181
540	205	1988	-182
541	1988	1989	-182
542	1989	206	-182
543	206	1990	-183
544	1990	1991	-183
545	1991	207	-183
546	207	1992	-184
547	1992	1993	-184
548	1993	208	-184
549	216	1994	-185
550	1994	1995	-185
551	1995	217	-185
552	217	1996	-186
553	1996	1997	-186
554	1997	218	-186
555	218	1998	-187
556	1998	1999	-187
557	1999	219	-187
558	219	2000	-188
559	2000	2001	-188
560	2001	220	-188
561	220	2002	-189
562	2002	2003	-189
563	2003	221	-189
564	221	2004	-190
565	2004	2005	-190
566	2005	222	-190
567	222	2006	-191
568	2006	2007	-191
569	2007	223	-191
570	223	2008	-192
571	2008	2009	-192
572	2009	224	-192
573	227	2010	-193
574	2010	2011	-193
575	2011	228	-193
576	228	2012	-194
577	2012	2013	-194
578	2013	229	-194
579	229	2014	-195
580	2014	2015	-195
581	2015	230	-195
582	231	2016	-196
583	2016	2017	-196
584	2017	232	-196
585	244	2018	-197
586	2018	2019	-197
587	2019	245	-197
588	247	2020	-198
589	2020	2021	-198
590	2021	248	-198
591	248	2022	-199
592	2022	2023	-199
593	2023	249	-199
594	252	2024	-200
595	2024	2025	-200
596	2025	253	-200
597	253	2026	-201
598	2026	2027	-201
599	2027	254	-201
600	254	2028	-202
601	2028	2029	-202
602	2029	255	-202
603	255	2030	-203
604	2030	2031	-203
605	2031	256	-203
606	256	2032	-204
607	2032	2033	-204
608	2033	257	-204
609	257	2034	-205
610	2034	2035	-205
611	2035	258	-205
612	258	2036	-206
613	2036	2037	-206
614	2037	259	-206
615	259	2038	-207
616	2038	2039	-207
617	2039	260	-207
618	260	2040	-208
619	2040	2041	-208
620	2041	261	-208
621	261	2042	-209
622	2042	2043	-209
623	2043	262	-209
624	262	2044	-210
625	2044	2045	-210
626	2045	263	-210
627	263	2046	-211
628	2046	2047	-211
629	2047	264	-211
630	264	2048	-212
631	2048	2049	-212
632	2049	265	-212
633	265	2050	-213
634	2050	2051	-213
635	2051	266	-213
636	266	2052	-214
637	2052	2053	-214
638	2053	267	-214
639	267	2054	-215
640	2054	2055	-215
641	2055	268	-215
642	268	2056	-216
643	2056	2057	-216
644	2057	269	-216
645	269	2058	-217
646	2058	2059	-217
647	2059	270	-217
648	271	2060	-218
649	2060	2061	-218
650	2061	272	-218
651	272	2062	-219
652	2062	2063	-219
653	2063	273	-219
654	278	2064	-220
655	2064	2065	-220
656	2065	279	-220
657	290	2066	-221
658	2066	2067	-221
659	2067	291	-221
660	291	2068	-222
661	2068	2069	-222
662	2069	292	-222
663	292	2070	-223
664	2070	2071	-223
665	2071	293	-223
666	294	2072	-224
667	2072	2073	-224
668	2073	295	-224
669	298	2074	-225
670	2074	2075	-225
671	2075	299	-225
672	299	2076	-226
673	2076	2077	-226
674	2077	300	-226
675	300	2078	-227
676	2078	2079	-227
677	2079	301	-227
678	301	2080	-228
679	2080	2081	-228
680	2081	302	-228
681	302	2082	-229
682	2082	2083	-229
683	2083	303	-229
684	303	2084	-230
685	2084	2085	-230
686	2085	304	-230
687	304	2086	-231
688	2086	2087	-231
689	2087	305	-231
690	305	2088	-232
691	2088	2089	-232
692	2089	306	-232
693	314	2090	-233
694	2090	2091	-233
695	2091	315	-233
696	315	2092	-234
697	2092	2093	-234
698	2093	316	-234
699	316	2094	-235
700	2094	2095	-235
701	2095	317	-235
702	317	2096	-236
703	2096	2097	-236
704	2097	318	-236
705	318	2098	-237
706	2098	2099	-237
707	2099	319	-237
708	319	2100	-238
709	2100	2101	-238
710	2101	320	-238
711	320	2102	-239
712	2102	2103	-239
713	2103	321	-239
714	321	2104	-240
715	2104	2105	-240
716	2105	322	-240
717	322	2106	-241
718	2106	2107	-241
719	2107	323	-241
720	323	2108	-242
721	2108	2109	-242
722	2109	324	-242
723	324	2110	-243
724	2110	2111	-243
725	2111	325	-243
726	325	2112	-244
727	2112	2113	-244
728	2113	326	-244
729	326	2114	-245
730	2114	2115	-245
731	2115	327	-245
732	327	2116	-246
733	2116	2117	-246
734	2117	328	-246
735	328	2118	-247
736	2118	2119	-247
737	2119	329	-247
738	329	2120	-248
739	2120	2121	-248
740	2121	330	-248
741	330	2122	-249
742	2122	2123	-249
743	2123	331	-249
744	331	2124	-250
745	2124	2125	-250
746	2125	332	-250
747	340	2126	-251
748	2126	2127	-251
749	2127	341	-251
750	341	2128	-252
751	2128	2129	-252
752	2129	342	-252
753	342	2130	-253
754	2130	2131	-253
755	2131	343	-253
756	343	2132	-254
757	2132	2133	-254
758	2133	344	-254
759	344	2134	-255
760	2134	2135	-255
761	2135	345	-255
762	345	2136	-256
763	2136	2137	-256
764	2137	346	-256
765	346	2138	-257
766	2138	2139	-257
767	2139	347	-257
768	347	2140	-258
769	2140	2141	-258
770	2141	348	-258
771	351	2142	-259
772	2142	2143	-259
773	2143	352	-259
774	352	2144	-260
775	2144	2145	-260
776	2145	353	-260
777	353	2146	-261
778	2146	2147	-261
779	2147	354	-261
780	355	2148	-262
781	2148	2149	-262
782	2149	356	-262
783	368	2150	-263
784	2150	2151	-263
785	2151	369	-263
786	371	2152	-264
787	2152	2153	-264
788	2153	372	-264
789	372	2154	-265
790	2154	2155	-265
791	2155	373	-265
792	376	2156	-266
793	2156	2157	-266
794	2157	377	-266
795	377	2158	-267
796	2158	2159	-267
797	2159	378	-267
798	378	2160	-268
799	2160	2161	-268
800	2161	379	-268
801	379	2162	-269
802	2162	2163	-269
803	2163	380	-269
804	380	2164	-270
805	2164	2165	-270
806	2165	381	-270
807	381	2166	-271
808	2166	2167	-271
809	2167	382	-271
810	382	2168	-272
811	2168	2169	-272
812	2169	383	-272
813	383	2170	-273
814	2170	2171	-273
815	2171	384	-273
816	384	2172	-274
817	2172	2173	-274
818	2173	385	-274
819	385	2174	-275
820	2174	2175	-275
821	2175	386	-275
822	386	2176	-276
823	2176	2177	-276
824	2177	387	-276
825	387	2178	-277
826	2178	2179	-277
827	2179	388	-277
828	388	2180	-278
829	2180	2181	-278
830	2181	389	-278
831	389	2182	-279
832	2182	2183	-279
833	2183	390	-279
834	390	2184	-280
835	2184	2185	-280
836	2185	391	-280
837	391	2186	-281
838	2186	2187	-281
839	2187	392	-281
840	392	2188	-282
841	2188	2189	-282
842	2189	393	-282
843	393	2190	-283
844	2190	2191	-283
845	2191	394	-283
846	395	2192	-284
847	2192	2193	-284
848	2193	396	-284
849	396	2194	-285
850	2194	2195	-285
851	2195	397	-285
852	402	2196	-286
853	2196	2197	-286
854	2197	403	-286
855	414	2198	-287
856	2198	2199	-287
857	2199	415	-287
858	415	2200	-288
859	2200	2201	-288
860	2201	416	-288
861	416	2202	-289
862	2202	2203	-289
863	2203	417	-289
864	418	2204	-290
865	2204	2205	-290
866	2205	419	-290
867	422	2206	-291
868	2206	2207	-291
869	2207	423	-291
870	423	2208	-292
871	2208	2209	-292
872	2209	424	-292
873	424	2210	-293
874	2210	2211	-293
875	2211	425	-293
876	425	2212	-294
877	2212	2213	-294
878	2213	426	-294
879	426	2214	-295
880	2214	2215	-295
881	2215	427	-295
882	427	2216	-296
883	2216	2217	-296
884	2217	428	-296
885	428	2218	-297
886	2218	2219	-297
887	2219	429	-297
888	429	2220	-298
889	2220	2221	-298
890	2221	430	-298
891	438	2222	-299
892	2222	2223	-299
893	2223	439	-299
894	439	2224	-300
895	2224	2225	-300
896	2225	440	-300
897	440	2226	-301
898	2226	2227	-301
899	2227	441	-301
900	441	2228	-302
901	2228	2229	-302
902	2229	442	-302
903	442	2230	-303
904	2230	2231	-303
905	2231	443	-303
906	443	2232	-304
907	2232	2233	-304
908	2233	444	-304
909	444	2234	-305
910	2234	2235	-305
911	2235	445	-305
912	445	2236	-306
913	2236	2237	-306
914	2237	446	-306
915	446	2238	-307
916	2238	2239	-307
917	2239	447	-307
918	447	2240	-308
919	2240	2241	-308
920	2241	448	-308
921	448	2242	-309
922	2242	2243	-309
923	2243	449	-309
924	449	2244	-310
925	2244	2245	-310
926	2245	450	-310
927	450	2246	-311
928	2246	2247	-311
929	2247	451	-311
930	451	2248	-312
931	2248	2249	-312
932	2249	452	-312
933	452	2250	-313
934	2250	2251	-313
935	2251	453	-313
936	453	2252	-314
937	2252	2253	-314
938	2253	454	-314
939	454	2254	-315
940	2254	2255	-315
941	2255	455	-315
942	455	2256	-316
943	2256	2257	-316
944	2257	456	-316
945	464	2258	-317
946	2258	2259	-317
947	2259	465	-317
948	465	2260	-318
949	2260	2261	-318
950	2261	466	-318
951	466	2262	-319
952	2262	2263	-319
953	2263	467	-319
954	467	2264	-320
955	2264	2265	-320
956	2265	468	-320
957	468	2266	-321
958	2266	2267	-321
959	2267	469	-321
960	469	2268	-322
961	2268	2269	-322
962	2269	470	-322
963	470	2270	-323
964	2270	2271	-323
965	2271	471	-323
966	471	2272	-324
967	2272	2273	-324
968	2273	472	-324
969	475	2274	-325
970	2274	2275	-325
971	2275	476	-325
972	476	2276	-326
973	2276	2277	-326
974	2277	477	-326
975	477	2278	-327
976	2278	2279	-327
977	2279	478	-327
978	479	2280	-328
979	2280	2281	-328
980	2281	480	-328
981	492	2282	-329
982	2282	2283	-329
983	2283	493	-329
984	495	2284	-330
985	2284	2285	-330
986	2285	496	-330
987	496	2286	-331
988	2286	2287	-331
989	2287	497	-331
990	500	2288	-332
991	2288	2289	-332
992	2289	501	-332
993	501	2290	-333
994	2290	2291	-333
995	2291	502	-333
996	502	2292	-334
997	2292	2293	-334
998	2293	503	-334
999	503	2294	-335
1000	2294	2295	-335
1001	2295	500	-335
1002	504	2296	-336
1003	2296	2297	-336
1004	2297	505	-336
1005	505	2298	-337
1006	2298	2299	-337
1007	2299	506	-337
1008	506	2300	-338
1009	2300	2301	-338
1010	2301	507	-338
1011	507	2302	-339
1012	2302	2303	-339
1013	2303	504	-339
1014	508	2304	-340
1015	2304	2305	-340
1016	2305	509	-340
1017	509	2306	-341
1018	2306	2307	-341
1019	2307	510	-341
1020	510	2308	-342
1021	2308	2309	-342
1022	2309	511	-342
1023	511	2310	-343
1024	2310	2311	-343
1025	2311	508	-343
1026	512	2312	-344
1027	2312	2313	-344
1028	2313	513	-344
1029	513	2314	-345
1030	2314	2315	-345
1031	2315	514	-345
1032	514	2316	-346
1033	2316	2317	-346
1034	2317	515	-346
1035	515	2318	-347
1036	2318	2319	-347
1037	2319	512	-347
1038	516	2320	-348
1039	2320	2321	-348
1040	2321	517	-348
1041	517	2322	-349
1042	2322	2323	-349
1043	2323	518	-349
1044	518	2324	-350
1045	2324	2325	-350
1046	2325	519	-350
1047	519	2326	-351
1048	2326	2327	-351
1049	2327	516	-351
1050	520	2328	-352
1051	2328	2329	-352
1052	2329	521	-352
1053	521	2330	-353
1054	2330	2331	-353
1055	2331	522	-353
1056	522	2332	-354
1057	2332	2333	-354
1058	2333	523	-354
1059	523	2334	-355
1060	2334	2335	-355
1061	2335	520	-355
1062	524	2336	-356
1063	2336	2337	-356
1064	2337	525	-356
1065	525	2338	-357
1066	2338	2339	-357
1067	2339	526	-357
1068	526	2340	-358
1069	2340	2341	-358
1070	2341	527	-358
1071	527	2342	-359
1072	2342	2343	-359
1073	2343	524	-359
1074	528	2344	-360
1075	2344	2345	-360
1076	2345	529	-360
1077	529	2346	-361
1078	2346	2347	-361
1079	2347	530	-361
1080	530	2348	-362
1081	2348	2349	-362
1082	2349	531	-362
1083	531	2350	-363
1084	2350	2351	-363
1085	2351	528	-363
1086	532	2352	-364
1087	2352	2353	-364
1088	2353	533	-364
1089	533	2354	-365
1090	2354	2355	-365
1091	2355	534	-365
1092	534	2356	-366
1093	2356	2357	-366
1094	2357	535	-366
1095	535	2358	-367
1096	2358	2359	-367
1097	2359	532	-367
1098	536	2360	-368
1099	2360	2361	-368
1100	2361	537	-368
1101	537	2362	-369
1102	2362	2363	-369
1103	2363	538	-369
1104	538	2364	-370
1105	2364	2365	-370
1106	2365	539	-370
1107	539	2366	-371
1108	2366	2367	-371
1109	2367	536	-371
1110	540	2368	-372
1111	2368	2369	-372
1112	2369	541	-372
1113	541	2370	-373
1114	2370	2371	-373
1115	2371	542	-373
1116	542	2372	-374
1117	2372	2373	-374
1118	2373	543	-374
1119	543	2374	-375
1120	2374	2375	-375
1121	2375	540	-375
1122	544	2376	-376
1123	2376	2377	-376
1124	2377	545	-376
1125	545	2378	-377
1126	2378	2379	-377
1127	2379	546	-377
1128	546	2380	-378
1129	2380	2381	-378
1130	2381	547	-378
1131	547	2382	-379
1132	2382	2383	-379
1133	2383	544	-379
1134	548	2384	-380
1135	2384	2385	-380
1136	2385	549	-380
1137	549	2386	-381
1138	2386	2387	-381
1139	2387	550	-381
1140	550	2388	-382
1141	2388	2389	-382
1142	2389	551	-382
1143	551	2390	-383
1144	2390	2391	-383
1145	2391	548	-383
1146	552	2392	-384
1147	2392	2393	-384
1148	2393	553	-384
1149	553	2394	-385
1150	2394	2395	-385
1151	2395	554	-385
1152	554	2396	-386
1153	2396	2397	-386
1154	2397	555	-386
1155	555	2398	-387
1156	2398	2399	-387
1157	2399	552	-387
1158	556	2400	-388
1159	2400	2401	-388
1160	2401	557	-388
1161	557	2402	-389
1162	2402	2403	-389
1163	2403	558	-389
1164	558	2404	-390
1165	2404	2405	-390
1166	2405	559	-390
1167	559	2406	-391
1168	2406	2407	-391
1169	2407	556	-391
1170	560	2408	-392
1171	2408	2409	-392
1172	2409	561	-392
1173	561	2410	-393
1174	2410	2411	-393
1175	2411	562	-393
1176	562	2412	-394
1177	2412	2413	-394
1178	2413	563	-394
1179	563	2414	-395
1180	2414	2415	-395
1181	2415	560	-395
1182	564	2416	-396
1183	2416	2417	-396
1184	2417	565	-396
1185	565	2418	-397
1186	2418	2419	-397
1187	2419	566	-397
1188	566	2420	-398
1189	2420	2421	-398
1190	2421	567	-398
1191	567	2422	-399
1192	2422	2423	-399
1193	2423	564	-399
1194	568	2424	-400
1195	2424	2425	-400
1196	2425	569	-400
1197	569	2426	-401
1198	2426	2427	-401
1199	2427	570	-401
1200	570	2428	-402
1201	2428	2429	-402
1202	2429	571	-402
1203	571	2430	-403
1204	2430	2431	-403
1205	2431	568	-403
1206	572	2432	-404
1207	2432	2433	-404
1208	2433	573	-404
1209	573	2434	-405
1210	2434	2435	-405
1211	2435	574	-405
1212	574	2436	-406
1213	2436	2437	-406
1214	2437	575	-406
1215	575	2438	-407
1216	2438	2439	-407
1217	2439	572	-407
1218	576	2440	-408
1219	2440	2441	-408
1220	2441	577	-408
1221	577	2442	-409
1222	2442	2443	-409
1223	2443	578	-409
1224	578	2444	-410
1225	2444	2445	-410
1226	2445	579	-410
1227	579	2446	-411
1228	2446	2447	-411
1229	2447	576	-411
1230	580	2448	-412
1231	2448	2449	-412
1232	2449	581	-412
1233	581	2450	-413
1234	2450	2451	-413
1235	2451	582	-413
1236	582	2452	-414
1237	2452	2453	-414
1238	2453	583	-414
1239	583	2454	-415
1240	2454	2455	-415
1241	2455	580	-415
1242	584	2456	-416
1243	2456	2457	-416
1244	2457	585	-416
1245	585	2458	-417
1246	2458	2459	-417
1247	2459	586	-417
1248	586	2460	-418
1249	2460	2461	-418
1250	2461	587	-418
1251	587	2462	-419
1252	2462	2463	-419
1253	2463	584	-419
1254	588	2464	-420
1255	2464	2465	-420
1256	2465	589	-420
1257	589	2466	-421
1258	2466	2467	-421
1259	2467	590	-421
1260	590	2468	-422
1261	2468	2469	-422
1262	2469	591	-422
1263	591	2470	-423
1264	2470	2471	-423
1265	2471	588	-423
1266	592	2472	-424
1267	2472	2473	-424
1268	2473	593	-424
1269	593	2474	-425
1270	2474	2475	-425
1271	2475	594	-425
1272	594	2476	-426
1273	2476	2477	-426
1274	2477	595	-426
1275	595	2478	-427
1276	2478	2479	-427
1277	2479	592	-427
1278	596	2480	-428
1279	2480	2481	-428
1280	2481	597	-428
1281	597	2482	-429
1282	2482	2483	-429
1283	2483	598	-429
1284	598	2484	-430
1285	2484	2485	-430
1286	2485	599	-430
1287	599	2486	-431
1288	2486	2487	-431
1289	2487	596	-431
1290	600	2488	-432
1291	2488	2489	-432
1292	2489	601	-432
1293	601	2490	-433
1294	2490	2491	-433
1295	2491	602	-433
1296	602	2492	-434
1297	2492	2493	-434
1298	2493	603	-434
1299	603	2494	-435
1300	2494	2495	-435
1301	2495	600	-435
1302	604	2496	-436
1303	2496	2497	-436
1304	2497	605	-436
1305	605	2498	-437
1306	2498	2499	-437
1307	2499	606	-437
1308	606	2500	-438
1309	2500	2501	-438
1310	2501	607	-438
1311	607	2502	-439
1312	2502	2503	-439
1313	2503	604	-439
1314	608	2504	-440
1315	2504	2505	-440
1316	2505	609	-440
1317	609	2506	-441
1318	2506	2507	-441
1319	2507	610	-441
1320	610	2508	-442
1321	2508	2509	-442
1322	2509	611	-442
1323	611	2510	-443
1324	2510	2511	-443
1325	2511	608	-443
1326	612	2512	-444
1327	2512	2513	-444
1328	2513	613	-444
1329	613	2514	-445
1330	2514	2515	-445
1331	2515	614	-445
1332	614	2516	-446
1333	2516	2517	-446
1334	2517	615	-446
1335	615	2518	-447
1336	2518	2519	-447
1337	2519	612	-447
1338	616	2520	-448
1339	2520	2521	-448
1340	2521	617	-448
1341	617	2522	-449
1342	2522	2523	-449
1343	2523	618	-449
1344	618	2524	-450
1345	2524	2525	-450
1346	2525	619	-450
1347	619	2526	-451
1348	2526	2527	-451
1349	2527	616	-451
1350	620	2528	-452
1351	2528	2529	-452
1352	2529	621	-452
1353	621	2530	-453
1354	2530	2531	-453
1355	2531	622	-453
1356	622	2532	-454
1357	2532	2533	-454
1358	2533	623	-454
1359	623	2534	-455
1360	2534	2535	-455
1361	2535	620	-455
1362	624	2536	-456
1363	2536	2537	-456
1364	2537	625	-456
1365	625	2538	-457
1366	2538	2539	-457
1367	2539	626	-457
1368	626	2540	-458
1369	2540	2541	-458
1370	2541	627	-458
1371	627	2542	-459
1372	2542	2543	-459
1373	2543	624	-459
1374	628	2544	-460
1375	2544	2545	-460
1376	2545	629	-460
1377	629	2546	-461
1378	2546	2547	-461
1379	2547	630	-461
1380	630	2548	-462
1381	2548	2549	-462
1382	2549	631	-462
1383	631	2550	-463
1384	2550	2551	-463
1385	2551	628	-463
1386	632	2552	-464
1387	2552	2553	-464
1388	2553	633	-464
1389	633	2554	-465
1390	2554	2555	-465
1391	2555	634	-465
1392	634	2556	-466
1393	2556	2557	-466
1394	2557	635	-466
1395	635	2558	-467
1396	2558	2559	-467
1397	2559	632	-467
1398	636	2560	-468
1399	2560	2561	-468
1400	2561	637	-468
1401	637	2562	-469
1402	2562	2563	-469
1403	2563	638	-469
1404	638	2564	-470
1405	2564	2565	-470
1406	2565	639	-470
1407	639	2566	-471
1408	2566	2567	-471
1409	2567	636	-471
1410	640	2568	-472
1411	2568	2569	-472
1412	2569	641	-472
1413	641	2570	-473
1414	2570	2571	-473
1415	2571	642	-473
1416	642	2572	-474
1417	2572	2573	-474
1418	2573	643	-474
1419	643	2574	-475
1420	2574	2575	-475
1421	2575	640	-475
1422	644	2576	-476
1423	2576	2577	-476
1424	2577	645	-476
1425	645	2578	-477
1426	2578	2579	-477
1427	2579	646	-477
1428	646	2580	-478
1429	2580	2581	-478
1430	2581	647	-478
1431	647	2582	-479
1432	2582	2583	-479
1433	2583	644	-479
1434	648	2584	-480
1435	2584	2585	-480
1436	2585	649	-480
1437	649	2586	-481
1438	2586	2587	-481
1439	2587	650	-481
1440	650	2588	-482
1441	2588	2589	-482
1442	2589	651	-482
1443	651	2590	-483
1444	2590	2591	-483
1445	2591	648	-483
1446	652	2592	-484
1447	2592	2593	-484
1448	2593	653	-484
1449	653	2594	-485
1450	2594	2595	-485
1451	2595	654	-485
1452	654	2596	-486
1453	2596	2597	-486
1454	2597	655	-486
1455	655	2598	-487
1456	2598	2599	-487
1457	2599	652	-487
1458	656	2600	-488
1459	2600	2601	-488
1460	2601	657	-488
1461	657	2602	-489
1462	2602	2603	-489
1463	2603	658	-489
1464	658	2604	-490
1465	2604	2605	-490
1466	2605	659	-490
1467	659	2606	-491
1468	2606	2607	-491
1469	2607	656	-491
1470	660	2608	-492
1471	2608	2609	-492
1472	2609	661	-492
1473	661	2610	-493
1474	2610	2611	-493
1475	2611	662	-493
1476	662	2612	-494
1477	2612	2613	-494
1478	2613	663	-494
1479	663	2614	-495
1480	2614	2615	-495
1481	2615	660	-495
1482	664	2616	-496
1483	2616	2617	-496
1484	2617	665	-496
1485	665	2618	-497
1486	2618	2619	-497
1487	2619	666	-497
1488	666	2620	-498
1489	2620	2621	-498
1490	2621	667	-498
1491	667	2622	-499
1492	2622	2623	-499
1493	2623	664	-499
1494	668	2624	-500
1495	2624	2625	-500
1496	2625	669	-500
1497	669	2626	-501
1498	2626	2627	-501
1499	2627	670	-501
1500	670	2628	-502
1501	2628	2629	-502
1502	2629	671	-502
1503	671	2630	-503
1504	2630	2631	-503
1505	2631	668	-503
1506	672	2632	-504
1507	2632	2633	-504
1508	2633	673	-504
1509	673	2634	-505
1510	2634	2635	-505
1511	2635	674	-505
1512	674	2636	-506
1513	2636	2637	-506
1514	2637	675	-506
1515	675	2638	-507
1516	2638	2639	-507
1517	2639	672	-507
1518	676	2640	-508
1519	2640	2641	-508
1520	2641	677	-508
1521	677	2642	-509
1522	2642	2643	-509
1523	2643	678	-509
1524	678	2644	-510
1525	2644	2645	-510
1526	2645	679	-510
1527	679	2646	-511
1528	2646	2647	-511
1529	2647	676	-511
1530	680	2648	-512
1531	2648	2649	-512
1532	2649	681	-512
1533	681	2650	-513
1534	2650	2651	-513
1535	2651	682	-513
1536	682	2652	-514
1537	2652	2653	-514
1538	2653	683	-514
1539	683	2654	-515
1540	2654	2655	-515
1541	2655	680	-515
1542	684	2656	-516
1543	2656	2657	-516
1544	2657	685	-516
1545	685	2658	-517
1546	2658	2659	-517
1547	2659	686	-517
1548	686	2660	-518
1549	2660	2661	-518
1550	2661	687	-518
1551	687	2662	-519
1552	2662	2663	-519
1553	2663	684	-519
1554	688	2664	-520
1555	2664	2665	-520
1556	2665	689	-520
1557	689	2666	-521
1558	2666	2667	-521
1559	2667	690	-521
1560	690	2668	-522
1561	2668	2669	-522
1562	2669	691	-522
1563	691	2670	-523
1564	2670	2671	-523
1565	2671	688	-523
1566	692	2672	-524
1567	2672	2673	-524
1568	2673	693	-524
1569	693	2674	-525
1570	2674	2675	-525
1571	2675	694	-525
1572	694	2676	-526
1573	2676	2677	-526
1574	2677	695	-526
1575	695	2678	-527
1576	2678	2679	-527
1577	2679	692	-527
1578	696	2680	-528
1579	2680	2681	-528
1580	2681	697	-528
1581	697	2682	-529
1582	2682	2683	-529
1583	2683	698	-529
1584	698	2684	-530
1585	2684	2685	-530
1586	2685	699	-530
1587	699	2686	-531
1588	2686	2687	-531
1589	2687	696	-531
1590	700	2688	-532
1591	2688	2689	-532
1592	2689	701	-532
1593	701	2690	-533
1594	2690	2691	-533
1595	2691	702	-533
1596	702	2692	-534
1597	2692	2693	-534
1598	2693	703	-534
1599	703	2694	-535
1600	2694	2695	-535
1601	2695	700	-535
1602	704	2696	-536
1603	2696	2697	-536
1604	2697	705	-536
1605	705	2698	-537
1606	2698	2699	-537
1607	2699	706	-537
1608	706	2700	-538
1609	2700	2701	-538
1610	2701	707	-538
1611	707	2702	-539
1612	2702	2703	-539
1613	2703	704	-539
1614	708	2704	-540
1615	2704	2705	-540
1616	2705	709	-540
1617	709	2706	-541
1618	2706	2707	-541
1619	2707	710	-541
1620	710	2708	-542
1621	2708	2709	-542
1622	2709	711	-542
1623	711	2710	-543
1624	2710	2711	-543
1625	2711	708	-543
1626	712	2712	-544
1627	2712	2713	-544
1628	2713	713	-544
1629	713	2714	-545
1630	2714	2715	-545
1631	2715	714	-545
1632	714	2716	-546
1633	2716	2717	-546
1634	2717	715	-546
1635	715	2718	-547
1636	2718	2719	-547
1637	2719	712	-547
1638	716	2720	-548
1639	2720	2721	-548
1640	2721	717	-548
1641	717	2722	-549
1642	2722	2723	-549
1643	2723	718	-549
1644	718	2724	-550
1645	2724	2725	-550
1646	2725	719	-550
1647	719	2726	-551
1648	2726	2727	-551
1649	2727	716	-551
1650	720	2728	-552
1651	2728	2729	-552
1652	2729	721	-552
1653	721	2730	-553
1654	2730	2731	-553
1655	2731	722	-553
1656	722	2732	-554
1657	2732	2733	-554
1658	2733	723	-554
1659	723	2734	-555
1660	2734	2735	-555
1661	2735	720	-555
1662	724	2736	-556
1663	2736	2737	-556
1664	2737	725	-556
1665	725	2738	-557
1666	2738	2739	-557
1667	2739	726	-557
1668	726	2740	-558
1669	2740	2741	-558
1670	2741	727	-558
1671	727	2742	-559
1672	2742	2743	-559
1673	2743	724	-559
1674	728	2744	-560
1675	2744	2745	-560
1676	2745	729	-560
1677	729	2746	-561
1678	2746	2747	-561
1679	2747	730	-561
1680	730	2748	-562
1681	2748	2749	-562
1682	2749	731	-562
1683	731	2750	-563
1684	2750	2751	-563
1685	2751	728	-563
1686	732	2752	-564
1687	2752	2753	-564
1688	2753	733	-564
1689	733	2754	-565
1690	2754	2755	-565
1691	2755	734	-565
1692	734	2756	-566
1693	2756	2757	-566
1694	2757	735	-566
1695	735	2758	-567
1696	2758	2759	-567
1697	2759	732	-567
1698	736	2760	-568
1699	2760	2761	-568
1700	2761	737	-568
1701	737	2762	-569
1702	2762	2763	-569
1703	2763	738	-569
1704	738	2764	-570
1705	2764	2765	-570
1706	2765	739	-570
1707	739	2766	-571
1708	2766	2767	-571
1709	2767	736	-571
1710	740	2768	-572
1711	2768	2769	-572
1712	2769	741	-572
1713	741	2770	-573
1714	2770	2771	-573
1715	2771	742	-573
1716	742	2772	-574
1717	2772	2773	-574
1718	2773	743	-574
1719	743	2774	-575
1720	2774	2775	-575
1721	2775	740	-575
1722	744	2776	-576
1723	2776	2777	-576
1724	2777	745	-576
1725	745	2778	-577
1726	2778	2779	-577
1727	2779	746	-577
1728	746	2780	-578
1729	2780	2781	-578
1730	2781	747	-578
1731	747	2782	-579
1732	2782	2783	-579
1733	2783	744	-579
1734	748	2784	-580
1735	2784	2785	-580
1736	2785	749	-580
1737	749	2786	-581
1738	2786	2787	-581
1739	2787	750	-581
1740	750	2788	-582
1741	2788	2789	-582
1742	2789	751	-582
1743	751	2790	-583
1744	2790	2791	-583
1745	2791	748	-583
1746	752	2792	-584
1747	2792	2793	-584
1748	2793	753	-584
1749	753	2794	-585
1750	2794	2795	-585
1751	2795	754	-585
1752	754	2796	-586
1753	2796	2797	-586
1754	2797	755	-586
1755	755	2798	-587
1756	2798	2799	-587
1757	2799	752	-587
1758	756	2800	-588
1759	2800	2801	-588
1760	2801	757	-588
1761	757	2802	-589
1762	2802	2803	-589
1763	2803	758	-589
1764	758	2804	-590
1765	2804	2805	-590
1766	2805	759	-590
1767	759	2806	-591
1768	2806	2807	-591
1769	2807	756	-591
1770	760	2808	-592
1771	2808	2809	-592
1772	2809	761	-592
1773	761	2810	-593
1774	2810	2811	-593
1775	2811	762	-593
1776	762	2812	-594
1777	2812	2813	-594
1778	2813	763	-594
1779	763	2814	-595
1780	2814	2815	-595
1781	2815	760	-595
1782	764	2816	-596
1783	2816	2817	-596
1784	2817	765	-596
1785	765	2818	-597
1786	2818	2819	-597
1787	2819	766	-597
1788	766	2820	-598
1789	2820	2821	-598
1790	2821	767	-598
1791	767	2822	-599
1792	2822	2823	-599
1793	2823	764	-599
1794	768	2824	-600
1795	2824	2825	-600
1796	2825	769	-600
1797	769	2826	-601
1798	2826	2827	-601
1799	2827	770	-601
1800	770	2828	-602
1801	2828	2829	-602
1802	2829	771	-602
1803	771	2830	-603
1804	2830	2831	-603
1805	2831	768	-603
1806	772	2832	-604
1807	2832	2833	-604
1808	2833	773	-604
1809	773	2834	-605
1810	2834	2835	-605
1811	2835	774	-605
1812	774	2836	-606
1813	2836	2837	-606
1814	2837	775	-606
1815	775	2838	-607
1816	2838	2839	-607
1817	2839	772	-607
1818	776	2840	-608
1819	2840	2841	-608
1820	2841	777	-608
1821	777	2842	-609
1822	2842	2843	-609
1823	2843	778	-609
1824	778	2844	-610
1825	2844	2845	-610
1826	2845	779	-610
1827	779	2846	-611
1828	2846	2847	-611
1829	2847	776	-611
1830	780	2848	-612
1831	2848	2849	-612
1832	2849	781	-612
1833	781	2850	-613
1834	2850	2851	-613
1835	2851	782	-613
1836	782	2852	-614
1837	2852	2853	-614
1838	2853	783	-614
1839	783	2854	-615
1840	2854	2855	-615
1841	2855	780	-615
1842	784	2856	-616
1843	2856	2857	-616
1844	2857	785	-616
1845	785	2858	-617
1846	2858	2859	-617
1847	2859	786	-617
1848	786	2860	-618
1849	2860	2861	-618
1850	2861	787	-618
1851	787	2862	-619
1852	2862	2863	-619
1853	2863	784	-619
1854	788	2864	-620
1855	2864	2865	-620
1856	2865	789	-620
1857	789	2866	-621
1858	2866	2867	-621
1859	2867	790	-621
1860	790	2868	-622
1861	2868	2869	-622
1862	2869	791	-622
1863	791	2870	-623
1864	2870	2871	-623
1865	2871	788	-623
1866	792	2872	-624
1867	2872	2873	-624
1868	2873	793	-624
1869	793	2874	-625
1870	2874	2875	-625
1871	2875	794	-625
1872	794	2876	-626
1873	2876	2877	-626
1874	2877	795	-626
1875	795	2878	-627
1876	2878	2879	-627
1877	2879	792	-627
1878	796	2880	-628
1879	2880	2881	-628
1880	2881	797	-628
1881	797	2882	-629
1882	2882	2883	-629
1883	2883	798	-629
1884	798	2884	-630
1885	2884	2885	-630
1886	2885	799	-630
1887	799	2886	-631
1888	2886	2887	-631
1889	2887	796	-631
1890	800	2888	-632
1891	2888	2889	-632
1892	2889	801	-632
1893	801	2890	-633
1894	2890	2891	-633
1895	2891	802	-633
1896	802	2892	-634
1897	2892	2893	-634
1898	2893	803	-634
1899	803	2894	-635
1900	2894	2895	-635
1901	2895	800	-635
1902	804	2896	-636
1903	2896	2897	-636
1904	2897	805	-636
1905	805	2898	-637
1906	2898	2899	-637
1907	2899	806	-637
1908	806	2900	-638
1909	2900	2901	-638
1910	2901	807	-638
1911	807	2902	-639
1912	2902	2903	-639
1913	2903	804	-639
1914	808	2904	-640
1915	2904	2905	-640
1916	2905	809	-640
1917	809	2906	-641
1918	2906	2907	-641
1919	2907	810	-641
1920	810	2908	-642
1921	2908	2909	-642
1922	2909	811	-642
1923	811	2910	-643
1924	2910	2911	-643
1925	2911	808	-643
1926	812	2912	-644
1927	2912	2913	-644
1928	2913	813	-644
1929	813	2914	-645
1930	2914	2915	-645
1931	2915	814	-645
1932	814	2916	-646
1933	2916	2917	-646
1934	2917	815	-646
1935	815	2918	-647
1936	2918	2919	-647
1937	2919	812	-647
1938	816	2920	-648
1939	2920	2921	-648
1940	2921	817	-648
1941	817	2922	-649
1942	2922	2923	-649
1943	2923	818	-649
1944	818	2924	-650
1945	2924	2925	-650
1946	2925	819	-650
1947	819	2926	-651
1948	2926	2927	-651
1949	2927	816	-651
1950	820	2928	-652
1951	2928	2929	-652
1952	2929	821	-652
1953	821	2930	-653
1954	2930	2931	-653
1955	2931	822	-653
1956	822	2932	-654
1957	2932	2933	-654
1958	2933	823	-654
1959	823	2934	-655
1960	2934	2935	-655
1961	2935	820	-655
1962	824	2936	-656
1963	2936	2937	-656
1964	2937	825	-656
1965	825	2938	-657
1966	2938	2939	-657
1967	2939	826	-657
1968	826	2940	-658
1969	2940	2941	-658
1970	2941	827	-658
1971	827	2942	-659
1972	2942	2943	-659
1973	2943	824	-659
1974	828	2944	-660
1975	2944	2945	-660
1976	2945	829	-660
1977	829	2946	-661
1978	2946	2947	-661
1979	2947	830	-661
1980	830	2948	-662
1981	2948	2949	-662
1982	2949	831	-662
1983	831	2950	-663
1984	2950	2951	-663
1985	2951	828	-663
1986	832	2952	-664
1987	2952	2953	-664
1988	2953	833	-664
1989	833	2954	-665
1990	2954	2955	-665
1991	2955	834	-665
1992	834	2956	-666
1993	2956	2957	-666
1994	2957	835	-666
1995	835	2958	-667
1996	2958	2959	-667
1997	2959	832	-667
1998	836	2960	-668
1999	2960	2961	-668
2000	2961	837	-668
2001	837	2962	-669
2002	2962	2963	-669
2003	2963	838	-669
2004	838	2964	-670
2005	2964	2965	-670
2006	2965	839	-670
2007	839	2966	-671
2008	2966	2967	-671
2009	2967	836	-671
2010	840	2968	-672
2011	2968	2969	-672
2012	2969	841	-672
2013	841	2970	-673
2014	2970	2971	-673
2015	2971	842	-673
2016	842	2972	-674
2017	2972	2973	-674
2018	2973	843	-674
2019	843	2974	-675
2020	2974	2975	-675
2021	2975	840	-675
2022	844	2976	-676
2023	2976	2977	-676
2024	2977	845	-676
2025	845	2978	-677
2026	2978	2979	-677
2027	2979	846	-677
2028	846	2980	-678
2029	2980	2981	-678
2030	2981	847	-678
2031	847	2982	-679
2032	2982	2983	-679
2033	2983	844	-679
2034	848	2984	-680
2035	2984	2985	-680
2036	2985	849	-680
2037	849	2986	-681
2038	2986	2987	-681
2039	2987	850	-681
2040	850	2988	-682
2041	2988	2989	-682
2042	2989	851	-682
2043	851	2990	-683
2044	2990	2991	-683
2045	2991	848	-683
2046	852	2992	-684
2047	2992	2993	-684
2048	2993	853	-684
2049	853	2994	-685
2050	2994	2995	-685
2051	2995	854	-685
2052	854	2996	-686
2053	2996	2997	-686
2054	2997	855	-686
2055	855	2998	-687
2056	2998	2999	-687
2057	2999	852	-687
2058	856	3000	-688
2059	3000	3001	-688
2060	3001	857	-688
2061	857	3002	-689
2062	3002	3003	-689
2063	3003	858	-689
2064	858	3004	-690
2065	3004	3005	-690
2066	3005	859	-690
2067	859	3006	-691
2068	3006	3007	-691
2069	3007	856	-691
2070	860	3008	-692
2071	3008	3009	-692
2072	3009	861	-692
2073	861	3010	-693
2074	3010	3011	-693
2075	3011	862	-693
2076	862	3012	-694
2077	3012	3013	-694
2078	3013	863	-694
2079	863	3014	-695
2080	3014	3015	-695
2081	3015	860	-695
2082	864	3016	-696
2083	3016	3017	-696
2084	3017	865	-696
2085	865	3018	-697
2086	3018	3019	-697
2087	3019	866	-697
2088	866	3020	-698
2089	3020	3021	-698
2090	3021	867	-698
2091	867	3022	-699
2092	3022	3023	-699
2093	3023	864	-699
2094	868	3024	-700
2095	3024	3025	-700
2096	3025	869	-700
2097	869	3026	-701
2098	3026	3027	-701
2099	3027	870	-701
2100	870	3028	-702
2101	3028	3029	-702
2102	3029	871	-702
2103	871	3030	-703
2104	3030	3031	-703
2105	3031	868	-703
2106	872	3032	-704
2107	3032	3033	-704
2108	3033	873	-704
2109	873	3034	-705
2110	3034	3035	-705
2111	3035	874	-705
2112	874	3036	-706
2113	3036	3037	-706
2114	3037	875	-706
2115	875	3038	-707
2116	3038	3039	-707
2117	3039	872	-707
2118	876	3040	-708
2119	3040	3041	-708
2120	3041	877	-708
2121	877	3042	-709
2122	3042	3043	-709
2123	3043	878	-709
2124	878	3044	-710
2125	3044	3045	-710
2126	3045	879	-710
2127	879	3046	-711
2128	3046	3047	-711
2129	3047	876	-711
2130	880	3048	-712
2131	3048	3049	-712
2132	3049	881	-712
2133	881	3050	-713
2134	3050	3051	-713
2135	3051	882	-713
2136	882	3052	-714
2137	3052	3053	-714
2138	3053	883	-714
2139	883	3054	-715
2140	3054	3055	-715
2141	3055	880	-715
2142	884	3056	-716
2143	3056	3057	-716
2144	3057	885	-716
2145	885	3058	-717
2146	3058	3059	-717
2147	3059	886	-717
2148	886	3060	-718
2149	3060	3061	-718
2150	3061	887	-718
2151	887	3062	-719
2152	3062	3063	-719
2153	3063	884	-719
2154	888	3064	-720
2155	3064	3065	-720
2156	3065	889	-720
2157	889	3066	-721
2158	3066	3067	-721
2159	3067	890	-721
2160	890	3068	-722
2161	3068	3069	-722
2162	3069	891	-722
2163	891	3070	-723
2164	3070	3071	-723
2165	3071	888	-723
2166	892	3072	-724
2167	3072	3073	-724
2168	3073	893	-724
2169	893	3074	-725
2170	3074	3075	-725
2171	3075	894	-725
2172	894	3076	-726
2173	3076	3077	-726
2174	3077	895	-726
2175	895	3078	-727
2176	3078	3079	-727
2177	3079	892	-727
2178	896	3080	-728
2179	3080	3081	-728
2180	3081	897	-728
2181	897	3082	-729
2182	3082	3083	-729
2183	3083	898	-729
2184	898	3084	-730
2185	3084	3085	-730
2186	3085	899	-730
2187	899	3086	-731
2188	3086	3087	-731
2189	3087	896	-731
2190	900	3088	-732
2191	3088	3089	-732
2192	3089	901	-732
2193	901	3090	-733
2194	3090	3091	-733
2195	3091	902	-733
2196	902	3092	-734
2197	3092	3093	-734
2198	3093	903	-734
2199	903	3094	-735
2200	3094	3095	-735
2201	3095	900	-735
2202	904	3096	-736
2203	3096	3097	-736
2204	3097	905	-736
2205	905	3098	-737
2206	3098	3099	-737
2207	3099	906	-737
2208	906	3100	-738
2209	3100	3101	-738
2210	3101	907	-738
2211	907	3102	-739
2212	3102	3103	-739
2213	3103	904	-739
2214	908	3104	-740
2215	3104	3105	-740
2216	3105	909	-740
2217	909	3106	-741
2218	3106	3107	-741
2219	3107	910	-741
2220	910	3108	-742
2221	3108	3109	-742
2222	3109	911	-742
2223	911	3110	-743
2224	3110	3111	-743
2225	3111	908	-743
2226	912	3112	-744
2227	3112	3113	-744
2228	3113	913	-744
2229	913	3114	-745
2230	3114	3115	-745
2231	3115	914	-745
2232	914	3116	-746
2233	3116	3117	-746
2234	3117	915	-746
2235	915	3118	-747
2236	3118	3119	-747
2237	3119	912	-747
2238	916	3120	-748
2239	3120	3121	-748
2240	3121	917	-748
2241	917	3122	-749
2242	3122	3123	-749
2243	3123	918	-749
2244	918	3124	-750
2245	3124	3125	-750
2246	3125	919	-750
2247	919	3126	-751
2248	3126	3127	-751
2249	3127	916	-751
2250	920	3128	-752
2251	3128	3129	-752
2252	3129	921	-752
2253	921	3130	-753
2254	3130	3131	-753
2255	3131	922	-753
2256	922	3132	-754
2257	3132	3133	-754
2258	3133	923	-754
2259	923	3134	-755
2260	3134	3135	-755
2261	3135	920	-755
2262	924	3136	-756
2263	3136	3137	-756
2264	3137	925	-756
2265	925	3138	-757
2266	3138	3139	-757
2267	3139	926	-757
2268	926	3140	-758
2269	3140	3141	-758
2270	3141	927	-758
2271	927	3142	-759
2272	3142	3143	-759
2273	3143	924	-759
2274	928	3144	-760
2275	3144	3145	-760
2276	3145	929	-760
2277	929	3146	-761
2278	3146	3147	-761
2279	3147	930	-761
2280	930	3148	-762
2281	3148	3149	-762
2282	3149	931	-762
2283	931	3150	-763
2284	3150	3151	-763
2285	3151	928	-763
2286	932	3152	-764
2287	3152	3153	-764
2288	3153	933	-764
2289	933	3154	-765
2290	3154	3155	-765
2291	3155	934	-765
2292	934	3156	-766
2293	3156	3157	-766
2294	3157	935	-766
2295	935	3158	-767
2296	3158	3159	-767
2297	3159	932	-767
2298	936	3160	-768
2299	3160	3161	-768
2300	3161	937	-768
2301	937	3162	-769
2302	3162	3163	-769
2303	3163	938	-769
2304	938	3164	-770
2305	3164	3165	-770
2306	3165	939	-770
2307	939	3166	-771
2308	3166	3167	-771
2309	3167	936	-771
2310	940	3168	-772
2311	3168	3169	-772
2312	3169	941	-772
2313	941	3170	-773
2314	3170	3171	-773
2315	3171	942	-773
2316	942	3172	-774
2317	3172	3173	-774
2318	3173	943	-774
2319	943	3174	-775
2320	3174	3175	-775
2321	3175	940	-775
2322	944	3176	-776
2323	3176	3177	-776
2324	3177	945	-776
2325	945	3178	-777
2326	3178	3179	-777
2327	3179	946	-777
2328	946	3180	-778
2329	3180	3181	-778
2330	3181	947	-778
2331	947	3182	-779
2332	3182	3183	-779
2333	3183	944	-779
2334	948	3184	-780
2335	3184	3185	-780
2336	3185	949	-780
2337	949	3186	-781
2338	3186	3187	-781
2339	3187	950	-781
2340	950	3188	-782
2341	3188	3189	-782
2342	3189	951	-782
2343	951	3190	-783
2344	3190	3191	-783
2345	3191	948	-783
2346	952	3192	-784
2347	3192	3193	-784
2348	3193	953	-784
2349	953	3194	-785
2350	3194	3195	-785
2351	3195	954	-785
2352	954	3196	-786
2353	3196	3197	-786
2354	3197	955	-786
2355	955	3198	-787
2356	3198	3199	-787
2357	3199	952	-787
2358	956	3200	-788
2359	3200	3201	-788
2360	3201	957	-788
2361	957	3202	-789
2362	3202	3203	-789
2363	3203	958	-789
2364	958	3204	-790
2365	3204	3205	-790
2366	3205	959	-790
2367	959	3206	-791
2368	3206	3207	-791
2369	3207	956	-791
2370	960	3208	-792
2371	3208	3209	-792
2372	3209	961	-792
2373	961	3210	-793
2374	3210	3211	-793
2375	3211	962	-793
2376	962	3212	-794
2377	3212	3213	-794
2378	3213	963	-794
2379	963	3214	-795
2380	3214	3215	-795
2381	3215	960	-795
2382	964	3216	-796
2383	3216	3217	-796
2384	3217	965	-796
2385	965	3218	-797
2386	3218	3219	-797
2387	3219	966	-797
2388	966	3220	-798
2389	3220	3221	-798
2390	3221	967	-798
2391	967	3222	-799
2392	3222	3223	-799
2393	3223	964	-799
2394	968	3224	-800
2395	3224	3225	-800
2396	3225	969	-800
2397	969	3226	-801
2398	3226	3227	-801
2399	3227	970	-801
2400	970	3228	-802
2401	3228	3229	-802
2402	3229	971	-802
2403	971	3230	-803
2404	3230	3231	-803
2405	3231	968	-803
2406	972	3232	-804
2407	3232	3233	-804
2408	3233	973	-804
2409	973	3234	-805
2410	3234	3235	-805
2411	3235	974	-805
2412	974	3236	-806
2413	3236	3237	-806
2414	3237	975	-806
2415	975	3238	-807
2416	3238	3239	-807
2417	3239	972	-807
2418	976	3240	-808
2419	3240	3241	-808
2420	3241	977	-808
2421	977	3242	-809
2422	3242	3243	-809
2423	3243	978	-809
2424	978	3244	-810
2425	3244	3245	-810
2426	3245	979	-810
2427	979	3246	-811
2428	3246	3247	-811
2429	3247	976	-811
2430	980	3248	-812
2431	3248	3249	-812
2432	3249	981	-812
2433	981	3250	-813
2434	3250	3251	-813
2435	3251	982	-813
2436	982	3252	-814
2437	3252	3253	-814
2438	3253	983	-814
2439	983	3254	-815
2440	3254	3255	-815
2441	3255	980	-815
2442	984	3256	-816
2443	3256	3257	-816
2444	3257	985	-816
2445	985	3258	-817
2446	3258	3259	-817
2447	3259	986	-817
2448	986	3260	-818
2449	3260	3261	-818
2450	3261	987	-818
2451	987	3262	-819
2452	3262	3263	-819
2453	3263	984	-819
2454	988	3264	-820
2455	3264	3265	-820
2456	3265	989	-820
2457	989	3266	-821
2458	3266	3267	-821
2459	3267	990	-821
2460	990	3268	-822
2461	3268	3269	-822
2462	3269	991	-822
2463	991	3270	-823
2464	3270	3271	-823
2465	3271	988	-823
2466	992	3272	-824
2467	3272	3273	-824
2468	3273	993	-824
2469	993	3274	-825
2470	3274	3275	-825
2471	3275	994	-825
2472	994	3276	-826
2473	3276	3277	-826
2474	3277	995	-826
2475	995	3278	-827
2476	3278	3279	-827
2477	3279	992	-827
2478	996	3280	-828
2479	3280	3281	-828
2480	3281	997	-828
2481	997	3282	-829
2482	3282	3283	-829
2483	3283	998	-829
2484	998	3284	-830
2485	3284	3285	-830
2486	3285	999	-830
2487	999	3286	-831
2488	3286	3287	-831
2489	3287	996	-831
2490	1000	3288	-832
2491	3288	3289	-832
2492	3289	1001	-832
2493	1001	3290	-833
2494	3290	3291	-833
2495	3291	1002	-833
2496	1002	3292	-834
2497	3292	3293	-834
2498	3293	1003	-834
2499	1003	3294	-835
2500	3294	3295	-835
2501	3295	1000	-835
2502	1004	3296	-836
2503	3296	3297	-836
2504	3297	1005	-836
2505	1005	3298	-837
2506	3298	3299	-837
2507	3299	1006	-837
2508	1006	3300	-838
2509	3300	3301	-838
2510	3301	1007	-838
2511	1007	3302	-839
2512	3302	3303	-839
2513	3303	1004	-839
2514	1008	3304	-840
2515	3304	3305	-840
2516	3305	1009	-840
2517	1009	3306	-841
2518	3306	3307	-841
2519	3307	1010	-841
2520	1010	3308	-842
2521	3308	3309	-842
2522	3309	1011	-842
2523	1011	3310	-843
2524	3310	3311	-843
2525	3311	1008	-843
2526	1012	3312	-844
2527	3312	3313	-844
2528	3313	1013	-844
2529	1013	3314	-845
2530	3314	3315	-845
2531	3315	1014	-845
2532	1014	3316	-846
2533	3316	3317	-846
2534	3317	1015	-846
2535	1015	3318	-847
2536	3318	3319	-847
2537	3319	1012	-847
2538	1016	3320	-848
2539	3320	3321	-848
2540	3321	1017	-848
2541	1017	3322	-849
2542	3322	3323	-849
2543	3323	1018	-849
2544	1018	3324	-850
2545	3324	3325	-850
2546	3325	1019	-850
2547	1019	3326	-851
2548	3326	3327	-851
2549	3327	1016	-851
2550	1020	3328	-852
2551	3328	3329	-852
2552	3329	1021	-852
2553	1021	3330	-853
2554	3330	3331	-853
2555	3331	1022	-853
2556	1022	3332	-854
2557	3332	3333	-854
2558	3333	1023	-854
2559	1023	3334	-855
2560	3334	3335	-855
2561	3335	1020	-855
2562	1024	3336	-856
2563	3336	3337	-856
2564	3337	1025	-856
2565	1025	3338	-857
2566	3338	3339	-857
2567	3339	1026	-857
2568	1026	3340	-858
2569	3340	3341	-858
2570	3341	1027	-858
2571	1027	3342	-859
2572	3342	3343	-859
2573	3343	1024	-859
2574	1028	3344	-860
2575	3344	3345	-860
2576	3345	1029	-860
2577	1029	3346	-861
2578	3346	3347	-861
2579	3347	1030	-861
2580	1030	3348	-862
2581	3348	3349	-862
2582	3349	1031	-862
2583	1031	3350	-863
2584	3350	3351	-863
2585	3351	1028	-863
2586	1032	3352	-864
2587	3352	3353	-864
2588	3353	1033	-864
2589	1033	3354	-865
2590	3354	3355	-865
2591	3355	1034	-865
2592	1034	3356	-866
2593	3356	3357	-866
2594	3357	1035	-866
2595	1035	3358	-867
2596	3358	3359	-867
2597	3359	1032	-867
2598	1036	3360	-868
2599	3360	3361	-868
2600	3361	1037	-868
2601	1037	3362	-869
2602	3362	3363	-869
2603	3363	1038	-869
2604	1038	3364	-870
2605	3364	3365	-870
2606	3365	1039	-870
2607	1039	3366	-871
2608	3366	3367	-871
2609	3367	1036	-871
2610	1040	3368	-872
2611	3368	3369	-872
2612	3369	1041	-872
2613	1041	3370	-873
2614	3370	3371	-873
2615	3371	1042	-873
2616	1042	3372	-874
2617	3372	3373	-874
2618	3373	1043	-874
2619	1043	3374	-875
2620	3374	3375	-875
2621	3375	1040	-875
2622	1044	3376	-876
2623	3376	3377	-876
2624	3377	1045	-876
2625	1045	3378	-877
2626	3378	3379	-877
2627	3379	1046	-877
2628	1046	3380	-878
2629	3380	3381	-878
2630	3381	1047	-878
2631	1047	3382	-879
2632	3382	3383	-879
2633	3383	1044	-879
2634	1048	3384	-880
2635	3384	3385	-880
2636	3385	1049	-880
2637	1049	3386	-881
2638	3386	3387	-881
2639	3387	1050	-881
2640	1050	3388	-882
2641	3388	3389	-882
2642	3389	1051	-882
2643	1051	3390	-883
2644	3390	3391	-883
2645	3391	1048	-883
2646	1052	3392	-884
2647	3392	3393	-884
2648	3393	1053	-884
2649	1053	3394	-885
2650	3394	3395	-885
2651	3395	1054	-885
2652	1054	3396	-886
2653	3396	3397	-886
2654	3397	1055	-886
2655	1055	3398	-887
2656	3398	3399	-887
2657	3399	1052	-887
2658	1056	3400	-888
2659	3400	3401	-888
2660	3401	1057	-888
2661	1057	3402	-889
2662	3402	3403	-889
2663	3403	1058	-889
2664	1058	3404	-890
2665	3404	3405	-890
2666	3405	1059	-890
2667	1059	3406	-891
2668	3406	3407	-891
2669	3407	1056	-891
2670	1060	3408	-892
2671	3408	3409	-892
2672	3409	1061	-892
2673	1061	3410	-893
2674	3410	3411	-893
2675	3411	1062	-893
2676	1062	3412	-894
2677	3412	3413	-894
2678	3413	1063	-894
2679	1063	3414	-895
2680	3414	3415	-895
2681	3415	1060	-895
2682	1064	3416	-896
2683	3416	3417	-896
2684	3417	1065	-896
2685	1065	3418	-897
2686	3418	3419	-897
2687	3419	1066	-897
2688	1066	3420	-898
2689	3420	3421	-898
2690	3421	1067	-898
2691	1067	3422	-899
2692	3422	3423	-899
2693	3423	1064	-899
2694	1068	3424	-900
2695	3424	3425	-900
2696	3425	1069	-900
2697	1069	3426	-901
2698	3426	3427	-901
2699	3427	1070	-901
2700	1070	3428	-902
2701	3428	3429	-902
2702	3429	1071	-902
2703	1071	3430	-903
2704	3430	3431	-903
2705	3431	1068	-903
2706	1072	3432	-904
2707	3432	3433	-904
2708	3433	1073	-904
2709	1073	3434	-905
2710	3434	3435	-905
2711	3435	1074	-905
2712	1074	3436	-906
2713	3436	3437	-906
2714	3437	1075	-906
2715	1075	3438	-907
2716	3438	3439	-907
2717	3439	1072	-907
2718	1076	3440	-908
2719	3440	3441	-908
2720	3441	1077	-908
2721	1077	3442	-909
2722	3442	3443	-909
2723	3443	1078	-909
2724	1078	3444	-910
2725	3444	3445	-910
2726	3445	1079	-910
2727	1079	3446	-911
2728	3446	3447	-911
2729	3447	1076	-911
2730	1080	3448	-912
2731	3448	3449	-912
2732	3449	1081	-912
2733	1081	3450	-913
2734	3450	3451	-913
2735	3451	1082	-913
2736	1082	3452	-914
2737	3452	3453	-914
2738	3453	1083	-914
2739	1083	3454	-915
2740	3454	3455	-915
2741	3455	1080	-915
2742	1084	3456	-916
2743	3456	3457	-916
2744	3457	1085	-916
2745	1085	3458	-917
2746	3458	3459	-917
2747	3459	1086	-917
2748	1086	3460	-918
2749	3460	3461	-918
2750	3461	1087	-918
2751	1087	3462	-919
2752	3462	3463	-919
2753	3463	1084	-919
2754	1088	3464	-920
2755	3464	3465	-920
2756	3465	1089	-920
2757	1089	3466	-921
2758	3466	3467	-921
2759	3467	1090	-921
2760	1090	3468	-922
2761	3468	3469	-922
2762	3469	1091	-922
2763	1091	3470	-923
2764	3470	3471	-923
2765	3471	1088	-923
2766	1092	3472	-924
2767	3472	3473	-924
2768	3473	1093	-924
2769	1093	3474	-925
2770	3474	3475	-925
2771	3475	1094	-925
2772	1094	3476	-926
2773	3476	3477	-926
2774	3477	1095	-926
2775	1095	3478	-927
2776	3478	3479	-927
2777	3479	1092	-927
2778	1096	3480	-928
2779	3480	3481	-928
2780	3481	1097	-928
2781	1097	3482	-929
2782	3482	3483	-929
2783	3483	1098	-929
2784	1098	3484	-930
2785	3484	3485	-930
2786	3485	1099	-930
2787	1099	3486	-931
2788	3486	3487	-931
2789	3487	1096	-931
2790	1100	3488	-932
2791	3488	3489	-932
2792	3489	1101	-932
2793	1101	3490	-933
2794	3490	3491	-933
2795	3491	1102	-933
2796	1102	3492	-934
2797	3492	3493	-934
2798	3493	1103	-934
2799	1103	3494	-935
2800	3494	3495	-935
2801	3495	1100	-935
2802	1104	3496	-936
2803	3496	3497	-936
2804	3497	1105	-936
2805	1105	3498	-937
2806	3498	3499	-937
2807	3499	1106	-937
2808	1106	3500	-938
2809	3500	3501	-938
2810	3501	1107	-938
2811	1107	3502	-939
2812	3502	3503	-939
2813	3503	1104	-939
2814	1108	3504	-940
2815	3504	3505	-940
2816	3505	1109	-940
2817	1109	3506	-941
2818	3506	3507	-941
2819	3507	1110	-941
2820	1110	3508	-942
2821	3508	3509	-942
2822	3509	1111	-942
2823	1111	3510	-943
2824	3510	3511	-943
2825	3511	1108	-943
2826	1112	3512	-944
2827	3512	3513	-944
2828	3513	1113	-944
2829	1113	3514	-945
2830	3514	3515	-945
2831	3515	1114	-945
2832	1114	3516	-946
2833	3516	3517	-946
2834	3517	1115	-946
2835	1115	3518	-947
2836	3518	3519	-947
2837	3519	1112	-947
2838	1116	3520	-948
2839	3520	3521	-948
2840	3521	1117	-948
2841	1117	3522	-949
2842	3522	3523	-949
2843	3523	1118	-949
2844	1118	3524	-950
2845	3524	3525	-950
2846	3525	1119	-950
2847	1119	3526	-951
2848	3526	3527	-951
2849	3527	1116	-951
2850	1120	3528	-952
2851	3528	3529	-952
2852	3529	1121	-952
2853	1121	3530	-953
2854	3530	3531	-953
2855	3531	1122	-953
2856	1122	3532	-954
2857	3532	3533	-954
2858	3533	1123	-954
2859	1123	3534	-955
2860	3534	3535	-955
2861	3535	1120	-955
2862	1124	3536	-956
2863	3536	3537	-956
2864	3537	1125	-956
2865	1125	3538	-957
2866	3538	3539	-957
2867	3539	1126	-957
2868	1126	3540	-958
2869	3540	3541	-958
2870	3541	1127	-958
2871	1127	3542	-959
2872	3542	3543	-959
2873	3543	1124	-959
2874	1128	3544	-960
2875	3544	3545	-960
2876	3545	1129	-960
2877	1129	3546	-961
2878	3546	3547	-961
2879	3547	1130	-961
2880	1130	3548	-962
2881	3548	3549	-962
2882	3549	1131	-962
2883	1131	3550	-963
2884	3550	3551	-963
2885	3551	1128	-963
2886	1132	3552	-964
2887	3552	3553	-964
2888	3553	1133	-964
2889	1133	3554	-965
2890	3554	3555	-965
2891	3555	1134	-965
2892	1134	3556	-966
2893	3556	3557	-966
2894	3557	1135	-966
2895	1135	3558	-967
2896	3558	3559	-967
2897	3559	1132	-967
2898	1136	3560	-968
2899	3560	3561	-968
2900	3561	1137	-968
2901	1137	3562	-969
2902	3562	3563	-969
2903	3563	1138	-969
2904	1138	3564	-970
2905	3564	3565	-970
2906	3565	1139	-970
2907	1139	3566	-971
2908	3566	3567	-971
2909	3567	1136	-971
2910	1140	3568	-972
2911	3568	3569	-972
2912	3569	1141	-972
2913	1141	3570	-973
2914	3570	3571	-973
2915	3571	1142	-973
2916	1142	3572	-974
2917	3572	3573	-974
2918	3573	1143	-974
2919	1143	3574	-975
2920	3574	3575	-975
2921	3575	1140	-975
2922	1144	3576	-976
2923	3576	3577	-976
2924	3577	1145	-976
2925	1145	3578	-977
2926	3578	3579	-977
2927	3579	1146	-977
2928	1146	3580	-978
2929	3580	3581	-978
2930	3581	1147	-978
2931	1147	3582	-979
2932	3582	3583	-979
2933	3583	1144	-979
2934	1148	3584	-980
2935	3584	3585	-980
2936	3585	1149	-980
2937	1149	3586	-981
2938	3586	3587	-981
2939	3587	1150	-981
2940	1150	3588	-982
2941	3588	3589	-982
2942	3589	1151	-982
2943	1151	3590	-983
2944	3590	3591	-983
2945	3591	1148	-983
2946	1152	3592	-984
2947	3592	3593	-984
2948	3593	1153	-984
2949	1153	3594	-985
2950	3594	3595	-985
2951	3595	1154	-985
2952	1154	3596	-986
2953	3596	3597	-986
2954	3597	1155	-986
2955	1155	3598	-987
2956	3598	3599	-987
2957	3599	1152	-987
2958	1156	3600	-988
2959	3600	3601	-988
2960	3601	1157	-988
2961	1157	3602	-989
2962	3602	3603	-989
2963	3603	1158	-989
2964	1158	3604	-990
2965	3604	3605	-990
2966	3605	1159	-990
2967	1159	3606	-991
2968	3606	3607	-991
2969	3607	1156	-991
2970	1160	3608	-992
2971	3608	3609	-992
2972	3609	1161	-992
2973	1161	3610	-993
2974	3610	3611	-993
2975	3611	1162	-993
2976	1162	3612	-994
2977	3612	3613	-994
2978	3613	1163	-994
2979	1163	3614	-995
2980	3614	3615	-995
2981	3615	1160	-995
2982	1164	3616	-996
2983	3616	3617	-996
2984	3617	1165	-996
2985	1165	3618	-997
2986	3618	3619	-997
2987	3619	1166	-997
2988	1166	3620	-998
2989	3620	3621	-998
2990	3621	1167	-998
2991	1167	3622	-999
2992	3622	3623	-999
2993	3623	1164	-999
2994	1168	3624	-1000
2995	3624	3625	-1000
2996	3625	1169	-1000
2997	1169	3626	-1001
2998	3626	3627	-1001
2999	3627	1170	-1001
3000	1170	3628	-1002
3001	3628	3629	-1002
3002	3629	1171	-1002
3003	1171	3630	-1003
3004	3630	3631	-1003
3005	3631	1168	-1003
3006	1172	3632	-1004
3007	3632	3633	-1004
3008	3633	1173	-1004
3009	1173	3634	-1005
3010	3634	3635	-1005
3011	3635	1174	-1005
3012	1174	3636	-1006
3013	3636	3637	-1006
3014	3637	1175	-1006
3015	1175	3638	-1007
3016	3638	3639	-1007
3017	3639	1172	-1007
3018	1176	3640	-1008
3019	3640	3641	-1008
3020	3641	1177	-1008
3021	1177	3642	-1009
3022	3642	3643	-1009
3023	3643	1178	-1009
3024	1178	3644	-1010
3025	3644	3645	-1010
3026	3645	1179	-1010
3027	1179	3646	-1011
3028	3646	3647	-1011
3029	3647	1176	-1011
3030	1180	3648	-1012
3031	3648	3649	-1012
3032	3649	1181	-1012
3033	1181	3650	-1013
3034	3650	3651	-1013
3035	3651	1182	-1013
3036	1182	3652	-1014
3037	3652	3653	-1014
3038	3653	1183	-1014
3039	1183	3654	-1015
3040	3654	3655	-1015
3041	3655	1180	-1015
3042	1184	3656	-1016
3043	3656	3657	-1016
3044	3657	1185	-1016
3045	1185	3658	-1017
3046	3658	3659	-1017
3047	3659	1186	-1017
3048	1186	3660	-1018
3049	3660	3661	-1018
3050	3661	1187	-1018
3051	1187	3662	-1019
3052	3662	3663	-1019
3053	3663	1184	-1019
3054	1188	3664	-1020
3055	3664	3665	-1020
3056	3665	1189	-1020
3057	1189	3666	-1021
3058	3666	3667	-1021
3059	3667	1190	-1021
3060	1190	3668	-1022
3061	3668	3669	-1022
3062	3669	1191	-1022
3063	1191	3670	-1023
3064	3670	3671	-1023
3065	3671	1188	-1023
3066	1192	3672	-1024
3067	3672	3673	-1024
3068	3673	1193	-1024
3069	1193	3674	-1025
3070	3674	3675	-1025
3071	3675	1194	-1025
3072	1194	3676	-1026
3073	3676	3677	-1026
3074	3677	1195	-1026
3075	1195	3678	-1027
3076	3678	3679	-1027
3077	3679	1192	-1027
3078	1196	3680	-1028
3079	3680	3681	-1028
3080	3681	1197	-1028
3081	1197	3682	-1029
3082	3682	3683	-1029
3083	3683	1198	-1029
3084	1198	3684	-1030
3085	3684	3685	-1030
3086	3685	1199	-1030
3087	1199	3686	-1031
3088	3686	3687	-1031
3089	3687	1196	-1031
3090	1200	3688	-1032
3091	3688	3689	-1032
3092	3689	1201	-1032
3093	1201	3690	-1033
3094	3690	3691	-1033
3095	3691	1202	-1033
3096	1202	3692	-1034
3097	3692	3693	-1034
3098	3693	1203	-1034
3099	1203	3694	-1035
3100	3694	3695	-1035
3101	3695	1200	-1035
3102	1204	3696	-1036
3103	3696	3697	-1036
3104	3697	1205	-1036
3105	1205	3698	-1037
3106	3698	3699	-1037
3107	3699	1206	-1037
3108	1206	3700	-1038
3109	3700	3701	-1038
3110	3701	1207	-1038
3111	1207	3702	-1039
3112	3702	3703	-1039
3113	3703	1204	-1039
3114	1208	3704	-1040
3115	3704	3705	-1040
3116	3705	1209	-1040
3117	1209	3706	-1041
3118	3706	3707	-1041
3119	3707	1210	-1041
3120	1210	3708	-1042
3121	3708	3709	-1042
3122	3709	1211	-1042
3123	1211	3710	-1043
3124	3710	3711	-1043
3125	3711	1208	-1043
3126	1212	3712	-1044
3127	3712	3713	-1044
3128	3713	1213	-1044
3129	1213	3714	-1045
3130	3714	3715	-1045
3131	3715	1214	-1045
3132	1214	3716	-1046
3133	3716	3717	-1046
3134	3717	1215	-1046
3135	1215	3718	-1047
3136	3718	3719	-1047
3137	3719	1212	-1047
3138	1216	3720	-1048
3139	3720	3721	-1048
3140	3721	1217	-1048
3141	1217	3722	-1049
3142	3722	3723	-1049
3143	3723	1218	-1049
3144	1218	3724	-1050
3145	3724	3725	-1050
3146	3725	1219	-1050
3147	1219	3726	-1051
3148	3726	3727	-1051
3149	3727	1216	-1051
3150	1220	3728	-1052
3151	3728	3729	-1052
3152	3729	1221	-1052
3153	1221	3730	-1053
3154	3730	3731	-1053
3155	3731	1222	-1053
3156	1222	3732	-1054
3157	3732	3733	-1054
3158	3733	1223	-1054
3159	1223	3734	-1055
3160	3734	3735	-1055
3161	3735	1220	-1055
3162	1224	3736	-1056
3163	3736	3737	-1056
3164	3737	1225	-1056
3165	1225	3738	-1057
3166	3738	3739	-1057
3167	3739	1226	-1057
3168	1226	3740	-1058
3169	3740	3741	-1058
3170	3741	1227	-1058
3171	1227	3742	-1059
3172	3742	3743	-1059
3173	3743	1224	-1059
3174	1228	3744	-1060
3175	3744	3745	-1060
3176	3745	1229	-1060
3177	1229	3746	-1061
3178	3746	3747	-1061
3179	3747	1230	-1061
3180	1230	3748	-1062
3181	3748	3749	-1062
3182	3749	1231	-1062
3183	1231	3750	-1063
3184	3750	3751	-1063
3185	3751	1228	-1063
3186	1232	3752	-1064
3187	3752	3753	-1064
3188	3753	1233	-1064
3189	1233	3754	-1065
3190	3754	3755	-1065
3191	3755	1234	-1065
3192	1234	3756	-1066
3193	3756	3757	-1066
3194	3757	1235	-1066
3195	1235	3758	-1067
3196	3758	3759	-1067
3197	3759	1232	-1067
3198	1236	3760	-1068
3199	3760	3761	-1068
3200	3761	1237	-1068
3201	1237	3762	-1069
3202	3762	3763	-1069
3203	3763	1238	-1069
3204	1238	3764	-1070
3205	3764	3765	-1070
3206	3765	1239	-1070
3207	1239	3766	-1071
3208	3766	3767	-1071
3209	3767	1236	-1071
3210	1240	3768	-1072
3211	3768	3769	-1072
3212	3769	1241	-1072
3213	1241	3770	-1073
3214	3770	3771	-1073
3215	3771	1242	-1073
3216	1242	3772	-1074
3217	3772	3773	-1074
3218	3773	1243	-1074
3219	1243	3774	-1075
3220	3774	3775	-1075
3221	3775	1240	-1075
3222	1244	3776	-1076
3223	3776	3777	-1076
3224	3777	1245	-1076
3225	1245	3778	-1077
3226	3778	3779	-1077
3227	3779	1246	-1077
3228	1246	3780	-1078
3229	3780	3781	-1078
3230	3781	1247	-1078
3231	1247	3782	-1079
3232	3782	3783	-1079
3233	3783	1244	-1079
3234	1248	3784	-1080
3235	3784	3785	-1080
3236	3785	1249	-1080
3237	1249	3786	-1081
3238	3786	3787	-1081
3239	3787	1250	-1081
3240	1250	3788	-1082
3241	3788	3789	-1082
3242	3789	1251	-1082
3243	1251	3790	-1083
3244	3790	3791	-1083
3245	3791	1248	-1083
3246	1252	3792	-1084
3247	3792	3793	-1084
3248	3793	1253	-1084
3249	1253	3794	-1085
3250	3794	3795	-1085
3251	3795	1254	-1085
3252	1254	3796	-1086
3253	3796	3797	-1086
3254	3797	1255	-1086
3255	1255	3798	-1087
3256	3798	3799	-1087
3257	3799	1252	-1087
3258	1256	3800	-1088
3259	3800	3801	-1088
3260	3801	1257	-1088
3261	1257	3802	-1089
3262	3802	3803	-1089
3263	3803	1258	-1089
3264	1258	3804	-1090
3265	3804	3805	-1090
3266	3805	1259	-1090
3267	1259	3806	-1091
3268	3806	3807	-1091
3269	3807	1256	-1091
3270	1260	3808	-1092
3271	3808	3809	-1092
3272	3809	1261	-1092
3273	1261	3810	-1093
3274	3810	3811	-1093
3275	3811	1262	-1093
3276	1262	3812	-1094
3277	3812	3813	-1094
3278	3813	1263	-1094
3279	1263	3814	-1095
3280	3814	3815	-1095
3281	3815	1260	-1095
3282	1264	3816	-1096
3283	3816	3817	-1096
3284	3817	1265	-1096
3285	1265	3818	-1097
3286	3818	3819	-1097
3287	3819	1266	-1097
3288	1266	3820	-1098
3289	3820	3821	-1098
3290	3821	1267	-1098
3291	1267	3822	-1099
3292	3822	3823	-1099
3293	3823	1264	-1099
3294	1268	3824	-1100
3295	3824	3825	-1100
3296	3825	1269	-1100
3297	1269	3826	-1101
3298	3826	3827	-1101
3299	3827	1270	-1101
3300	1270	3828	-1102
3301	3828	3829	-1102
3302	3829	1271	-1102
3303	1271	3830	-1103
3304	3830	3831	-1103
3305	3831	1268	-1103
3306	1272	3832	-1104
3307	3832	3833	-1104
3308	3833	1273	-1104
3309	1273	3834	-1105
3310	3834	3835	-1105
3311	3835	1274	-1105
3312	1274	3836	-1106
3313	3836	3837	-1106
3314	3837	1275	-1106
3315	1275	3838	-1107
3316	3838	3839	-1107
3317	3839	1272	-1107
3318	1276	3840	-1108
3319	3840	3841	-1108
3320	3841	1277	-1108
3321	1277	3842	-1109
3322	3842	3843	-1109
3323	3843	1278	-1109
3324	1278	3844	-1110
3325	3844	3845	-1110
3326	3845	1279	-1110
3327	1279	3846	-1111
3328	3846	3847	-1111
3329	3847	1276	-1111
3330	1280	3848	-1112
3331	3848	3849	-1112
3332	3849	1281	-1112
3333	1281	3850	-1113
3334	3850	3851	-1113
3335	3851	1282	-1113
3336	1282	3852	-1114
3337	3852	3853	-1114
3338	3853	1283	-1114
3339	1283	3854	-1115
3340	3854	3855	-1115
3341	3855	1280	-1115
3342	1284	3856	-1116
3343	3856	3857	-1116
3344	3857	1285	-1116
3345	1285	3858	-1117
3346	3858	3859	-1117
3347	3859	1286	-1117
3348	1286	3860	-1118
3349	3860	3861	-1118
3350	3861	1287	-1118
3351	1287	3862	-1119
3352	3862	3863	-1119
3353	3863	1284	-1119
3354	1288	3864	-1120
3355	3864	3865	-1120
3356	3865	1289	-1120
3357	1289	3866	-1121
3358	3866	3867	-1121
3359	3867	1290	-1121
3360	1290	3868	-1122
3361	3868	3869	-1122
3362	3869	1291	-1122
3363	1291	3870	-1123
3364	3870	3871	-1123
3365	3871	1288	-1123
3366	1292	3872	-1124
3367	3872	3873	-1124
3368	3873	1293	-1124
3369	1293	3874	-1125
3370	3874	3875	-1125
3371	3875	1294	-1125
3372	1294	3876	-1126
3373	3876	3877	-1126
3374	3877	1295	-1126
3375	1295	3878	-1127
3376	3878	3879	-1127
3377	3879	1292	-1127
3378	1296	3880	-1128
3379	3880	3881	-1128
3380	3881	1297	-1128
3381	1297	3882	-1129
3382	3882	3883	-1129
3383	3883	1298	-1129
3384	1298	3884	-1130
3385	3884	3885	-1130
3386	3885	1299	-1130
3387	1299	3886	-1131
3388	3886	3887	-1131
3389	3887	1296	-1131
3390	1300	3888	-1132
3391	3888	3889	-1132
3392	3889	1301	-1132
3393	1301	3890	-1133
3394	3890	3891	-1133
3395	3891	1302	-1133
3396	1302	3892	-1134
3397	3892	3893	-1134
3398	3893	1303	-1134
3399	1303	3894	-1135
3400	3894	3895	-1135
3401	3895	1300	-1135
3402	1304	3896	-1136
3403	3896	3897	-1136
3404	3897	1305	-1136
3405	1305	3898	-1137
3406	3898	3899	-1137
3407	3899	1306	-1137
3408	1306	3900	-1138
3409	3900	3901	-1138
3410	3901	1307	-1138
3411	1307	3902	-1139
3412	3902	3903	-1139
3413	3903	1304	-1139
3414	1308	3904	-1140
3415	3904	3905	-1140
3416	3905	1309	-1140
3417	1309	3906	-1141
3418	3906	3907	-1141
3419	3907	1310	-1141
3420	1310	3908	-1142
3421	3908	3909	-1142
3422	3909	1311	-1142
3423	1311	3910	-1143
3424	3910	3911	-1143
3425	3911	1308	-1143
3426	1312	3912	-1144
3427	3912	3913	-1144
3428	3913	1313	-1144
3429	1313	3914	-1145
3430	3914	3915	-1145
3431	3915	1314	-1145
3432	1314	3916	-1146
3433	3916	3917	-1146
3434	3917	1315	-1146
3435	1315	3918	-1147
3436	3918	3919	-1147
3437	3919	1312	-1147
3438	1316	3920	-1148
3439	3920	3921	-1148
3440	3921	1317	-1148
3441	1317	3922	-1149
3442	3922	3923	-1149
3443	3923	1318	-1149
3444	1318	3924	-1150
3445	3924	3925	-1150
3446	3925	1319	-1150
3447	1319	3926	-1151
3448	3926	3927	-1151
3449	3927	1316	-1151
3450	1320	3928	-1152
3451	3928	3929	-1152
3452	3929	1321	-1152
3453	1321	3930	-1153
3454	3930	3931	-1153
3455	3931	1322	-1153
3456	1322	3932	-1154
3457	3932	3933	-1154
3458	3933	1323	-1154
3459	1323	3934	-1155
3460	3934	3935	-1155
3461	3935	1320	-1155
3462	1324	3936	-1156
3463	3936	3937	-1156
3464	3937	1325	-1156
3465	1325	3938	-1157
3466	3938	3939	-1157
3467	3939	1326	-1157
3468	1326	3940	-1158
3469	3940	3941	-1158
3470	3941	1327	-1158
3471	1327	3942	-1159
3472	3942	3943	-1159
3473	3943	1324	-1159
3474	1328	3944	-1160
3475	3944	3945	-1160
3476	3945	1329	-1160
3477	1329	3946	-1161
3478	3946	3947	-1161
3479	3947	1330	-1161
3480	1330	3948	-1162
3481	3948	3949	-1162
3482	3949	1331	-1162
3483	1331	3950	-1163
3484	3950	3951	-1163
3485	3951	1328	-1163
3486	1332	3952	-1164
3487	3952	3953	-1164
3488	3953	1333	-1164
3489	1333	3954	-1165
3490	3954	3955	-1165
3491	3955	1334	-1165
3492	1334	3956	-1166
3493	3956	3957	-1166
3494	3957	1335	-1166
3495	1335	3958	-1167
3496	3958	3959	-1167
3497	3959	1332	-1167
3498	1336	3960	-1168
3499	3960	3961	-1168
3500	3961	1337	-1168
3501	1337	3962	-1169
3502	3962	3963	-1169
3503	3963	1338	-1169
3504	1338	3964	-1170
3505	3964	3965	-1170
3506	3965	1339	-1170
3507	1339	3966	-1171
3508	3966	3967	-1171
3509	3967	1336	-1171
3510	1340	3968	-1172
3511	3968	3969	-1172
3512	3969	1341	-1172
3513	1341	3970	-1173
3514	3970	3971	-1173
3515	3971	1342	-1173
3516	1342	3972	-1174
3517	3972	3973	-1174
3518	3973	1343	-1174
3519	1343	3974	-1175
3520	3974	3975	-1175
3521	3975	1340	-1175
3522	1344	3976	-1176
3523	3976	3977	-1176
3524	3977	1345	-1176
3525	1345	3978	-1177
3526	3978	3979	-1177
3527	3979	1346	-1177
3528	1346	3980	-1178
3529	3980	3981	-1178
3530	3981	1347	-1178
3531	1347	3982	-1179
3532	3982	3983	-1179
3533	3983	1344	-1179
3534	1348	3984	-1180
3535	3984	3985	-1180
3536	3985	1349	-1180
3537	1349	3986	-1181
3538	3986	3987	-1181
3539	3987	1350	-1181
3540	1350	3988	-1182
3541	3988	3989	-1182
3542	3989	1351	-1182
3543	1351	3990	-1183
3544	3990	3991	-1183
3545	3991	1348	-1183
3546	1352	3992	-1184
3547	3992	3993	-1184
3548	3993	1353	-1184
3549	1353	3994	-1185
3550	3994	3995	-1185
3551	3995	1354	-1185
3552	1354	3996	-1186
3553	3996	3997	-1186
3554	3997	1355	-1186
3555	1355	3998	-1187
3556	3998	3999	-1187
3557	3999	1352	-1187
3558	1356	4000	-1188
3559	4000	4001	-1188
3560	4001	1357	-1188
3561	1357	4002	-1189
3562	4002	4003	-1189
3563	4003	1358	-1189
3564	1358	4004	-1190
3565	4004	4005	-1190
3566	4005	1359	-1190
3567	1359	4006	-1191
3568	4006	4007	-1191
3569	4007	1356	-1191
3570	1360	4008	-1192
3571	4008	4009	-1192
3572	4009	1361	-1192
3573	1361	4010	-1193
3574	4010	4011	-1193
3575	4011	1362	-1193
3576	1362	4012	-1194
3577	4012	4013	-1194
3578	4013	1363	-1194
3579	1363	4014	-1195
3580	4014	4015	-1195
3581	4015	1360	-1195
3582	1364	4016	-1196
3583	4016	4017	-1196
3584	4017	1365	-1196
3585	1365	4018	-1197
3586	4018	4019	-1197
3587	4019	1366	-1197
3588	1366	4020	-1198
3589	4020	4021	-1198
3590	4021	1367	-1198
3591	1367	4022	-1199
3592	4022	4023	-1199
3593	4023	1364	-1199
3594	1368	4024	-1200
3595	4024	4025	-1200
3596	4025	1369	-1200
3597	1369	4026	-1201
3598	4026	4027	-1201
3599	4027	1370	-1201
3600	1370	4028	-1202
3601	4028	4029	-1202
3602	4029	1371	-1202
3603	1371	4030	-1203
3604	4030	4031	-1203
3605	4031	1368	-1203
3606	1372	4032	-1204
3607	4032	4033	-1204
3608	4033	1373	-1204
3609	1373	4034	-1205
3610	4034	4035	-1205
3611	4035	1374	-1205
3612	1374	4036	-1206
3613	4036	4037	-1206
3614	4037	1375	-1206
3615	1375	4038	-1207
3616	4038	4039	-1207
3617	4039	1372	-1207
3618	1376	4040	-1208
3619	4040	4041	-1208
3620	4041	1377	-1208
3621	1377	4042	-1209
3622	4042	4043	-1209
3623	4043	1378	-1209
3624	1378	4044	-1210
3625	4044	4045	-1210
3626	4045	1379	-1210
3627	1379	4046	-1211
3628	4046	4047	-1211
3629	4047	1376	-1211
3630	1380	4048	-1212
3631	4048	4049	-1212
3632	4049	1381	-1212
3633	1381	4050	-1213
3634	4050	4051	-1213
3635	4051	1382	-1213
3636	1382	4052	-1214
3637	4052	4053	-1214
3638	4053	1383	-1214
3639	1383	4054	-1215
3640	4054	4055	-1215
3641	4055	1380	-1215
3642	1384	4056	-1216
3643	4056	4057	-1216
3644	4057	1385	-1216
3645	1385	4058	-1217
3646	4058	4059	-1217
3647	4059	1386	-1217
3648	1386	4060	-1218
3649	4060	4061	-1218
3650	4061	1387	-1218
3651	1387	4062	-1219
3652	4062	4063	-1219
3653	4063	1384	-1219
3654	1388	4064	-1220
3655	4064	4065	-1220
3656	4065	1389	-1220
3657	1389	4066	-1221
3658	4066	4067	-1221
3659	4067	1390	-1221
3660	1390	4068	-1222
3661	4068	4069	-1222
3662	4069	1391	-1222
3663	1391	4070	-1223
3664	4070	4071	-1223
3665	4071	1388	-1223
3666	1392	4072	-1224
3667	4072	4073	-1224
3668	4073	1393	-1224
3669	1393	4074	-1225
3670	4074	4075	-1225
3671	4075	1394	-1225
3672	1394	4076	-1226
3673	4076	4077	-1226
3674	4077	1395	-1226
3675	1395	4078	-1227
3676	4078	4079	-1227
3677	4079	1392	-1227
3678	1396	4080	-1228
3679	4080	4081	-1228
3680	4081	1397	-1228
3681	1397	4082	-1229
3682	4082	4083	-1229
3683	4083	1398	-1229
3684	1398	4084	-1230
3685	4084	4085	-1230
3686	4085	1399	-1230
3687	1399	4086	-1231
3688	4086	4087	-1231
3689	4087	1396	-1231
3690	1400	4088	-1232
3691	4088	4089	-1232
3692	4089	1401	-1232
3693	1401	4090	-1233
3694	4090	4091	-1233
3695	4091	1402	-1233
3696	1402	4092	-1234
3697	4092	4093	-1234
3698	4093	1403	-1234
3699	1403	4094	-1235
3700	4094	4095	-1235
3701	4095	1400	-1235
3702	1404	4096	-1236
3703	4096	4097	-1236
3704	4097	1405	-1236
3705	1405	4098	-1237
3706	4098	4099	-1237
3707	4099	1406	-1237
3708	1406	4100	-1238
3709	4100	4101	-1238
3710	4101	1407	-1238
3711	1407	4102	-1239
3712	4102	4103	-1239
3713	4103	1404	-1239
3714	1408	4104	-1240
3715	4104	4105	-1240
3716	4105	1409	-1240
3717	1409	4106	-1241
3718	4106	4107	-1241
3719	4107	1410	-1241
3720	1410	4108	-1242
3721	4108	4109	-1242
3722	4109	1411	-1242
3723	1411	4110	-1243
3724	4110	4111	-1243
3725	4111	1408	-1243
3726	1412	4112	-1244
3727	4112	4113	-1244
3728	4113	1413	-1244
3729	1413	4114	-1245
3730	4114	4115	-1245
3731	4115	1414	-1245
3732	1414	4116	-1246
3733	4116	4117	-1246
3734	4117	1415	-1246
3735	1415	4118	-1247
3736	4118	4119	-1247
3737	4119	1412	-1247
3738	1416	4120	-1248
3739	4120	4121	-1248
3740	4121	1417	-1248
3741	1417	4122	-1249
3742	4122	4123	-1249
3743	4123	1418	-1249
3744	1418	4124	-1250
3745	4124	4125	-1250
3746	4125	1419	-1250
3747	1419	4126	-1251
3748	4126	4127	-1251
3749	4127	1416	-1251
3750	1420	4128	-1252
3751	4128	4129	-1252
3752	4129	1421	-1252
3753	1421	4130	-1253
3754	4130	4131	-1253
3755	4131	1422	-1253
3756	1422	4132	-1254
3757	4132	4133	-1254
3758	4133	1423	-1254
3759	1423	4134	-1255
3760	4134	4135	-1255
3761	4135	1420	-1255
3762	1424	4136	-1256
3763	4136	4137	-1256
3764	4137	1425	-1256
3765	1425	4138	-1257
3766	4138	4139	-1257
3767	4139	1426	-1257
3768	1426	4140	-1258
3769	4140	4141	-1258
3770	4141	1427	-1258
3771	1427	4142	-1259
3772	4142	4143	-1259
3773	4143	1424	-1259
3774	1428	4144	-1260
3775	4144	4145	-1260
3776	4145	1429	-1260
3777	1429	4146	-1261
3778	4146	4147	-1261
3779	4147	1430	-1261
3780	1430	4148	-1262
3781	4148	4149	-1262
3782	4149	1431	-1262
3783	1431	4150	-1263
3784	4150	4151	-1263
3785	4151	1428	-1263
3786	1432	4152	-1264
3787	4152	4153	-1264
3788	4153	1433	-1264
3789	1433	4154	-1265
3790	4154	4155	-1265
3791	4155	1434	-1265
3792	1434	4156	-1266
3793	4156	4157	-1266
3794	4157	1435	-1266
3795	1435	4158	-1267
3796	4158	4159	-1267
3797	4159	1432	-1267
3798	1436	4160	-1268
3799	4160	4161	-1268
3800	4161	1437	-1268
3801	1437	4162	-1269
3802	4162	4163	-1269
3803	4163	1438	-1269
3804	1438	4164	-1270
3805	4164	4165	-1270
3806	4165	1439	-1270
3807	1439	4166	-1271
3808	4166	4167	-1271
3809	4167	1436	-1271
3810	1440	4168	-1272
3811	4168	4169	-1272
3812	4169	1441	-1272
3813	1441	4170	-1273
3814	4170	4171	-1273
3815	4171	1442	-1273
3816	1442	4172	-1274
3817	4172	4173	-1274
3818	4173	1443	-1274
3819	1443	4174	-1275
3820	4174	4175	-1275
3821	4175	1440	-1275
3822	1444	4176	-1276
3823	4176	4177	-1276
3824	4177	1445	-1276
3825	1445	4178	-1277
3826	4178	4179	-1277
3827	4179	1446	-1277
3828	1446	4180	-1278
3829	4180	4181	-1278
3830	4181	1447	-1278
3831	1447	4182	-1279
3832	4182	4183	-1279
3833	4183	1444	-1279
3834	1448	4184	-1280
3835	4184	4185	-1280
3836	4185	1449	-1280
3837	1449	4186	-1281
3838	4186	4187	-1281
3839	4187	1450	-1281
3840	1450	4188	-1282
3841	4188	4189	-1282
3842	4189	1451	-1282
3843	1451	4190	-1283
3844	4190	4191	-1283
3845	4191	1448	-1283
3846	1452	4192	-1284
3847	4192	4193	-1284
3848	4193	1453	-1284
3849	1453	4194	-1285
3850	4194	4195	-1285
3851	4195	1454	-1285
3852	1454	4196	-1286
3853	4196	4197	-1286
3854	4197	1455	-1286
3855	1455	4198	-1287
3856	4198	4199	-1287
3857	4199	1452	-1287
3858	1456	4200	-1288
3859	4200	4201	-1288
3860	4201	1457	-1288
3861	1457	4202	-1289
3862	4202	4203	-1289
3863	4203	1458	-1289
3864	1458	4204	-1290
3865	4204	4205	-1290
3866	4205	1459	-1290
3867	1459	4206	-1291
3868	4206	4207	-1291
3869	4207	1456	-1291
3870	1460	4208	-1292
3871	4208	4209	-1292
3872	4209	1461	-1292
3873	1461	4210	-1293
3874	4210	4211	-1293
3875	4211	1462	-1293
3876	1462	4212	-1294
3877	4212	4213	-1294
3878	4213	1463	-1294
3879	1463	4214	-1295
3880	4214	4215	-1295
3881	4215	1460	-1295
3882	1464	4216	-1296
3883	4216	4217	-1296
3884	4217	1465	-1296
3885	1465	4218	-1297
3886	4218	4219	-1297
3887	4219	1466	-1297
3888	1466	4220	-1298
3889	4220	4221	-1298
3890	4221	1467	-1298
3891	1467	4222	-1299
3892	4222	4223	-1299
3893	4223	1464	-1299
3894	1468	4224	-1300
3895	4224	4225	-1300
3896	4225	1469	-1300
3897	1469	4226	-1301
3898	4226	4227	-1301
3899	4227	1470	-1301
3900	1470	4228	-1302
3901	4228	4229	-1302
3902	4229	1471	-1302
3903	1471	4230	-1303
3904	4230	4231	-1303
3905	4231	1468	-1303
3906	1472	4232	-1304
3907	4232	4233	-1304
3908	4233	1473	-1304
3909	1473	4234	-1305
3910	4234	4235	-1305
3911	4235	1474	-1305
3912	1474	4236	-1306
3913	4236	4237	-1306
3914	4237	1475	-1306
3915	1475	4238	-1307
3916	4238	4239	-1307
3917	4239	1472	-1307
3918	1476	4240	-1308
3919	4240	4241	-1308
3920	4241	1477	-1308
3921	1477	4242	-1309
3922	4242	4243	-1309
3923	4243	1478	-1309
3924	1478	4244	-1310
3925	4244	4245	-1310
3926	4245	1479	-1310
3927	1479	4246	-1311
3928	4246	4247	-1311
3929	4247	1476	-1311
3930	1480	4248	-1312
3931	4248	4249	-1312
3932	4249	1481	-1312
3933	1481	4250	-1313
3934	4250	4251	-1313
3935	4251	1482	-1313
3936	1482	4252	-1314
3937	4252	4253	-1314
3938	4253	1483	-1314
3939	1483	4254	-1315
3940	4254	4255	-1315
3941	4255	1480	-1315
3942	1484	4256	-1316
3943	4256	4257	-1316
3944	4257	1485	-1316
3945	1485	4258	-1317
3946	4258	4259	-1317
3947	4259	1486	-1317
3948	1486	4260	-1318
3949	4260	4261	-1318
3950	4261	1487	-1318
3951	1487	4262	-1319
3952	4262	4263	-1319
3953	4263	1484	-1319
3954	1488	4264	-1320
3955	4264	4265	-1320
3956	4265	1489	-1320
3957	1489	4266	-1321
3958	4266	4267	-1321
3959	4267	1490	-1321
3960	1490	4268	-1322
3961	4268	4269	-1322
3962	4269	1491	-1322
3963	1491	4270	-1323
3964	4270	4271	-1323
3965	4271	1488	-1323
3966	1492	4272	-1324
3967	4272	4273	-1324
3968	4273	1493	-1324
3969	1493	4274	-1325
3970	4274	4275	-1325
3971	4275	1494	-1325
3972	1494	4276	-1326
3973	4276	4277	-1326
3974	4277	1495	-1326
3975	1495	4278	-1327
3976	4278	4279	-1327
3977	4279	1492	-1327
3978	1496	4280	-1328
3979	4280	4281	-1328
3980	4281	1497	-1328
3981	1497	4282	-1329
3982	4282	4283	-1329
3983	4283	1498	-1329
3984	1498	4284	-1330
3985	4284	4285	-1330
3986	4285	1499	-1330
3987	1499	4286	-1331
3988	4286	4287	-1331
3989	4287	1496	-1331
3990	1500	4288	-1332
3991	4288	4289	-1332
3992	4289	1501	-1332
3993	1501	4290	-1333
3994	4290	4291	-1333
3995	4291	1502	-1333
3996	1502	4292	-1334
3997	4292	4293	-1334
3998	4293	1503	-1334
3999	1503	4294	-1335
4000	4294	4295	-1335
4001	4295	1500	-1335
4002	1504	4296	-1336
4003	4296	4297	-1336
4004	4297	1505	-1336
4005	1505	4298	-1337
4006	4298	4299	-1337
4007	4299	1506	-1337
4008	1506	4300	-1338
4009	4300	4301	-1338
4010	4301	1507	-1338
4011	1507	4302	-1339
4012	4302	4303	-1339
4013	4303	1504	-1339
4014	1508	4304	-1340
4015	4304	4305	-1340
4016	4305	1509	-1340
4017	1509	4306	-1341
4018	4306	4307	-1341
4019	4307	1510	-1341
4020	1510	4308	-1342
4021	4308	4309	-1342
4022	4309	1511	-1342
4023	1511	4310	-1343
4024	4310	4311	-1343
4025	4311	1508	-1343
4026	1512	4312	-1344
4027	4312	4313	-1344
4028	4313	1513	-1344
4029	1513	4314	-1345
4030	4314	4315	-1345
4031	4315	1514	-1345
4032	1514	4316	-1346
4033	4316	4317	-1346
4034	4317	1515	-1346
4035	1515	4318	-1347
4036	4318	4319	-1347
4037	4319	1512	-1347
4038	1516	4320	-1348
4039	4320	4321	-1348
4040	4321	1517	-1348
4041	1517	4322	-1349
4042	4322	4323	-1349
4043	4323	1518	-1349
4044	1518	4324	-1350
4045	4324	4325	-1350
4046	4325	1519	-1350
4047	1519	4326	-1351
4048	4326	4327	-1351
4049	4327	1516	-1351
4050	1520	4328	-1352
4051	4328	4329	-1352
4052	4329	1521	-1352
4053	1521	4330	-1353
4054	4330	4331	-1353
4055	4331	1522	-1353
4056	1522	4332	-1354
4057	4332	4333	-1354
4058	4333	1523	-1354
4059	1523	4334	-1355
4060	4334	4335	-1355
4061	4335	1520	-1355
4062	1524	4336	-1356
4063	4336	4337	-1356
4064	4337	1525	-1356
4065	1525	4338	-1357
4066	4338	4339	-1357
4067	4339	1526	-1357
4068	1526	4340	-1358
4069	4340	4341	-1358
4070	4341	1527	-1358
4071	1527	4342	-1359
4072	4342	4343	-1359
4073	4343	1524	-1359
4074	1528	4344	-1360
4075	4344	4345	-1360
4076	4345	1529	-1360
4077	1529	4346	-1361
4078	4346	4347	-1361
4079	4347	1530	-1361
4080	1530	4348	-1362
4081	4348	4349	-1362
4082	4349	1531	-1362
4083	1531	4350	-1363
4084	4350	4351	-1363
4085	4351	1528	-1363
4086	1532	4352	-1364
4087	4352	4353	-1364
4088	4353	1533	-1364
4089	1533	4354	-1365
4090	4354	4355	-1365
4091	4355	1534	-1365
4092	1534	4356	-1366
4093	4356	4357	-1366
4094	4357	1535	-1366
4095	1535	4358	-1367
4096	4358	4359	-1367
4097	4359	1532	-1367
4098	1536	4360	-1368
4099	4360	4361	-1368
4100	4361	1537	-1368
4101	1537	4362	-1369
4102	4362	4363	-1369
4103	4363	1538	-1369
4104	1538	4364	-1370
4105	4364	4365	-1370
4106	4365	1539	-1370
4107	1539	4366	-1371
4108	4366	4367	-1371
4109	4367	1536	-1371
4110	1540	4368	-1372
4111	4368	4369	-1372
4112	4369	1541	-1372
4113	1541	4370	-1373
4114	4370	4371	-1373
4115	4371	1542	-1373
4116	1542	4372	-1374
4117	4372	4373	-1374
4118	4373	1543	-1374
4119	1543	4374	-1375
4120	4374	4375	-1375
4121	4375	1540	-1375
4122	1544	4376	-1376
4123	4376	4377	-1376
4124	4377	1545	-1376
4125	1545	4378	-1377
4126	4378	4379	-1377
4127	4379	1546	-1377
4128	1546	4380	-1378
4129	4380	4381	-1378
4130	4381	1547	-1378
4131	1547	4382	-1379
4132	4382	4383	-1379
4133	4383	1544	-1379
4134	1548	4384	-1380
4135	4384	4385	-1380
4136	4385	1549	-1380
4137	1549	4386	-1381
4138	4386	4387	-1381
4139	4387	1550	-1381
4140	1550	4388	-1382
4141	4388	4389	-1382
4142	4389	1551	-1382
4143	1551	4390	-1383
4144	4390	4391	-1383
4145	4391	1548	-1383
4146	1552	4392	-1384
4147	4392	4393	-1384
4148	4393	1553	-1384
4149	1553	4394	-1385
4150	4394	4395	-1385
4151	4395	1554	-1385
4152	1554	4396	-1386
4153	4396	4397	-1386
4154	4397	1555	-1386
4155	1555	4398	-1387
4156	4398	4399	-1387
4157	4399	1552	-1387
4158	1556	4400	-1388
4159	4400	4401	-1388
4160	4401	1557	-1388
4161	1557	4402	-1389
4162	4402	4403	-1389
4163	4403	1558	-1389
4164	1558	4404	-1390
4165	4404	4405	-1390
4166	4405	1559	-1390
4167	1559	4406	-1391
4168	4406	4407	-1391
4169	4407	1556	-1391
4170	1560	4408	-1392
4171	4408	4409	-1392
4172	4409	1561	-1392
4173	1561	4410	-1393
4174	4410	4411	-1393
4175	4411	1562	-1393
4176	1562	4412	-1394
4177	4412	4413	-1394
4178	4413	1563	-1394
4179	1563	4414	-1395
4180	4414	4415	-1395
4181	4415	1560	-1395
4182	1564	4416	-1396
4183	4416	4417	-1396
4184	4417	1565	-1396
4185	1565	4418	-1397
4186	4418	4419	-1397
4187	4419	1566	-1397
4188	1566	4420	-1398
4189	4420	4421	-1398
4190	4421	1567	-1398
4191	1567	4422	-1399
4192	4422	4423	-1399
4193	4423	1564	-1399
4194	1568	4424	-1400
4195	4424	4425	-1400
4196	4425	1569	-1400
4197	1569	4426	-1401
4198	4426	4427	-1401
4199	4427	1570	-1401
4200	1570	4428	-1402
4201	4428	4429	-1402
4202	4429	1571	-1402
4203	1571	4430	-1403
4204	4430	4431	-1403
4205	4431	1568	-1403
4206	1572	4432	-1404
4207	4432	4433	-1404
4208	4433	1573	-1404
4209	1573	4434	-1405
4210	4434	4435	-1405
4211	4435	1574	-1405
4212	1574	4436	-1406
4213	4436	4437	-1406
4214	4437	1575	-1406
4215	1575	4438	-1407
4216	4438	4439	-1407
4217	4439	1572	-1407
4218	1576	4440	-1408
4219	4440	4441	-1408
4220	4441	1577	-1408
4221	1577	4442	-1409
4222	4442	4443	-1409
4223	4443	1578	-1409
4224	1578	4444	-1410
4225	4444	4445	-1410
4226	4445	1579	-1410
4227	1579	4446	-1411
4228	4446	4447	-1411
4229	4447	1576	-1411
4230	1580	4448	-1412
4231	4448	4449	-1412
4232	4449	1581	-1412
4233	1581	4450	-1413
4234	4450	4451	-1413
4235	4451	1582	-1413
4236	1582	4452	-1414
4237	4452	4453	-1414
4238	4453	1583	-1414
4239	1583	4454	-1415
4240	4454	4455	-1415
4241	4455	1580	-1415
4242	1584	4456	-1416
4243	4456	4457	-1416
4244	4457	1585	-1416
4245	1585	4458	-1417
4246	4458	4459	-1417
4247	4459	1586	-1417
4248	1586	4460	-1418
4249	4460	4461	-1418
4250	4461	1587	-1418
4251	1587	4462	-1419
4252	4462	4463	-1419
4253	4463	1584	-1419
4254	1588	4464	-1420
4255	4464	4465	-1420
4256	4465	1589	-1420
4257	1589	4466	-1421
4258	4466	4467	-1421
4259	4467	1590	-1421
4260	1590	4468	-1422
4261	4468	4469	-1422
4262	4469	1591	-1422
4263	1591	4470	-1423
4264	4470	4471	-1423
4265	4471	1588	-1423
4266	1592	4472	-1424
4267	4472	4473	-1424
4268	4473	1593	-1424
4269	1593	4474	-1425
4270	4474	4475	-1425
4271	4475	1594	-1425
4272	1594	4476	-1426
4273	4476	4477	-1426
4274	4477	1595	-1426
4275	1595	4478	-1427
4276	4478	4479	-1427
4277	4479	1592	-1427
4278	1596	4480	-1428
4279	4480	4481	-1428
4280	4481	1597	-1428
4281	1597	4482	-1429
4282	4482	4483	-1429
4283	4483	1598	-1429
4284	1598	4484	-1430
4285	4484	4485	-1430
4286	4485	1599	-1430
4287	1599	4486	-1431
4288	4486	4487	-1431
4289	4487	1596	-1431
4290	1600	4488	-1432
4291	4488	4489	-1432
4292	4489	1601	-1432
4293	1601	4490	-1433
4294	4490	4491	-1433
4295	4491	1602	-1433
4296	1602	4492	-1434
4297	4492	4493	-1434
4298	4493	1603	-1434
4299	1603	4494	-1435
4300	4494	4495	-1435
4301	4495	1600	-1435
4302	1604	4496	-1436
4303	4496	4497	-1436
4304	4497	1605	-1436
4305	1605	4498	-1437
4306	4498	4499	-1437
4307	4499	1606	-1437
4308	1606	4500	-1438
4309	4500	4501	-1438
4310	4501	1607	-1438
4311	1607	4502	-1439
4312	4502	4503	-1439
4313	4503	1604	-1439
4314	1608	4504	-1440
4315	4504	4505	-1440
4316	4505	1609	-1440
4317	1609	4506	-1441
4318	4506	4507	-1441
4319	4507	1610	-1441
4320	1610	4508	-1442
4321	4508	4509	-1442
4322	4509	1611	-1442
4323	1611	4510	-1443
4324	4510	4511	-1443
4325	4511	1608	-1443
4326	1612	4512	-1444
4327	4512	4513	-1444
4328	4513	1613	-1444
4329	1613	4514	-1445
4330	4514	4515	-1445
4331	4515	1614	-1445
4332	1614	4516	-1446
4333	4516	4517	-1446
4334	4517	1615	-1446
4335	1615	4518	-1447
4336	4518	4519	-1447
4337	4519	1612	-1447
4338	1616	4520	-1448
4339	4520	4521	-1448
4340	4521	1617	-1448
4341	1617	4522	-1449
4342	4522	4523	-1449
4343	4523	1618	-1449
4344	1618	4524	-1450
4345	4524	4525	-1450
4346	4525	1619	-1450
4347	1619	4526	-1451
4348	4526	4527	-1451
4349	4527	1616	-1451
4350	1620	4528	-1452
4351	4528	4529	-1452
4352	4529	1621	-1452
4353	1621	4530	-1453
4354	4530	4531	-1453
4355	4531	1622	-1453
4356	1622	4532	-1454
4357	4532	4533	-1454
4358	4533	1623	-1454
4359	1623	4534	-1455
4360	4534	4535	-1455
4361	4535	1620	-1455
4362	1624	4536	-1456
4363	4536	4537	-1456
4364	4537	1625	-1456
4365	1625	4538	-1457
4366	4538	4539	-1457
4367	4539	1626	-1457
4368	1626	4540	-1458
4369	4540	4541	-1458
4370	4541	1627	-1458
4371	1627	4542	-1459
4372	4542	4543	-1459
4373	4543	1624	-1459
4374	0	4544	-1460
4375	4544	4545	-1460
4376	4545	4546	-1460
4377	4546	4547	-1460
4378	4547	4548	-1460
4379	4548	4549	-1460
4380	4549	4550	-1460
4381	4550	4551	-1460
4382	4551	4552	-1460
4383	4552	4553	-1460
4384	4553	4554	-1460
4385	4554	4555	-1460
4386	4555	4556	-1460
4387	4556	4557	-1460
4388	4557	4558	-1460
4389	4558	4559	-1460
4390	4559	4560	-1460
4391	4560	1	-1460
4392	2	4561	-1461
4393	4561	4562	-1461
4394	4562	4563	-1461
4395	4563	4564	-1461
4396	4564	4565	-1461
4397	4565	4566	-1461
4398	4566	4567	-1461
4399	4567	4568	-1461
4400	4568	4569	-1461
4401	4569	4570	-1461
4402	4570	4571	-1461
4403	4571	4572	-1461
4404	4572	4573	-1461
4405	4573	4574	-1461
4406	4574	4575	-1461
4407	4575	4576	-1461
4408	4576	4577	-1461
4409	4577	3	-1461
4410	4	4578	-1462
4411	4578	147	-1462
4412	6	4579	-1463
4413	4579	4580	-1463
4414	4580	4581	-1463
4415	4581	4582	-1463
4416	4582	4583	-1463
4417	4583	4584	-1463
4418	4584	4585	-1463
4419	4585	4586	-1463
4420	4586	4587	-1463
4421	4587	4588	-1463
4422	4588	4589	-1463
4423	4589	4590	-1463
4424	4590	4591	-1463
4425	4591	4592	-1463
4426	4592	4593	-1463
4427	4593	4594	-1463
4428	4594	4595	-1463
4429	4595	7	-1463
4430	8	4596	-1464
4431	4596	4597	-1464
4432	4597	4598	-1464
4433	4598	4599	-1464
4434	4599	4600	-1464
4435	4600	4601	-1464
4436	4601	4602	-1464
4437	4602	4603	-1464
4438	4603	4604	-1464
4439	4604	4605	-1464
4440	4605	4606	-1464
4441	4606	4607	-1464
4442	4607	4608	-1464
4443	4608	4609	-1464
4444	4609	4610	-1464
4445	4610	4611	-1464
4446	4611	4612	-1464
4447	4612	4613	-1464
4448	4613	4614	-1464
4449	4614	4615	-1464
4450	4615	4616	-1464
4451	4616	4617	-1464
4452	4617	4618	-1464
4453	4618	4619	-1464
4454	4619	4620	-1464
4455	4620	4621	-1464
4456	4621	4622	-1464
4457	4622	4623	-1464
4458	4623	4624	-1464
4459	4624	4625	-1464
4460	4625	4626	-1464
4461	4626	4627	-1464
4462	4627	4628	-1464
4463	4628	4629	-1464
4464	4629	4630	-1464
4465	4630	4631	-1464
4466	4631	4632	-1464
4467	4632	4633	-1464
4468	4633	4634	-1464
4469	4634	4635	-1464
4470	4635	4636	-1464
4471	4636	4637	-1464
4472	4637	4638	-1464
4473	4638	4639	-1464
4474	4639	4640	-1464
4475	4640	4641	-1464
4476	4641	4642	-1464
4477	4642	4643	-1464
4478	4643	4644	-1464
4479	4644	4645	-1464
4480	4645	4646	-1464
4481	4646	4647	-1464
4482	4647	4648	-1464
4483	4648	4649	-1464
4484	4649	4650	-1464
4485	4650	4651	-1464
4486	4651	4652	-1464
4487	4652	4653	-1464
4488	4653	4654	-1464
4489	4654	4655	-1464
4490	4655	4656	-1464
4491	4656	4657	-1464
4492	4657	4658	-1464
4493	4658	4659	-1464
4494	4659	4660	-1464
4495	4660	4661	-1464
4496	4661	4662	-1464
4497	4662	4663	-1464
4498	4663	4664	-1464
4499	4664	4665	-1464
4500	4665	4666	-1464
4501	4666	4667	-1464
4502	4667	4668	-1464
4503	4668	4669	-1464
4504	4669	4670	-1464
4505	4670	4671	-1464
4506	4671	4672	-1464
4507	4672	4673	-1464
4508	4673	4674	-1464
4509	4674	4675	-1464
4510	4675	4676	-1464
4511	4676	4677	-1464
4512	4677	4678	-1464
4513	4678	4679	-1464
4514	4679	4680	-1464
4515	4680	4681	-1464
4516	4681	4682	-1464
4517	4682	4683	-1464
4518	4683	4684	-1464
4519	4684	9	-1464
4520	10	4685	-1465
4521	4685	4686	-1465
4522	4686	4687	-1465
4523	4687	4688	-1465
4524	4688	4689	-1465
4525	4689	4690	-1465
4526	4690	4691	-1465
4527	4691	4692	-1465
4528	4692	4693	-1465
4529	4693	4694	-1465
4530	4694	4695	-1465
4531	4695	4696	-1465
4532	4696	4697	-1465
4533	4697	4698	-1465
4534	4698	4699	-1465
4535	4699	4700	-1465
4536	4700	4701	-1465
4537	4701	4702	-1465
4538	4702	4703	-1465
4539	4703	4704	-1465
4540	4704	4705	-1465
4541	4705	4706	-1465
4542	4706	4707	-1465
4543	4707	4708	-1465
4544	4708	4709	-1465
4545	4709	4710	-1465
4546	4710	4711	-1465
4547	4711	4712	-1465
4548	4712	4713	-1465
4549	4713	4714	-1465
4550	4714	4715	-1465
4551	4715	4716	-1465
4552	4716	4717	-1465
4553	4717	4718	-1465
4554	4718	4719	-1465
4555	4719	4720	-1465
4556	4720	4721	-1465
4557	4721	4722	-1465
4558	4722	4723	-1465
4559	4723	4724	-1465
4560	4724	4725	-1465
4561	4725	4726	-1465
4562	4726	4727	-1465
4563	4727	4728	-1465
4564	4728	4729	-1465
4565	4729	4730	-1465
4566	4730	4731	-1465
4567	4731	4732	-1465
4568	4732	4733	-1465
4569	4733	4734	-1465
4570	4734	4735	-1465
4571	4735	4736	-1465
4572	4736	4737	-1465
4573	4737	4738	-1465
4574	4738	4739	-1465
4575	4739	4740	-1465
4576	4740	4741	-1465
4577	4741	4742	-1465
4578	4742	4743	-1465
4579	4743	4744	-1465
4580	4744	4745	-1465
4581	4745	4746	-1465
4582	4746	4747	-1465
4583	4747	4748	-1465
4584	4748	4749	-1465
4585	4749	4750	-1465
4586	4750	4751	-1465
4587	4751	4752	-1465
4588	4752	4753	-1465
4589	4753	4754	-1465
4590	4754	4755	-1465
4591	4755	4756	-1465
4592	4756	4757	-1465
4593	4757	4758	-1465
4594	4758	4759	-1465
4595	4759	4760	-1465
4596	4760	4761	-1465
4597	4761	4762	-1465
4598	4762	4763	-1465
4599	4763	4764	-1465
4600	4764	4765	-1465
4601	4765	4766	-1465
4602	4766	4767	-1465
4603	4767	4768	-1465
4604	4768	4769	-1465
4605	4769	4770	-1465
4606	4770	4771	-1465
4607	4771	4772	-1465
4608	4772	4773	-1465
4609	4773	11	-1465
4610	12	4774	-1466
4611	4774	4775	-1466
4612	4775	4776	-1466
4613	4776	4777	-1466
4614	4777	4778	-1466
4615	4778	4779	-1466
4616	4779	4780	-1466
4617	4780	4781	-1466
4618	4781	4782	-1466
4619	4782	4783	-1466
4620	4783	4784	-1466
4621	4784	4785	-1466
4622	4785	4786	-1466
4623	4786	4787	-1466
4624	4787	4788	-1466
4625	4788	4789	-1466
4626	4789	4790	-1466
4627	4790	13	-1466
4628	139	150	-1467
4629	145	151	-1468
4630	147	4791	-1469
4631	4791	152	-1469
4632	149	153	-1470
4633	150	155	-1471
4634	151	156	-1472
4635	152	4792	-1473
4636	4792	157	-1473
4637	153	158	-1474
4638	154	159	-1475
4639	156	160	-1476
4640	157	4793	-1477
4641	4793	161	-1477
4642	158	162	-1478
4643	159	163	-1479
4644	160	164	-1480
4645	161	4794	-1481
4646	4794	165	-1481
4647	162	166	-1482
4648	163	171	-1483
4649	164	172	-1484
4650	165	4795	-1485
4651	4795	173	-1485
4652	169	174	-1486
4653	170	182	-1487
4654	172	183	-1488
4655	173	4796	-1489
4656	4796	184	-1489
4657	183	185	-1490
4658	184	4797	-1491
4659	4797	186	-1491
4660	185	187	-1492
4661	186	4798	-1493
4662	4798	188	-1493
4663	187	189	-1494
4664	188	4799	-1495
4665	4799	190	-1495
4666	189	208	-1496
4667	190	4800	-1497
4668	4800	209	-1497
4669	208	210	-1498
4670	209	4801	-1499
4671	4801	211	-1499
4672	210	212	-1500
4673	211	4802	-1501
4674	4802	213	-1501
4675	212	214	-1502
4676	213	4803	-1503
4677	4803	215	-1503
4678	214	225	-1504
4679	215	4804	-1505
4680	4804	226	-1505
4681	216	230	-1506
4682	224	231	-1507
4683	225	233	-1508
4684	226	4805	-1509
4685	4805	234	-1509
4686	227	235	-1510
4687	232	236	-1511
4688	233	237	-1512
4689	234	4806	-1513
4690	4806	238	-1513
4691	235	239	-1514
4692	236	240	-1515
4693	237	241	-1516
4694	238	4807	-1517
4695	4807	242	-1517
4696	239	243	-1518
4697	240	244	-1519
4698	241	246	-1520
4699	242	4808	-1521
4700	4808	247	-1521
4701	243	249	-1522
4702	245	250	-1523
4703	246	251	-1524
4704	247	4809	-1525
4705	4809	252	-1525
4706	250	267	-1526
4707	251	270	-1527
4708	252	4810	-1528
4709	4810	271	-1528
4710	267	274	-1529
4711	270	275	-1530
4712	271	4811	-1531
4713	4811	276	-1531
4714	273	277	-1532
4715	274	279	-1533
4716	275	280	-1534
4717	276	4812	-1535
4718	4812	281	-1535
4719	277	282	-1536
4720	278	283	-1537
4721	280	284	-1538
4722	281	4813	-1539
4723	4813	285	-1539
4724	282	286	-1540
4725	283	287	-1541
4726	284	288	-1542
4727	285	4814	-1543
4728	4814	289	-1543
4729	286	290	-1544
4730	287	295	-1545
4731	288	296	-1546
4732	289	4815	-1547
4733	4815	297	-1547
4734	293	298	-1548
4735	294	306	-1549
4736	296	307	-1550
4737	297	4816	-1551
4738	4816	308	-1551
4739	307	309	-1552
4740	308	4817	-1553
4741	4817	310	-1553
4742	309	311	-1554
4743	310	4818	-1555
4744	4818	312	-1555
4745	311	313	-1556
4746	312	4819	-1557
4747	4819	314	-1557
4748	313	332	-1558
4749	314	4820	-1559
4750	4820	333	-1559
4751	332	334	-1560
4752	333	4821	-1561
4753	4821	335	-1561
4754	334	336	-1562
4755	335	4822	-1563
4756	4822	337	-1563
4757	336	338	-1564
4758	337	4823	-1565
4759	4823	339	-1565
4760	338	349	-1566
4761	339	4824	-1567
4762	4824	350	-1567
4763	340	354	-1568
4764	348	355	-1569
4765	349	357	-1570
4766	350	4825	-1571
4767	4825	358	-1571
4768	351	359	-1572
4769	356	360	-1573
4770	357	361	-1574
4771	358	4826	-1575
4772	4826	362	-1575
4773	359	363	-1576
4774	360	364	-1577
4775	361	365	-1578
4776	362	4827	-1579
4777	4827	366	-1579
4778	363	367	-1580
4779	364	368	-1581
4780	365	370	-1582
4781	366	4828	-1583
4782	4828	371	-1583
4783	367	373	-1584
4784	369	374	-1585
4785	370	375	-1586
4786	371	4829	-1587
4787	4829	376	-1587
4788	374	391	-1588
4789	375	394	-1589
4790	376	4830	-1590
4791	4830	395	-1590
4792	391	398	-1591
4793	394	399	-1592
4794	395	4831	-1593
4795	4831	400	-1593
4796	397	401	-1594
4797	398	403	-1595
4798	399	404	-1596
4799	400	4832	-1597
4800	4832	405	-1597
4801	401	406	-1598
4802	402	407	-1599
4803	404	408	-1600
4804	405	4833	-1601
4805	4833	409	-1601
4806	406	410	-1602
4807	407	411	-1603
4808	408	412	-1604
4809	409	4834	-1605
4810	4834	413	-1605
4811	410	414	-1606
4812	411	419	-1607
4813	412	420	-1608
4814	413	4835	-1609
4815	4835	421	-1609
4816	417	422	-1610
4817	418	430	-1611
4818	420	431	-1612
4819	421	4836	-1613
4820	4836	432	-1613
4821	431	433	-1614
4822	432	4837	-1615
4823	4837	434	-1615
4824	433	435	-1616
4825	434	4838	-1617
4826	4838	436	-1617
4827	435	437	-1618
4828	436	4839	-1619
4829	4839	438	-1619
4830	437	456	-1620
4831	438	4840	-1621
4832	4840	457	-1621
4833	456	458	-1622
4834	457	4841	-1623
4835	4841	459	-1623
4836	458	460	-1624
4837	459	4842	-1625
4838	4842	461	-1625
4839	460	462	-1626
4840	461	4843	-1627
4841	4843	463	-1627
4842	462	473	-1628
4843	463	4844	-1629
4844	4844	474	-1629
4845	464	478	-1630
4846	472	479	-1631
4847	473	481	-1632
4848	474	4845	-1633
4849	4845	482	-1633
4850	475	483	-1634
4851	480	484	-1635
4852	481	485	-1636
4853	482	4846	-1637
4854	4846	486	-1637
4855	483	487	-1638
4856	484	488	-1639
4857	485	489	-1640
4858	486	4847	-1641
4859	4847	490	-1641
4860	487	491	-1642
4861	488	492	-1643
4862	489	494	-1644
4863	490	4848	-1645
4864	4848	495	-1645
4865	491	497	-1646
4866	493	498	-1647
4867	494	499	-1648
4868	495	4849	-1649
4869	4849	5	-1649
4870	498	140	-1650
4871	499	146	-1651
1
0	22.026376233960956	22.026376233960953
306
0	45.254833995939045	45.254833995939038	1	1.0952000000000002
1	37.476659402887023	37.476659402887016	2	1.0952000000000002
2	22.191367816237818	22.191367816237815	3	1.0952000000000002
3	21.861384651684098	21.861384651684094	4	1.0952000000000002
4	16.47558800164656	16.475588001646557	5	1.0952000000000002
5	5.586143571373726	5.5861435713737251	6	1.0952000000000002
6	25.221911237558128	10.447257703566951	7	1.0952000000000002
7	28.273064670766576	1.2344286624390091	8	1.0952000000000002
8	20.864948631726513	19.119202875523186	9	1.0952000000000002
9	10.447257703566953	25.221911237558128	10	1.0952000000000002
10	19.11920287552319	20.864948631726509	11	1.0952000000000002
11	1.2344286624390091	28.273064670766576	12	1.0952000000000002
12	32.522213504344577	0.42573909595797793	13	1.0952000000000002
13	32.499924403729501	1.2769255075637063	14	1.0952000000000002
14	35.458752605486765	1.3931781842280597	15	1.0952000000000002
15	35.410132623258782	2.3209027108752158	16	1.0952000000000002
16	35.337244304906413	3.2470366067360157	17	1.0952000000000002
17	36.596763452316473	1.4378907521758879	18	1.0952000000000002
18	36.546583063613852	2.3953896080539896	19	1.0952000000000002
19	36.47135547242199	3.3512467835471118	20	1.0952000000000002
20	37.734774299146189	1.4826033201237159	21	1.0952000000000002
21	37.683033503968936	2.4698765052327638	22	1.0952000000000002
22	37.605466639937568	3.4554569603582097	23	1.0952000000000002
23	38.899444882427687	0.50922162771299695	24	1.0952000000000002
24	38.872785145975904	1.5273158880715441	25	1.0952000000000002
25	38.819483944324006	2.5443634024115376	26	1.0952000000000002
26	38.739577807453159	3.5596671371693067	27	1.0952000000000002
27	38.633121499038175	4.5725312538806016	28	1.0952000000000002
28	40.038236199942538	0.52412922266925044	29	1.0952000000000002
29	40.010795992805619	1.5720284560193725	30	1.0952000000000002
30	39.955934384679082	2.6188502995903127	31	1.0952000000000002
31	39.873688974968751	3.6638773139804042	32	1.0952000000000002
32	39.76411613057018	4.7063932898742493	33	1.0952000000000002
33	41.177027517457375	0.53903681762550371	34	1.0952000000000002
34	41.148806839635327	1.6167410239672004	35	1.0952000000000002
35	41.092384825034159	2.693337196769086	36	1.0952000000000002
36	41.007800142484335	3.7680874907915012	37	1.0952000000000002
37	40.895110762102178	4.840255325867898	38	1.0952000000000002
38	42.315818834972212	0.55394441258175708	39	1.0952000000000002
39	42.286817686465035	1.6614535919150284	40	1.0952000000000002
40	42.228835265389222	2.7678240939478598	41	1.0952000000000002
41	42.141911309999919	3.8722976676025977	42	1.0952000000000002
42	42.026105393634168	4.9741173618615466	43	1.0952000000000002
43	43.454610152487049	0.56885200753801046	44	1.0952000000000002
44	43.424828533294743	1.7061661598628566	45	1.0952000000000002
45	43.365285705744306	2.8423109911266335	46	1.0952000000000002
46	43.276022477515504	3.9765078444136948	47	1.0952000000000002
47	43.157100025166166	5.1079793978551935	48	1.0952000000000002
48	44.593401470001893	0.58375960249426384	49	1.0952000000000002
49	44.562839380124451	1.7508787278106845	50	1.0952000000000002
50	44.501736146099375	2.9167978883054073	51	1.0952000000000002
51	44.410133645031095	4.0807180212247927	52	1.0952000000000002
52	44.288094656698171	5.241841433848843	53	1.0952000000000002
53	45.73219278751673	0.59866719745051722	54	1.0952000000000002
54	45.700850226954167	1.7955912957585127	55	1.0952000000000002
55	45.638186586454466	2.991284785484182	56	1.0952000000000002
56	45.544244812546687	4.1849281980358901	57	1.0952000000000002
57	45.419089288230175	5.3757034698424926	58	1.0952000000000002
58	46.870984105031582	0.61357479240677071	59	1.0952000000000002
59	46.838861073783889	1.8403038637063411	60	1.0952000000000002
60	46.774637026809529	3.0657716826629562	61	1.0952000000000002
61	28.377932630042729	15.892405879688459	62	1.0952000000000002
62	28.784222908485429	15.144112273574244	63	1.0952000000000002
63	31.404769634973224	16.522848603203609	64	1.0952000000000002
64	31.826525758555814	15.695105604299284	65	1.0952000000000002
65	32.226469571153942	14.856605964001792	66	1.0952000000000002
66	32.412672222083906	17.053131806907206	67	1.0952000000000002
67	32.84796415863471	16.198823279270922	68	1.0952000000000002
68	33.260743741343603	15.333412887308304	69	1.0952000000000002
69	33.420574809194591	17.583415010610803	70	1.0952000000000002
70	33.869402558713603	16.702540954242565	71	1.0952000000000002
71	34.295017911533279	15.810219810614818	72	1.0952000000000002
72	33.942518275151457	19.008723575457928	73	1.0952000000000002
73	34.428477396305283	18.113698214314404	74	1.0952000000000002
74	34.890840958792495	17.206258629214204	75	1.0952000000000002
75	35.329292081722954	16.287026733921333	76	1.0952000000000002
76	35.743530272598115	15.356632524060174	77	1.0952000000000002
77	34.936194283206589	19.565208878273907	78	1.0952000000000002
78	35.436379983415975	18.643981418018004	79	1.0952000000000002
79	35.912279358871395	17.709976304185847	80	1.0952000000000002
80	36.363566251912637	16.763833657227853	81	1.0952000000000002
81	36.789931373045476	15.80620191605337	82	1.0952000000000002
82	35.929870291261722	20.121694181089882	83	1.0952000000000002
83	36.44428257052666	19.174264621721601	84	1.0952000000000002
84	36.933717758950287	18.213693979157483	85	1.0952000000000002
85	37.397840422102313	17.240640580534365	86	1.0952000000000002
86	37.836332473492824	16.255771308046562	87	1.0952000000000002
87	36.923546299316847	20.678179483905858	88	1.0952000000000002
88	37.452185157637338	19.704547825425202	89	1.0952000000000002
89	37.955156159029173	18.717411654129119	90	1.0952000000000002
90	38.432114592291981	17.71744750384088	91	1.0952000000000002
91	38.882733573940179	16.705340700039752	92	1.0952000000000002
92	37.917222307371972	21.234664786721833	93	1.0952000000000002
93	38.460087744748023	20.234831029128799	94	1.0952000000000002
94	38.976594559108072	19.221129329100762	95	1.0952000000000002
95	39.466388762481657	18.194254427147392	96	1.0952000000000002
96	39.929134674387534	17.154910092032946	97	1.0952000000000002
97	38.910898315427104	21.791150089537812	98	1.0952000000000002
98	39.467990331858708	20.765114232832396	99	1.0952000000000002
99	39.998032959186965	19.724847004072402	100	1.0952000000000002
100	40.500662932671339	18.671061350453911	101	1.0952000000000002
101	40.975535774834896	17.60447948402614	102	1.0952000000000002
102	39.904574323482237	22.347635392353787	103	1.0952000000000002
103	40.4758929189694	21.295397436535996	104	1.0952000000000002
104	41.019471359265872	20.228564679044048	105	1.0952000000000002
105	41.534937102861015	19.147868273760427	106	1.0952000000000002
106	42.021936875282258	18.054048876019333	107	1.0952000000000002
107	40.898250331537369	22.904120695169762	108	1.0952000000000002
108	41.483795506080085	21.825680640239597	109	1.0952000000000002
109	42.040909759344757	20.732282354015684	110	1.0952000000000002
110	27.952193534084749	16.62980762465612	111	1.0952000000000002
111	27.507297400921725	17.355812130155257	112	1.0952000000000002
112	30.011591450745168	18.935904002283159	113	1.0952000000000002
113	29.505623047680601	19.715027018959496	114	1.0952000000000002
114	28.979432964417921	20.480638340904616	115	1.0952000000000002
115	30.974781469908024	19.54363164540927	116	1.0952000000000002
116	30.452574550580721	20.34775978434293	117	1.0952000000000002
117	29.909496957796492	21.137942585113681	118	1.0952000000000002
118	31.937971489070879	20.151359288535382	119	1.0952000000000002
119	31.399526053480844	20.980492549726367	120	1.0952000000000002
120	30.839560951175066	21.795246829322753	121	1.0952000000000002
121	33.433296647438461	19.890721306969766	122	1.0952000000000002
122	32.901161508233741	20.759086931661496	123	1.0952000000000002
123	32.346477556380961	21.613225315109801	124	1.0952000000000002
124	31.769624944553648	22.452551073531826	125	1.0952000000000002
125	31.170999018717513	23.276488974978001	126	1.0952000000000002
126	34.412065060537337	20.473027321668631	127	1.0952000000000002
127	33.8643515273966	21.366814574787611	128	1.0952000000000002
128	33.293429059281088	22.245958080493239	129	1.0952000000000002
129	32.69968893793223	23.109855317740898	130	1.0952000000000002
130	32.083538083171227	23.957914214516808	131	1.0952000000000002
131	35.390833473636214	21.055333336367497	132	1.0952000000000002
132	34.827541546559459	21.974542217913722	133	1.0952000000000002
133	34.240380562181201	22.878690845876672	134	1.0952000000000002
134	33.629752931310804	23.76715956194997	135	1.0952000000000002
135	32.996077147624931	24.639339454055612	136	1.0952000000000002
136	36.36960188673509	21.637639351066358	137	1.0952000000000002
137	35.790731565722311	22.582269861039837	138	1.0952000000000002
138	35.187332065081314	23.511423611260103	139	1.0952000000000002
139	34.559816924689386	24.424463806159039	140	1.0952000000000002
140	33.908616212078634	25.320764693594416	141	1.0952000000000002
141	37.34837029983396	22.219945365765223	142	1.0952000000000002
142	36.75392158488517	23.189997504165948	143	1.0952000000000002
143	36.134283567981441	24.144156376643544	144	1.0952000000000002
144	35.489880918067961	25.081768050368108	145	1.0952000000000002
145	34.821155276532338	26.002189933133224	146	1.0952000000000002
146	38.327138712932843	22.802251380464089	147	1.0952000000000002
147	37.717111604048029	23.797725147292059	148	1.0952000000000002
148	37.081235070881561	24.776889142026977	149	1.0952000000000002
149	36.419944911446542	25.739072294577184	150	1.0952000000000002
150	35.733694340986055	26.683615172672031	151	1.0952000000000002
151	39.305907126031713	23.384557395162954	152	1.0952000000000002
152	38.680301623210887	24.405452790418174	153	1.0952000000000002
153	38.028186573781689	25.409621907410418	154	1.0952000000000002
154	37.350008904825124	26.396376538786257	155	1.0952000000000002
155	36.646233405439766	27.365040412210838	156	1.0952000000000002
156	40.284675539130596	23.966863409861819	157	1.0952000000000002
157	39.643491642373746	25.013180433544289	158	1.0952000000000002
158	38.975138076681802	26.042354672793849	159	1.0952000000000002
159	16.62980762465612	27.952193534084749	160	1.0952000000000002
160	17.355812130155257	27.507297400921725	161	1.0952000000000002
161	18.935904002283159	30.011591450745168	162	1.0952000000000002
162	19.715027018959496	29.505623047680601	163	1.0952000000000002
163	20.480638340904616	28.979432964417921	164	1.0952000000000002
164	19.54363164540927	30.974781469908024	165	1.0952000000000002
165	20.34775978434293	30.452574550580721	166	1.0952000000000002
166	21.137942585113681	29.909496957796492	167	1.0952000000000002
167	20.151359288535382	31.937971489070879	168	1.0952000000000002
168	20.980492549726367	31.399526053480844	169	1.0952000000000002
169	21.795246829322753	30.839560951175066	170	1.0952000000000002
170	19.890721306969766	33.433296647438461	171	1.0952000000000002
171	20.759086931661496	32.901161508233741	172	1.0952000000000002
172	21.613225315109801	32.346477556380961	173	1.0952000000000002
173	22.452551073531826	31.769624944553648	174	1.0952000000000002
174	23.276488974978001	31.170999018717513	175	1.0952000000000002
175	20.473027321668631	34.412065060537337	176	1.0952000000000002
176	21.366814574787611	33.8643515273966	177	1.0952000000000002
177	22.245958080493239	33.293429059281088	178	1.0952000000000002
178	23.109855317740898	32.69968893793223	179	1.0952000000000002
179	23.957914214516808	32.083538083171227	180	1.0952000000000002
180	21.055333336367497	35.390833473636214	181	1.0952000000000002
181	21.974542217913722	34.827541546559459	182	1.0952000000000002
182	22.878690845876672	34.240380562181201	183	1.0952000000000002
183	23.76715956194997	33.629752931310804	184	1.0952000000000002
184	24.639339454055612	32.996077147624931	185	1.0952000000000002
185	21.637639351066358	36.36960188673509	186	1.0952000000000002
186	22.582269861039837	35.790731565722311	187	1.0952000000000002
187	23.511423611260103	35.187332065081314	188	1.0952000000000002
188	24.424463806159039	34.559816924689386	189	1.0952000000000002
189	25.320764693594416	33.908616212078634	190	1.0952000000000002
190	22.219945365765223	37.34837029983396	191	1.0952000000000002
191	23.189997504165948	36.75392158488517	192	1.0952000000000002
192	24.144156376643544	36.134283567981441	193	1.0952000000000002
193	25.081768050368108	35.489880918067961	194	1.0952000000000002
194	26.002189933133224	34.821155276532338	195	1.0952000000000002
195	22.802251380464089	38.327138712932843	196	1.0952000000000002
196	23.797725147292059	37.717111604048029	197	1.0952000000000002
197	24.776889142026977	37.081235070881561	198	1.0952000000000002
198	25.739072294577184	36.419944911446542	199	1.0952000000000002
199	26.683615172672031	35.733694340986055	200	1.0952000000000002
200	23.384557395162954	39.305907126031713	201	1.0952000000000002
201	24.405452790418174	38.680301623210887	202	1.0952000000000002
202	25.409621907410418	38.028186573781689	203	1.0952000000000002
203	26.396376538786257	37.350008904825124	204	1.0952000000000002
204	27.365040412210838	36.646233405439766	205	1.0952000000000002
205	23.966863409861819	40.284675539130596	206	1.0952000000000002
206	25.013180433544289	39.643491642373746	207	1.0952000000000002
207	26.042354672793849	38.975138076681802	208	1.0952000000000002
208	15.892405879688459	28.377932630042729	209	1.0952000000000002
209	15.144112273574244	28.784222908485429	210	1.0952000000000002
210	16.522848603203609	31.404769634973224	211	1.0952000000000002
211	15.695105604299284	31.826525758555814	212	1.0952000000000002
212	14.856605964001792	32.226469571153942	213	1.0952000000000002
213	17.053131806907206	32.412672222083906	214	1.0952000000000002
214	16.198823279270922	32.84796415863471	215	1.0952000000000002
215	15.333412887308304	33.260743741343603	216	1.0952000000000002
216	17.583415010610803	33.420574809194591	217	1.0952000000000002
217	16.702540954242565	33.869402558713603	218	1.0952000000000002
218	15.810219810614818	34.295017911533279	219	1.0952000000000002
219	19.008723575457928	33.942518275151457	220	1.0952000000000002
220	18.113698214314404	34.428477396305283	221	1.0952000000000002
221	17.206258629214204	34.890840958792495	222	1.0952000000000002
222	16.287026733921333	35.329292081722954	223	1.0952000000000002
223	15.356632524060174	35.743530272598115	224	1.0952000000000002
224	19.565208878273907	34.936194283206589	225	1.0952000000000002
225	18.643981418018004	35.436379983415975	226	1.0952000000000002
226	17.709976304185847	35.912279358871395	227	1.0952000000000002
227	16.763833657227853	36.363566251912637	228	1.0952000000000002
228	15.80620191605337	36.789931373045476	229	1.0952000000000002
229	20.121694181089882	35.929870291261722	230	1.0952000000000002
230	19.174264621721601	36.44428257052666	231	1.0952000000000002
231	18.213693979157483	36.933717758950287	232	1.0952000000000002
232	17.240640580534365	37.397840422102313	233	1.0952000000000002
233	16.255771308046562	37.836332473492824	234	1.0952000000000002
234	20.678179483905858	36.923546299316847	235	1.0952000000000002
235	19.704547825425202	37.452185157637338	236	1.0952000000000002
236	18.717411654129119	37.955156159029173	237	1.0952000000000002
237	17.71744750384088	38.432114592291981	238	1.0952000000000002
238	16.705340700039752	38.882733573940179	239	1.0952000000000002
239	21.234664786721833	37.917222307371972	240	1.0952000000000002
240	20.234831029128799	38.460087744748023	241	1.0952000000000002
241	19.221129329100762	38.976594559108072	242	1.0952000000000002
242	18.194254427147392	39.466388762481657	243	1.0952000000000002
243	17.154910092032946	39.929134674387534	244	1.0952000000000002
244	21.791150089537812	38.910898315427104	245	1.0952000000000002
245	20.765114232832396	39.467990331858708	246	1.0952000000000002
246	19.724847004072402	39.998032959186965	247	1.0952000000000002
247	18.671061350453911	40.500662932671339	248	1.0952000000000002
248	17.60447948402614	40.975535774834896	249	1.0952000000000002
249	22.347635392353787	39.904574323482237	250	1.0952000000000002
250	21.295397436535996	40.4758929189694	251	1.0952000000000002
251	20.228564679044048	41.019471359265872	252	1.0952000000000002
252	19.147868273760427	41.534937102861015	253	1.0952000000000002
253	18.054048876019333	42.021936875282258	254	1.0952000000000002
254	22.904120695169762	40.898250331537369	255	1.0952000000000002
255	21.825680640239597	41.483795506080085	256	1.0952000000000002
256	20.732282354015684	42.040909759344757	257	1.0952000000000002
257	0.42573909595797793	32.522213504344577	258	1.0952000000000002
258	1.2769255075637063	32.499924403729501	259	1.0952000000000002
259	1.3931781842280597	35.458752605486765	260	1.0952000000000002
260	2.3209027108752158	35.410132623258782	261	1.0952000000000002
261	3.2470366067360161	35.337244304906413	262	1.0952000000000002
262	1.4378907521758879	36.596763452316473	263	1.0952000000000002
263	2.3953896080539896	36.546583063613852	264	1.0952000000000002
264	3.3512467835471123	36.47135547242199	265	1.0952000000000002
265	1.4826033201237159	37.734774299146189	266	1.0952000000000002
266	2.4698765052327638	37.683033503968936	267	1.0952000000000002
267	3.4554569603582093	37.605466639937568	268	1.0952000000000002
268	0.50922162771299695	38.899444882427687	269	1.0952000000000002
269	1.5273158880715441	38.872785145975904	270	1.0952000000000002
270	2.5443634024115376	38.819483944324006	271	1.0952000000000002
271	3.5596671371693067	38.739577807453159	272	1.0952000000000002
272	4.5725312538806007	38.633121499038175	273	1.0952000000000002
273	0.52412922266925044	40.038236199942538	274	1.0952000000000002
274	1.5720284560193725	40.010795992805619	275	1.0952000000000002
275	2.6188502995903122	39.955934384679082	276	1.0952000000000002
276	3.6638773139804042	39.873688974968751	277	1.0952000000000002
277	4.7063932898742493	39.76411613057018	278	1.0952000000000002
278	0.53903681762550371	41.177027517457375	279	1.0952000000000002
279	1.6167410239672004	41.148806839635327	280	1.0952000000000002
280	2.693337196769086	41.092384825034159	281	1.0952000000000002
281	3.7680874907915012	41.007800142484335	282	1.0952000000000002
282	4.840255325867898	40.895110762102178	283	1.0952000000000002
283	0.55394441258175708	42.315818834972212	284	1.0952000000000002
284	1.6614535919150284	42.286817686465035	285	1.0952000000000002
285	2.7678240939478593	42.228835265389222	286	1.0952000000000002
286	3.8722976676025977	42.141911309999919	287	1.0952000000000002
287	4.9741173618615457	42.026105393634168	288	1.0952000000000002
288	0.56885200753801046	43.454610152487049	289	1.0952000000000002
289	1.7061661598628566	43.424828533294743	290	1.0952000000000002
290	2.8423109911266335	43.365285705744306	291	1.0952000000000002
291	3.9765078444136948	43.276022477515504	292	1.0952000000000002
292	5.1079793978551935	43.157100025166166	293	1.0952000000000002
293	0.58375960249426384	44.593401470001893	294	1.0952000000000002
294	1.7508787278106845	44.562839380124451	295	1.0952000000000002
295	2.9167978883054073	44.501736146099375	296	1.0952000000000002
296	4.0807180212247927	44.410133645031095	297	1.0952000000000002
297	5.241841433848843	44.288094656698171	298	1.0952000000000002
298	0.59866719745051722	45.73219278751673	299	1.0952000000000002
299	1.7955912957585127	45.700850226954167	300	1.0952000000000002
300	2.991284785484182	45.638186586454466	301	1.0952000000000002
301	4.1849281980358901	45.544244812546687	302	1.0952000000000002
302	5.3757034698424917	45.419089288230175	303	1.0952000000000002
303	0.61357479240677071	46.870984105031582	304	1.0952000000000002
304	1.8403038637063411	46.838861073783889	305	1.0952000000000002
305	3.0657716826629557	46.774637026809529	306	1.0952000000000002
