[Format]      =  4.0
[Frequency]   =  0
[Precision]   =  1e-008
[MinAngle]    =  15
[DoSmartMesh] =  1
[Depth]       =  36
[LengthUnits] =  millimeters
[ProblemType] =  planar
[Coordinates] =  cartesian
[ACSolver]    =  0
[PrevType]    =  0
[PrevSoln]    =  ""
[Comment]     =  "Add comments here."
[PointProps]   = 0
[BdryProps]   = 8
  <BeginBdry>
    <BdryName> = "Air gap"
    <BdryType> = 6
    <A_0> = 0
    <A_1> = 0
    <A_2> = 0
    <Phi> = 0
    <c0> = 0
    <c0i> = 0
    <c1> = 0
    <c1i> = 0
    <Mu_ssd> = 0
    <Sigma_ssd> = 0
    <innerangle> = 90
    <outerangle> = 0
  <EndBdry>
  <BeginBdry>
    <BdryName> = "apbc1"
    <BdryType> = 4
    <A_0> = 0
    <A_1> = 0
    <A_2> = 0
    <Phi> = 0
    <c0> = 0
    <c0i> = 0
    <c1> = 0
    <c1i> = 0
    <Mu_ssd> = 0
    <Sigma_ssd> = 0
    <innerangle> = 0
    <outerangle> = 0
  <EndBdry>
  <BeginBdry>
    <BdryName> = "apbc2"
    <BdryType> = 4
    <A_0> = 0
    <A_1> = 0
    <A_2> = 0
    <Phi> = 0
    <c0> = 0
    <c0i> = 0
    <c1> = 0
    <c1i> = 0
    <Mu_ssd> = 0
    <Sigma_ssd> = 0
    <innerangle> = 0
    <outerangle> = 0
  <EndBdry>
  <BeginBdry>
    <BdryName> = "apbc3"
    <BdryType> = 4
    <A_0> = 0
    <A_1> = 0
    <A_2> = 0
    <Phi> = 0
    <c0> = 0
    <c0i> = 0
    <c1> = 0
    <c1i> = 0
    <Mu_ssd> = 0
    <Sigma_ssd> = 0
    <innerangle> = 0
    <outerangle> = 0
  <EndBdry>
  <BeginBdry>
    <BdryName> = "apbc4"
    <BdryType> = 4
    <A_0> = 0
    <A_1> = 0
    <A_2> = 0
    <Phi> = 0
    <c0> = 0
    <c0i> = 0
    <c1> = 0
    <c1i> = 0
    <Mu_ssd> = 0
    <Sigma_ssd> = 0
    <innerangle> = 0
    <outerangle> = 0
  <EndBdry>
  <BeginBdry>
    <BdryName> = "apbc6"
    <BdryType> = 4
    <A_0> = 0
    <A_1> = 0
    <A_2> = 0
    <Phi> = 0
    <c0> = 0
    <c0i> = 0
    <c1> = 0
    <c1i> = 0
    <Mu_ssd> = 0
    <Sigma_ssd> = 0
    <innerangle> = 0
    <outerangle> = 0
  <EndBdry>
  <BeginBdry>
    <BdryName> = "apbc7"
    <BdryType> = 4
    <A_0> = 0
    <A_1> = 0
    <A_2> = 0
    <Phi> = 0
    <c0> = 0
    <c0i> = 0
    <c1> = 0
    <c1i> = 0
    <Mu_ssd> = 0
    <Sigma_ssd> = 0
    <innerangle> = 0
    <outerangle> = 0
  <EndBdry>
  <BeginBdry>
    <BdryName> = "apbc8"
    <BdryType> = 4
    <A_0> = 0
    <A_1> = 0
    <A_2> = 0
    <Phi> = 0
    <c0> = 0
    <c0i> = 0
    <c1> = 0
    <c1i> = 0
    <Mu_ssd> = 0
    <Sigma_ssd> = 0
    <innerangle> = 0
    <outerangle> = 0
  <EndBdry>
[BlockProps]  = 16
  <BeginBlock>
    <BlockName> = "Air"
    <Mu_x> = 1
    <Mu_y> = 1
    <H_c> = 0
    <H_cAngle> = 0
    <J_re> = 0
    <J_im> = 0
    <Sigma> = 0
    <d_lam> = 0
    <Phi_h> = 0
    <Phi_hx> = 0
    <Phi_hy> = 0
    <LamType> = 0
    <LamFill> = 1
    <NStrands> = 0
    <WireD> = 0
    <BHPoints> = 0
  <EndBlock>
  <BeginBlock>
    <BlockName> = "Pure Iron"
    <Mu_x> = 14872
    <Mu_y> = 14872
    <H_c> = 0
    <H_cAngle> = 0
    <J_re> = 0
    <J_im> = 0
    <Sigma> = 10.44
    <d_lam> = 0
    <Phi_h> = 0
    <Phi_hx> = 0
    <Phi_hy> = 0
    <LamType> = 0
    <LamFill> = 1
    <NStrands> = 0
    <WireD> = 0
    <BHPoints> = 21
      0	0
      0.22706499999999999	13.898400000000001
      0.45412999999999998	27.796700000000001
      0.68119499999999999	42.397399999999998
      0.90825999999999996	61.415700000000001
      1.13533	82.382400000000004
      1.36239	144.66900000000001
      1.58935	897.75999999999999
      1.81236	4581.7399999999998
      2.01004	17736.200000000001
      2.1331600000000002	41339.300000000003
      2.1999900000000001	68321.800000000003
      2.2547899999999998	95685.5
      2.2999299999999998	123355
      2.3425099999999999	151083
      2.3787600000000002	178954
      2.4150100000000001	206825
      2.45126	234696
      2.4874999999999998	262568
      2.5237500000000002	290439
      2.5600000000000001	318310
  <EndBlock>
  <BeginBlock>
    <BlockName> = "Copper"
    <Mu_x> = 1
    <Mu_y> = 1
    <H_c> = 0
    <H_cAngle> = 0
    <J_re> = 0
    <J_im> = 0
    <Sigma> = 58
    <d_lam> = 0
    <Phi_h> = 0
    <Phi_hx> = 0
    <Phi_hy> = 0
    <LamType> = 0
    <LamFill> = 1
    <NStrands> = 0
    <WireD> = 0
    <BHPoints> = 0
  <EndBlock>
  <BeginBlock>
    <BlockName> = "Copper"
    <Mu_x> = 1
    <Mu_y> = 1
    <H_c> = 0
    <H_cAngle> = 0
    <J_re> = 0
    <J_im> = 0
    <Sigma> = 58
    <d_lam> = 0
    <Phi_h> = 0
    <Phi_hx> = 0
    <Phi_hy> = 0
    <LamType> = 0
    <LamFill> = 1
    <NStrands> = 0
    <WireD> = 0
    <BHPoints> = 0
  <EndBlock>
  <BeginBlock>
    <BlockName> = "Copper"
    <Mu_x> = 1
    <Mu_y> = 1
    <H_c> = 0
    <H_cAngle> = 0
    <J_re> = 0
    <J_im> = 0
    <Sigma> = 58
    <d_lam> = 0
    <Phi_h> = 0
    <Phi_hx> = 0
    <Phi_hy> = 0
    <LamType> = 0
    <LamFill> = 1
    <NStrands> = 0
    <WireD> = 0
    <BHPoints> = 0
  <EndBlock>
  <BeginBlock>
    <BlockName> = "Copper"
    <Mu_x> = 1
    <Mu_y> = 1
    <H_c> = 0
    <H_cAngle> = 0
    <J_re> = 0
    <J_im> = 0
    <Sigma> = 58
    <d_lam> = 0
    <Phi_h> = 0
    <Phi_hx> = 0
    <Phi_hy> = 0
    <LamType> = 0
    <LamFill> = 1
    <NStrands> = 0
    <WireD> = 0
    <BHPoints> = 0
  <EndBlock>
  <BeginBlock>
    <BlockName> = "Copper"
    <Mu_x> = 1
    <Mu_y> = 1
    <H_c> = 0
    <H_cAngle> = 0
    <J_re> = 0
    <J_im> = 0
    <Sigma> = 58
    <d_lam> = 0
    <Phi_h> = 0
    <Phi_hx> = 0
    <Phi_hy> = 0
    <LamType> = 0
    <LamFill> = 1
    <NStrands> = 0
    <WireD> = 0
    <BHPoints> = 0
  <EndBlock>
  <BeginBlock>
    <BlockName> = "Copper"
    <Mu_x> = 1
    <Mu_y> = 1
    <H_c> = 0
    <H_cAngle> = 0
    <J_re> = 0
    <J_im> = 0
    <Sigma> = 58
    <d_lam> = 0
    <Phi_h> = 0
    <Phi_hx> = 0
    <Phi_hy> = 0
    <LamType> = 0
    <LamFill> = 1
    <NStrands> = 0
    <WireD> = 0
    <BHPoints> = 0
  <EndBlock>
  <BeginBlock>
    <BlockName> = "Air"
    <Mu_x> = 1
    <Mu_y> = 1
    <H_c> = 0
    <H_cAngle> = 0
    <J_re> = 0
    <J_im> = 0
    <Sigma> = 0
    <d_lam> = 0
    <Phi_h> = 0
    <Phi_hx> = 0
    <Phi_hy> = 0
    <LamType> = 0
    <LamFill> = 1
    <NStrands> = 0
    <WireD> = 0
    <BHPoints> = 0
  <EndBlock>
  <BeginBlock>
    <BlockName> = "Air"
    <Mu_x> = 1
    <Mu_y> = 1
    <H_c> = 0
    <H_cAngle> = 0
    <J_re> = 0
    <J_im> = 0
    <Sigma> = 0
    <d_lam> = 0
    <Phi_h> = 0
    <Phi_hx> = 0
    <Phi_hy> = 0
    <LamType> = 0
    <LamFill> = 1
    <NStrands> = 0
    <WireD> = 0
    <BHPoints> = 0
  <EndBlock>
  <BeginBlock>
    <BlockName> = "Pure Iron"
    <Mu_x> = 14872
    <Mu_y> = 14872
    <H_c> = 0
    <H_cAngle> = 0
    <J_re> = 0
    <J_im> = 0
    <Sigma> = 10.44
    <d_lam> = 0
    <Phi_h> = 0
    <Phi_hx> = 0
    <Phi_hy> = 0
    <LamType> = 0
    <LamFill> = 1
    <NStrands> = 0
    <WireD> = 0
    <BHPoints> = 21
      0	0
      0.22706499999999999	13.898400000000001
      0.45412999999999998	27.796700000000001
      0.68119499999999999	42.397399999999998
      0.90825999999999996	61.415700000000001
      1.13533	82.382400000000004
      1.36239	144.66900000000001
      1.58935	897.75999999999999
      1.81236	4581.7399999999998
      2.01004	17736.200000000001
      2.1331600000000002	41339.300000000003
      2.1999900000000001	68321.800000000003
      2.2547899999999998	95685.5
      2.2999299999999998	123355
      2.3425099999999999	151083
      2.3787600000000002	178954
      2.4150100000000001	206825
      2.45126	234696
      2.4874999999999998	262568
      2.5237500000000002	290439
      2.5600000000000001	318310
  <EndBlock>
  <BeginBlock>
    <BlockName> = "Air"
    <Mu_x> = 1
    <Mu_y> = 1
    <H_c> = 0
    <H_cAngle> = 0
    <J_re> = 0
    <J_im> = 0
    <Sigma> = 0
    <d_lam> = 0
    <Phi_h> = 0
    <Phi_hx> = 0
    <Phi_hy> = 0
    <LamType> = 0
    <LamFill> = 1
    <NStrands> = 0
    <WireD> = 0
    <BHPoints> = 0
  <EndBlock>
  <BeginBlock>
    <BlockName> = "N40"
    <Mu_x> = 1.05
    <Mu_y> = 1.05
    <H_c> = 969969
    <H_cAngle> = 0
    <J_re> = 0
    <J_im> = 0
    <Sigma> = 0.66700000000000004
    <d_lam> = 0
    <Phi_h> = 0
    <Phi_hx> = 0
    <Phi_hy> = 0
    <LamType> = 0
    <LamFill> = 1
    <NStrands> = 0
    <WireD> = 0
    <BHPoints> = 0
  <EndBlock>
  <BeginBlock>
    <BlockName> = "Air"
    <Mu_x> = 1
    <Mu_y> = 1
    <H_c> = 0
    <H_cAngle> = 0
    <J_re> = 0
    <J_im> = 0
    <Sigma> = 0
    <d_lam> = 0
    <Phi_h> = 0
    <Phi_hx> = 0
    <Phi_hy> = 0
    <LamType> = 0
    <LamFill> = 1
    <NStrands> = 0
    <WireD> = 0
    <BHPoints> = 0
  <EndBlock>
  <BeginBlock>
    <BlockName> = "N40"
    <Mu_x> = 1.05
    <Mu_y> = 1.05
    <H_c> = 969969
    <H_cAngle> = 0
    <J_re> = 0
    <J_im> = 0
    <Sigma> = 0.66700000000000004
    <d_lam> = 0
    <Phi_h> = 0
    <Phi_hx> = 0
    <Phi_hy> = 0
    <LamType> = 0
    <LamFill> = 1
    <NStrands> = 0
    <WireD> = 0
    <BHPoints> = 0
  <EndBlock>
  <BeginBlock>
    <BlockName> = "Air"
    <Mu_x> = 1
    <Mu_y> = 1
    <H_c> = 0
    <H_cAngle> = 0
    <J_re> = 0
    <J_im> = 0
    <Sigma> = 0
    <d_lam> = 0
    <Phi_h> = 0
    <Phi_hx> = 0
    <Phi_hy> = 0
    <LamType> = 0
    <LamFill> = 1
    <NStrands> = 0
    <WireD> = 0
    <BHPoints> = 0
  <EndBlock>
[CircuitProps]  = 3
  <BeginCircuit>
    <CircuitName> = "A"
    <TotalAmps_re> = 1.0715659492539341e-015
    <TotalAmps_im> = 0
    <CircuitType> = 1
  <EndCircuit>
  <BeginCircuit>
    <CircuitName> = "B"
    <TotalAmps_re> = 3.0310889132455356
    <TotalAmps_im> = 0
    <CircuitType> = 1
  <EndCircuit>
  <BeginCircuit>
    <CircuitName> = "C"
    <TotalAmps_re> = -3.0310889132455352
    <TotalAmps_im> = -0
    <CircuitType> = 1
  <EndCircuit>
[NumPoints] = 161
74	0	0	0
0	74	0	0
54	0	0	0
0	54	0	0
31.487143731754628	0.8998775560182285	0	0
33.988088930817767	0.89989489987598015	0	0
33.217971240170314	4.3377859199386624	0	0
46.002654019014621	7.7143922772204041	0	0
49	0	0	0
34.43055354156882	3.5998046428141608	0	0
45.502306914584636	6.5196667820433962	0	0
47.800300094722225	0.49999088309086376	0	0
35.064854035232422	0.49998305966522871	0	0
26.818727586302341	16.522888689684553	0	0
28.984600990234878	17.773376309437534	0	0
26.598713996199031	20.365618422930492	0	0
35.982270883362759	29.682186696338665	0	0
42.43524478543749	24.5	0	0
43.696663160583171	16.320467322675952	0	0
30.936499916137695	12.852352817239822	0	0
29.884495890110855	16.214712621380233	0	0
27.71860514232057	14.964255042070072	0	0
28.017831711951786	20.332799040122641	0	0
36.146320327804915	28.397350514751444	0	0
41.146278749003727	24.333154853778414	0	0
30.117062844671945	17.965425048748166	0	0
31.617636354765949	14.097754501446177	0	0
42.665987109848309	17.104956399833192	0	0
41.646269632094587	23.467145240943811	0	0
30.617045904337171	17.099428986484252	0	0
14.964255042070072	27.71860514232057	0	0
16.214712621380233	29.884495890110855	0	0
12.852352817239819	30.936499916137695	0	0
16.320467322675956	43.696663160583164	0	0
24.5	42.43524478543749	0	0
29.682186696338665	35.982270883362759	0	0
20.365618422930492	26.598713996199031	0	0
17.773376309437534	28.984600990234878	0	0
16.522888689684553	26.818727586302341	0	0
14.097754501446181	31.617636354765949	0	0
17.104956399833199	42.665987109848309	0	0
23.467145240943807	41.646269632094594	0	0
17.099428986484252	30.617045904337171	0	0
20.332799040122641	28.017831711951786	0	0
28.397350514751444	36.146320327804915	0	0
24.333154853778421	41.146278749003727	0	0
17.965425048748166	30.117062844671945	0	0
0	49	0	0
7.7143922772204006	46.002654019014621	0	0
4.3377859199386659	33.217971240170307	0	0
0.89989489987597948	33.988088930817767	0	0
0.89987755601822816	31.487143731754628	0	0
3.5998046428141572	34.43055354156882	0	0
6.5196667820433918	45.502306914584636	0	0
0.49999088309085943	47.800300094722225	0	0
0.49998305966522777	35.064854035232422	0	0
30.800000000000001	0	0	0
0	30.800000000000001	0	0
31.266666666666666	0	0	0
0	31.266666666666666	0	0
31.033333333333335	0	0	0
0	31.033333333333335	0	0
15.800000000000001	0	0	0
0	15.800000000000001	0	0
0	0	0	0
27.944812599678542	1.2604663763789199	0	0
28.005526384150087	1.1382291304083016	0	0
28.082319313335297	1.0253976013284665	0	0
28.173760880261256	0.92407362704071883	0	0
28.278147701550218	0.83614468147371901	0	0
28.393535248229025	0.76324871451542586	0	0
28.517774068624671	0.70674364010580559	0	0
28.648549828582063	0.66768204086940375	0	0
28.783426423130432	0.64679156049260977	0	0
28.919891356509662	0.64446134909853681	0	0
29.055402545212466	0.66073481411652712	0	0
29.187435672190325	0.69530881168387404	0	0
29.31353121010391	0.74753929364241312	0	0
29.431340237663818	0.81645330493712398	0	0
29.538668195589846	0.90076710792790304	0	0
29.633515767098121	0.99891009599287339	0	0
29.714116121389949	1.1090540509580495	0	0
29.778967826366593	1.2291471993427963	0	0
29.826862817468477	1.3569524330176685	0	0
29.856908901632181	1.4900889822960919	0	0
29.868546377159106	1.6260767651690351	0	0
29.861558459899136	1.7623825865403409	0	0
29.836075321529179	1.8964673268583798	0	0
29.792571664701114	2.0258332411090993	0	0
22.499009875437714	19.634049030754984	0	0
22.438296090966169	19.7562862767256	0	0
22.361503161780959	19.869117805805438	0	0
22.270061594855001	19.970441780093186	0	0
22.165674773566039	20.058370725660183	0	0
22.050287226887232	20.131266692618475	0	0
21.926048406491585	20.187771767028096	0	0
21.795272646534194	20.226833366264501	0	0
21.660396051985824	20.247723846641293	0	0
21.523931118606594	20.250054058035364	0	0
21.38841992990379	20.233780593017375	0	0
21.256386802925931	20.199206595450029	0	0
21.130291265012346	20.14697611349149	0	0
21.012482237452438	20.078062102196778	0	0
20.90515427952641	19.993748299206	0	0
20.810306708018135	19.895605311141026	0	0
20.729706353726307	19.785461356175851	0	0
20.664854648749664	19.665368207791104	0	0
20.616959657647779	19.537562974116234	0	0
20.586913573484075	19.404426424837808	0	0
20.575276097957151	19.268438641964867	0	0
20.58226401521712	19.132132820593561	0	0
20.607747153587077	18.99804808027552	0	0
20.651250810415142	18.868682166024801	0	0
18.868682166024801	20.651250810415142	0	0
18.99804808027552	20.607747153587077	0	0
19.132132820593561	20.58226401521712	0	0
19.268438641964867	20.575276097957151	0	0
19.404426424837808	20.586913573484075	0	0
19.537562974116234	20.616959657647779	0	0
19.665368207791104	20.664854648749664	0	0
19.785461356175851	20.729706353726307	0	0
19.895605311141026	20.810306708018135	0	0
19.993748299206	20.90515427952641	0	0
20.078062102196778	21.012482237452438	0	0
20.14697611349149	21.130291265012346	0	0
20.199206595450029	21.256386802925931	0	0
20.233780593017375	21.38841992990379	0	0
20.250054058035364	21.523931118606594	0	0
20.247723846641293	21.660396051985824	0	0
20.226833366264501	21.795272646534194	0	0
20.187771767028096	21.926048406491585	0	0
20.131266692618475	22.050287226887232	0	0
20.058370725660183	22.165674773566039	0	0
19.970441780093186	22.270061594855001	0	0
19.869117805805438	22.361503161780959	0	0
19.7562862767256	22.438296090966169	0	0
19.634049030754984	22.499009875437714	0	0
2.0258332411090993	29.792571664701114	0	0
1.89646732685838	29.836075321529179	0	0
1.7623825865403406	29.861558459899136	0	0
1.6260767651690351	29.868546377159106	0	0
1.4900889822960921	29.856908901632181	0	0
1.3569524330176685	29.826862817468477	0	0
1.2291471993427963	29.778967826366593	0	0
1.1090540509580495	29.714116121389949	0	0
0.99891009599287339	29.633515767098121	0	0
0.90076710792790304	29.538668195589846	0	0
0.81645330493712398	29.431340237663818	0	0
0.74753929364241312	29.31353121010391	0	0
0.69530881168387404	29.187435672190325	0	0
0.66073481411652712	29.055402545212466	0	0
0.64446134909853681	28.919891356509662	0	0
0.64679156049260977	28.783426423130432	0	0
0.66768204086940375	28.648549828582063	0	0
0.70674364010580559	28.517774068624671	0	0
0.76324871451542586	28.393535248229025	0	0
0.83614468147371901	28.278147701550218	0	0
0.92407362704071883	28.173760880261256	0	0
1.0253976013284665	28.082319313335297	0	0
1.1382291304083016	28.005526384150087	0	0
1.2604663763789199	27.944812599678542	0	0
[NumSegments] = 162
0	2	-1	2	0	0
1	3	-1	2	0	0
4	5	-1	0	0	0
5	6	-1	0	0	0
6	7	-1	0	0	0
7	8	-1	0	0	0
9	10	-1	0	0	0
10	11	-1	0	0	0
11	12	-1	0	0	0
12	9	-1	0	0	0
13	14	-1	0	0	0
14	15	-1	0	0	0
15	16	-1	0	0	0
16	17	-1	0	0	0
17	18	-1	0	0	0
18	19	-1	0	0	0
19	20	-1	0	0	0
20	21	-1	0	0	0
22	23	-1	0	0	0
23	24	-1	0	0	0
24	25	-1	0	0	0
25	22	-1	0	0	0
26	27	-1	0	0	0
27	28	-1	0	0	0
28	29	-1	0	0	0
29	26	-1	0	0	0
30	31	-1	0	0	0
31	32	-1	0	0	0
32	33	-1	0	0	0
33	34	-1	0	0	0
34	35	-1	0	0	0
35	36	-1	0	0	0
36	37	-1	0	0	0
37	38	-1	0	0	0
39	40	-1	0	0	0
40	41	-1	0	0	0
41	42	-1	0	0	0
42	39	-1	0	0	0
43	44	-1	0	0	0
44	45	-1	0	0	0
45	46	-1	0	0	0
46	43	-1	0	0	0
47	48	-1	0	0	0
48	49	-1	0	0	0
49	50	-1	0	0	0
50	51	-1	0	0	0
52	53	-1	0	0	0
53	54	-1	0	0	0
54	55	-1	0	0	0
55	52	-1	0	0	0
2	8	-1	3	0	0
8	58	-1	5	0	0
3	47	-1	3	0	0
47	59	-1	5	0	0
58	60	-1	0	0	2
59	61	-1	0	0	2
60	56	-1	6	0	0
61	57	-1	6	0	0
62	64	-1	8	0	1
63	64	-1	8	0	1
56	62	-1	7	0	1
57	63	-1	7	0	1
65	66	-1	0	48	1
66	67	-1	0	48	1
67	68	-1	0	48	1
68	69	-1	0	48	1
69	70	-1	0	48	1
70	71	-1	0	48	1
71	72	-1	0	48	1
72	73	-1	0	48	1
73	74	-1	0	48	1
74	75	-1	0	48	1
75	76	-1	0	48	1
76	77	-1	0	48	1
77	78	-1	0	48	1
78	79	-1	0	48	1
79	80	-1	0	48	1
80	81	-1	0	48	1
81	82	-1	0	48	1
82	83	-1	0	48	1
83	84	-1	0	48	1
84	85	-1	0	48	1
85	86	-1	0	48	1
86	87	-1	0	48	1
87	88	-1	0	48	1
88	89	-1	0	48	1
89	90	-1	0	48	1
90	91	-1	0	48	1
91	92	-1	0	48	1
92	93	-1	0	48	1
93	94	-1	0	48	1
94	95	-1	0	48	1
95	96	-1	0	48	1
96	97	-1	0	48	1
97	98	-1	0	48	1
98	99	-1	0	48	1
99	100	-1	0	48	1
100	101	-1	0	48	1
101	102	-1	0	48	1
102	103	-1	0	48	1
103	104	-1	0	48	1
104	105	-1	0	48	1
105	106	-1	0	48	1
106	107	-1	0	48	1
107	108	-1	0	48	1
108	109	-1	0	48	1
109	110	-1	0	48	1
110	111	-1	0	48	1
111	112	-1	0	48	1
112	65	-1	0	48	1
88	65	-1	0	48	1
112	89	-1	0	48	1
113	114	-1	0	48	1
114	115	-1	0	48	1
115	116	-1	0	48	1
116	117	-1	0	48	1
117	118	-1	0	48	1
118	119	-1	0	48	1
119	120	-1	0	48	1
120	121	-1	0	48	1
121	122	-1	0	48	1
122	123	-1	0	48	1
123	124	-1	0	48	1
124	125	-1	0	48	1
125	126	-1	0	48	1
126	127	-1	0	48	1
127	128	-1	0	48	1
128	129	-1	0	48	1
129	130	-1	0	48	1
130	131	-1	0	48	1
131	132	-1	0	48	1
132	133	-1	0	48	1
133	134	-1	0	48	1
134	135	-1	0	48	1
135	136	-1	0	48	1
136	137	-1	0	48	1
137	138	-1	0	48	1
138	139	-1	0	48	1
139	140	-1	0	48	1
140	141	-1	0	48	1
141	142	-1	0	48	1
142	143	-1	0	48	1
143	144	-1	0	48	1
144	145	-1	0	48	1
145	146	-1	0	48	1
146	147	-1	0	48	1
147	148	-1	0	48	1
148	149	-1	0	48	1
149	150	-1	0	48	1
150	151	-1	0	48	1
151	152	-1	0	48	1
152	153	-1	0	48	1
153	154	-1	0	48	1
154	155	-1	0	48	1
155	156	-1	0	48	1
156	157	-1	0	48	1
157	158	-1	0	48	1
158	159	-1	0	48	1
159	160	-1	0	48	1
160	113	-1	0	48	1
136	113	-1	0	48	1
160	137	-1	0	48	1
[NumArcSegments] = 9
0	1	90	5	0	0	2	1.1000000000000001
2	3	90	5	0	0	2	5
4	21	26.725955456395297	6	0	0	0	6
13	38	26.725955456395297	5	0	0	2	5
30	51	26.725955456395297	6	0	0	0	6
56	57	90	1	0	0	1	1
58	59	90	1	1	0	0	0.42999999999999999
60	61	90	1	1	0	0	0.42999999999999999
62	63	90	5	0	0	1	5
[NumHoles] = 1
22.026376233960956	22.026376233960953	0
[NumBlockLabels] = 18
45.254833995939045	45.254833995939038	16	-1	0	1	0	1	0
30.228814895724909	30.228814895724906	11	-1	0	1	0	1	0
41.319220258361632	3.8693716855579408	8	-1	2	1	0	-100	0
33.848808565526824	24.010584305558201	8	-1	3	1	0	-100	0
37.71818025108476	17.308635952803428	8	-1	2	1	0	100	0
17.308635952803428	37.71818025108476	8	-1	1	1	0	-100	0
24.010584305558201	33.848808565526824	8	-1	3	1	0	100	0
3.8693716855579381	41.319220258361632	8	-1	1	1	0	100	0
22.191367816237818	22.191367816237815	16	-1	0	1	0	1	0
21.861384651684098	21.861384651684094	16	-1	0	1	0	1	0
16.47558800164656	16.475588001646557	11	-1	0	0	1	1	0
5.586143571373726	5.5861435713737251	16	-1	0	0	1	1	0
25.221911237558128	10.447257703566951	15	-1	0	-157.5	1	1	0
28.273064670766576	1.2344286624390091	16	-1	0	0	1	1	0
20.864948631726513	19.119202875523186	16	-1	0	0	1	1	0
10.447257703566953	25.221911237558128	15	-1	0	67.5	1	1	0
19.11920287552319	20.864948631726509	16	-1	0	0	1	1	0
1.2344286624390091	28.273064670766576	16	-1	0	0	1	1	0
[Solution]
6367
74	0	-0.00015065809362249782	-1	
73.130434782608688	0	-0.00015065744848471928	-1	
73.986423103952788	1.4174612103624435	-0.00015063241281022331	-1	
72.260869565217391	0	-0.00015065551329153953	-1	
72.705017681766165	1.2240957296866137	-0.00015063404572581376	-1	
73.945697397759957	2.8344022930626158	-0.00015061003386125738	-1	
72.942020085190435	2.3245958820175883	-0.00015061643490258328	-1	
71.391304347826093	0	-0.0001506522234502608	-1	
71.603532553517951	1.0892281409152966	-0.0001506325940166073	-1	
71.826086956521749	2.1763933960428692	-0.00015061513166245291	-1	
73.877837825439855	4.2503033112955206	-0.00015059120037131928	-1	
73.200214093534214	3.508250335412666	-0.00015059979541177297	-1	
72.201838028656823	3.6225384543851415	-0.00015059550937105711	-1	
70.521739130434781	0	-0.00015064762142456196	-1	
70.183871867066998	0.95723883853118041	-0.00015062686550718163	-1	
70.446591905866711	1.9377686253613591	-0.000150611395830441	-1	
71.386093905085758	3.0626046736773342	-0.00015059959500948999	-1	
73.782869287596796	5.6646447099006787	-0.00015057560061616652	-1	
72.686167792605204	4.8806455665414985	-0.00015058187190146829	-1	
71.263235539911904	4.7851001801013613	-0.00015057699645091896	-1	
69.652173913043484	0	-0.00015064157455678602	-1	
69.217391304347828	1.2676833642264835	-0.00015061318231591957	-1	
69.217391304347828	2.6078538864962342	-0.00015059067652862962	-1	
70.483511820928598	3.4679562436471398	-0.00015058856671627718	-1	
73.660826632283928	7.0769075060093298	-0.00015056339570718104	-1	
73.106494606792921	6.3175994914069245	-0.00015056872389234151	-1	
72.169861647439078	6.2366590504861126	-0.00015056700742909675	-1	
70.173754337970152	4.5406893224939244	-0.0001505728842592273	-1	
71.124473738861724	6.7107618789908612	-0.00015055860988157476	-1	
70.323111046739584	5.8889180939132562	-0.00015056057407656886	-1	
68.782608695652172	0	-0.00015063382146082951	-1	
67.992506898381592	1.9377686253613591	-0.00015058807981030171	-1	
67.411043201332888	1.0212631268669896	-0.00015059763636972195	-1	
67.957480471542098	3.4563535213994117	-0.0001505645359533071	-1	
69.144007420821382	3.8585395380449183	-0.000150572272796523	-1	
73.511754642215962	8.486573479481633	-0.00015055452351588723	-1	
72.354758005178468	7.6515060799474464	-0.00015055723771144293	-1	
69.212929555991224	5.1094789980647892	-0.00015055872981085613	-1	
70.099124574884669	7.2267739557172517	-0.00015054906869338362	-1	
71.139253017936923	7.9662751184828124	-0.00015055097202890526	-1	
69.185257428403574	6.3292474343544392	-0.00015054763199419657	-1	
67.913043478260875	0	-0.00015062437707127966	-1	
66.608695652173907	1.7522356093275273	-0.00015057206221285365	-1	
67.115867760406942	2.7366470290572211	-0.00015056370486817196	-1	
67.043478260869563	0	-0.00015061323689596174	-1	
66.173913043478265	0	-0.00015060038508502106	-1	
67.273390357795833	4.1956366275244124	-0.00015054599814541469	-1	
68.257899053636038	4.5213959028564616	-0.00015055491113844717	-1	
73.335708018336476	9.8931253630639908	-0.0001505488748710844	-1	
71.952394392269795	9.0546015469612264	-0.00015054931821862036	-1	
68.32279397741469	5.6881122216186446	-0.00015054429834503391	-1	
69.624680098757366	8.123510397305612	-0.00015054088297402469	-1	
71.080830241511478	9.3760687413439463	-0.00015054517411951338	-1	
70.28904721343973	8.8902242575748112	-0.00015054262917125688	-1	
68.616716961272616	8.2385934980291893	-0.0001505319824050198	-1	
68.025200593054194	6.7072274914644856	-0.00015053353493080698	-1	
65.619935304601526	1.9377686253613273	-0.00015055200916120411	-1	
65.524442515068458	3.3225877898101044	-0.00015052892912522728	-1	
66.447268341679148	3.6194064571805526	-0.00015054076780949012	-1	
65.304347826086953	0	-0.00015058552439333082	-1	
64.869565217391312	1.2676833642264631	-0.00015055048422526801	-1	
67.381509876336438	5.1970501107758391	-0.00015053694859611116	-1	
66.08963992046057	4.8966243459531444	-0.00015052037115861704	-1	
73.132751359745797	11.296047032196714	-0.0001505463869001132	-1	
72.331906386235019	10.464049670513164	-0.00015054654720284377	-1	
71.189000158577883	10.298708700912798	-0.00015054380026693928	-1	
68.517051521042063	9.183772227412355	-0.0001505288985425346	-1	
70.130959987743154	9.9829895606836541	-0.00015053928224265589	-1	
69.026822752648982	9.9859126900999673	-0.00015053209380027185	-1	
67.402388801398928	7.8277238925168291	-0.00015052048965812298	-1	
66.475243363066397	6.1662967702618561	-0.00015051646002875137	-1	
64.869565217391312	2.6078538864961911	-0.00015052650573334339	-1	
65.001222910739699	4.1386454306696949	-0.00015050873195241208	-1	
64.434782608695656	0	-0.00015056843378659355	-1	
63.244135070084937	0.97037149781633669	-0.00015051953877885673	-1	
63.574070667424273	1.9377686253613273	-0.00015050882896984862	-1	
64.971447090469269	5.341845549305809	-0.00015049655098330286	-1	
72.902959139996796	12.694823694402395	-0.00015054711757237928	-1	
71.859521408467756	11.720175379391726	-0.00015054526409057279	-1	
70.962125720058879	11.274607246672682	-0.00015054271174276809	-1	
67.630662129975136	9.5267151933100713	-0.00015051993431122382	-1	
69.373373076579298	11.050885864467137	-0.00015053502204606613	-1	
67.984900492476029	10.801743397972162	-0.00015052413525229124	-1	
66.50730111971663	8.5789879825610367	-0.00015050750558724294	-1	
66.174683188840518	7.4587447040946797	-0.00015050548383834422	-1	
65.416728230161823	6.6013096883960953	-0.00015049639481892421	-1	
63.170684867753565	2.7790280026475083	-0.0001504848305952588	-1	
63.551093460581747	3.6309239738496251	-0.00015048270095489858	-1	
64.103457718669858	4.3780434170045837	-0.00015048721399150809	-1	
63.565217391304344	0	-0.00015054906947513982	-1	
62.695652173913047	0	-0.00015052712973924801	-1	
62.260869565217405	1.2494837471203566	-0.00015048698458296122	-1	
62.260869565217391	2.5724522090052662	-0.00015046303983066639	-1	
63.6996942218125	5.2148640516443674	-0.0001504704300993265	-1	
64.302055043159768	6.3420912251062695	-0.00015047663040295046	-1	
72.646415679767273	14.088942078185461	-0.00015055070919489809	-1	
72.105988034347419	13.268829884735011	-0.00015054817277854426	-1	
71.200213383200335	12.889068997966065	-0.0001505459582418044	-1	
70.148477161189831	11.859266125951777	-0.00015054026504062791	-1	
66.97523023484932	10.24621704834907	-0.00015051341449603817	-1	
66.170953880222726	9.6981172089572496	-0.00015050286134084048	-1	
68.678174544977068	11.928931416130601	-0.0001505324988294666	-1	
66.9794788264403	11.219487739381259	-0.0001505161076011306	-1	
67.787883966657063	12.551884475292777	-0.00015052873968866634	-1	
65.399525971149103	8.856161274909871	-0.00015049100419218462	-1	
64.453669170204407	8.2163599574042312	-0.00015047507903240273	-1	
61.888495993317107	3.7751801313857705	-0.00015043594588686691	-1	
62.462028376755192	4.8960178259122014	-0.00015044160329456149	-1	
61.826086956521742	0	-0.000150502442592875	-1	
60.956521739130437	0	-0.00015047459307782334	-1	
61.505485573479298	1.9109679780628075	-0.00015045030987039204	-1	
60.403914547672471	2.6990549150162146	-0.00015040061379310835	-1	
63.096872467761038	6.2615528332104082	-0.00015045041806484557	-1	
63.66595450720947	7.3368135173463775	-0.00015046060127687274	-1	
72.363215115919189	15.477890621373644	-0.00015055725799309325	-1	
71.494460288282951	14.577409339572052	-0.00015055286149458208	-1	
70.372993954064796	13.374177146019299	-0.0001505456455761288	-1	
69.440632499919957	13.149846991844935	-0.00015054128351970781	-1	
65.896123518265199	11.111208759139325	-0.00015050347778072874	-1	
65.070872269400695	9.9316665456949522	-0.00015048789658000656	-1	
68.640173774367014	13.677966435349234	-0.00015054002418423611	-1	
66.735699835736483	12.280597943368019	-0.00015051848821063512	-1	
67.682232255889119	13.633330518226346	-0.00015053426028941946	-1	
66.626961271577997	13.364203915665827	-0.00015052455713145471	-1	
64.267246991076362	9.2521331174856076	-0.00015047293806704182	-1	
63.111391073003567	8.3791933559644498	-0.00015044865601353982	-1	
60.633993718466336	3.6682195091093495	-0.00015039648020019546	-1	
61.341140929573363	5.0908594918423526	-0.00015040804081941522	-1	
61.541046259926908	6.2408772477896646	-0.000150409373801469	-1	
60.086956521739133	0	-0.00015044356123231992	-1	
60.521739130434788	1.7099473359461774	-0.00015042114014083614	-1	
59.599771153331794	1.8678561757541645	-0.00015038276089013723	-1	
59.411450727253488	2.7840960840830733	-0.00015036083210977422	-1	
59.569171940097128	3.8533153898222605	-0.00015035509308902493	-1	
62.276050352468374	7.1476693761438721	-0.00015042829182646941	-1	
72.053461366955659	16.861159658832186	-0.00015056657400744101	-1	
71.555588532198115	16.023355693598702	-0.0001505612715838206	-1	
70.604567769853844	15.810394773849126	-0.00015055971819233105	-1	
70.268445622252926	14.327430284258204	-0.00015054986436627418	-1	
69.062783950819835	14.538806116520849	-0.00015054753361121758	-1	
64.762768046880325	11.243095471143025	-0.00015048930406921055	-1	
65.313751288499191	12.41541584533303	-0.00015050426115462723	-1	
64.033387589396867	10.365660073200589	-0.00015047314853703045	-1	
68.059870175720363	15.240563744297903	-0.00015054860709852322	-1	
66.865712720281124	14.673162966037873	-0.00015053704307243888	-1	
65.734660362689738	13.98856364092997	-0.00015052185273369025	-1	
63.250031849140548	9.522045368101093	-0.00015045488067861562	-1	
61.772200305022707	8.1926637527733899	-0.00015041698109945458	-1	
62.120566776326207	9.2992435823247259	-0.00015043003872853428	-1	
60.267411863201282	4.7147506830383463	-0.00015037518535846773	-1	
60.457318128908639	5.8072457012694887	-0.00015037695160863732	-1	
60.054952858213014	6.8084419046377613	-0.00015036363757839076	-1	
60.760587200365748	7.6247579119999109	-0.00015038758875921031	-1	
59.217391304347835	0	-0.00015040921716144492	-1	
58.782608695652179	1.4126576803130046	-0.00015035701408017062	-1	
57.913043478260882	2.6078538864962129	-0.00015029579403351041	-1	
58.50435016172792	4.0384112705351694	-0.00015030953183329754	-1	
59.419343120276324	5.4249218347526895	-0.00015034100451132538	-1	
71.717268094888851	18.238241609481982	-0.00015057854660876981	-1	
70.883641670737035	17.305145433103483	-0.00015057153793772001	-1	
69.283558594304964	15.742782181574292	-0.00015055706685791336	-1	
69.668101558684697	17.008390103904304	-0.00015056876817744677	-1	
63.798144192585369	11.852512856065964	-0.00015047975763049634	-1	
64.195789890657906	13.304390451616745	-0.00015049858046263683	-1	
62.793981392656946	10.731028248548837	-0.0001504535242192615	-1	
68.22612276718398	16.755297856651993	-0.00015056365830970169	-1	
66.944637185391031	16.047376092320746	-0.00015055112472533977	-1	
65.807079406764089	15.145544193190894	-0.00015053418922749835	-1	
64.701790435612352	14.239005186392767	-0.00015051424819141537	-1	
60.979732993063088	9.2729251666732644	-0.0001504025009452607	-1	
61.522069457287643	10.503296711998171	-0.00015042583962113185	-1	
59.012932046708677	6.5282914502514844	-0.00015032648745265587	-1	
59.173273379999223	7.6931455724328739	-0.00015033837748631542	-1	
60.010515459088545	8.6705865975336582	-0.00015037169539443632	-1	
58.347826086956523	0	-0.00015037088107758005	-1	
57.913043478260882	0.90705253931443974	-0.00015032675337932764	-1	
57.026093027513042	3.033735928331696	-0.00015024547693228628	-1	
57.04347826086957	1.4126576803130071	-0.00015027026562858619	-1	
57.659378177944731	4.7183344561484013	-0.00015026839290181786	-1	
56.845927289798347	4.0009985206991789	-0.00015022951399008375	-1	
58.323527674080609	5.5757600438791393	-0.00015029712736479945	-1	
71.354758663532451	19.608631162552967	-0.00015059304463837042	-1	
70.878695715920784	18.749556008860669	-0.00015058519505054026	-1	
69.897464489329963	18.706761970219421	-0.00015058595308431089	-1	
68.751407190417822	17.996862013520037	-0.00015057796227724884	-1	
63.310535721259988	12.766454046329905	-0.00015048107611519143	-1	
61.832435535040425	11.811584095470598	-0.00015044608678224078	-1	
62.516502635286848	13.431707365712322	-0.00015047726105473476	-1	
63.043907584396791	14.532959715105402	-0.00015049909041126442	-1	
67.569881550659261	17.689290706141261	-0.00015057227672619561	-1	
65.327804290627682	16.201074334545019	-0.00015054322359815553	-1	
66.481946416386293	17.343758767273957	-0.00015056424464140084	-1	
64.112609623021072	15.123543045406684	-0.00015051894614764359	-1	
60.065912976843784	9.9563923260846039	-0.00015038553881762873	-1	
60.195655545388291	11.168390132584868	-0.00015040365441011398	-1	
57.774689666868539	6.6987346244994583	-0.00015027936685189686	-1	
57.92213947607609	7.9683827758593413	-0.00015029608181593682	-1	
58.525837694549999	9.0950132989228418	-0.00015033061331795779	-1	
59.009082216575571	10.038465463976699	-0.00015035732850398484	-1	
57.478260869565219	0	-0.00015032794785923518	-1	
56.224755496168875	2.4628464674910004	-0.00015020591736500394	-1	
55.293981417833656	3.4151400510316803	-0.00015014184835624586	-1	
56.608695652173914	0	-0.00015028008325038806	-1	
56.16695615197078	0.91347603910534325	-0.00015022987607534881	-1	
57.311835393008472	5.7769154056146688	-0.00015025347967991944	-1	
56.282950695486065	5.7035598990721175	-0.00015020378256417805	-1	
55.740824144008293	4.5799390238583673	-0.00015016849246270693	-1	
70.966066093234176	20.971825463004436	-0.00015060995220993694	-1	
70.110494542182906	19.990861405053526	-0.00015060050530497099	-1	
68.67469632459553	19.569337653763171	-0.00015059695039178255	-1	
67.38220183263698	18.815244302257017	-0.00015058637473209737	-1	
61.220580647480119	12.731860718966166	-0.00015044642008834333	-1	
60.170635420873531	12.387055718553079	-0.00015042059568306913	-1	
61.670264964415153	14.008007412557829	-0.00015047266823332199	-1	
62.012777728686359	14.972851931590704	-0.00015049256448477444	-1	
62.834115878573272	15.735831344813702	-0.00015051455519867751	-1	
65.502197953002266	17.17913159637796	-0.00015055727761663186	-1	
64.113220356504968	16.346842761006542	-0.00015053587686275817	-1	
64.557495495754253	17.486615619003743	-0.00015055629650447713	-1	
66.425485456087671	19.18014317762929	-0.00015058945746908713	-1	
65.69322018779377	18.464430252458818	-0.00015057675094506378	-1	
58.978764698345785	11.098044674749033	-0.00015037240412358338	-1	
59.220212061938057	12.070323855335468	-0.00015039467223167547	-1	
56.762146780133314	7.4315729213984465	-0.00015024298339100126	-1	
56.982742910766149	9.1521497813689852	-0.00015027838573091143	-1	
57.789098695279257	10.063657771409719	-0.00015032135939433916	-1	
54.893716736565352	2.4236128774612786	-0.00015011995273893163	-1	
55.304347826086953	1.4363337582059239	-0.00015016307190585294	-1	
54.744970597966471	4.2938616586594733	-0.00015010719915115668	-1	
53.853637461111795	3.3522532757686285	-0.00015004095944577112	-1	
55.739130434782609	0	-0.0001502263212824556	-1	
55.841341848867557	6.7564722053874222	-0.00015019240206380611	-1	
54.822272552793308	6.241554281830016	-0.00015013121318921643	-1	
70.551333012064887	22.327324296044235	-0.0001506291409798565	-1	
69.966743053338519	21.407265147412854	-0.0001506188680837768	-1	
68.924371061967861	21.08833743079045	-0.00015061714619384384	-1	
67.686312884216164	19.778702654864883	-0.00015059984803499735	-1	
60.692952807907623	13.702883030806571	-0.000150452086505338	-1	
59.322595611973021	13.347442284660875	-0.0001504201951198699	-1	
60.899370286774044	15.103457481840433	-0.00015047979871155609	-1	
61.577385735388447	16.391630523978737	-0.00015051215570881447	-1	
62.808165214040628	17.168982831481788	-0.00015053824086223817	-1	
63.781170970662941	18.16912591824196	-0.00015056247669510261	-1	
64.423198687201605	18.979249666826483	-0.00015057968647457258	-1	
65.637234101948238	19.833685232207998	-0.00015059802541113944	-1	
66.968839092574484	20.490016149190534	-0.00015060996825846021	-1	
57.406947209108239	11.219087002796538	-0.00015033186580168398	-1	
58.292113514107534	12.44749320708925	-0.00015037993011074034	-1	
55.727469534672387	7.902272586678345	-0.00015020576542275175	-1	
56.707010489711223	10.346675206622503	-0.00015029198909533178	-1	
55.598504557111426	10.197583454151493	-0.00015025014399415814	-1	
55.261231678156548	8.9389680281271495	-0.00015020733319844897	-1	
53.912761225269328	1.998096443163716	-0.00015004918396023314	-1	
54.869565217391312	0	-0.00015016689607484082	-1	
54.325140801935241	1.0151486391538422	-0.0001501014978100166	-1	
53.794513696954262	4.7064101083735412	-0.00015004966947266887	-1	
53.146836266861023	3.9997627851269435	0.00042965627063482298	-1	
52.436750471917208	2.4672522289290191	0.0011977644983581935	-1	
54.597159652243484	7.7817954234781173	-0.0001501495225121177	-1	
53.640789938380507	5.8740579797837151	-0.00015005475527715798	-1	
53.487066179806746	7.0417058511938908	-0.00015007156468612411	-1	
70.110711603482144	23.674630270679174	-0.00015065054432440979	-1	
69.693623117382984	22.79252297944943	-0.00015063933472083527	-1	
68.749701706618524	22.545362204289638	-0.00015063897529817445	-1	
67.802161714261331	21.26127033374199	-0.00015062141120514386	-1	
59.840721130982871	14.54398362172947	-0.00015045297426461872	-1	
57.869835307703049	13.282794523973035	-0.00015038813366321165	-1	
58.297144522332033	14.115533383811542	-0.00015041609279770114	-1	
60.147589320620192	15.768985611132937	-0.00015048218492288073	-1	
60.430157007195682	16.732446982675238	-0.00015050588092860556	-1	
61.521387027462247	17.846264113499565	-0.00015053978576030973	-1	
62.77188514987764	18.392379605302722	-0.00015056016803729062	-1	
63.06042990551736	19.581815536004306	-0.00015058442096147167	-1	
64.280724300118706	20.436862885298911	-0.00015060509077400092	-1	
65.532244314817973	20.925038176347542	-0.00015061626190999397	-1	
67.051263431993959	22.112981187665486	-0.00015063594945422285	-1	
65.953617594805294	21.937223269597006	-0.00015063396134685394	-1	
56.77212608236637	12.081732585676896	-0.00015033349092888698	-1	
55.895545491730445	11.466296372295549	-0.00015029282236737391	-1	
56.945013408933733	13.138740266317482	-0.00015036360858045435	-1	
54.623474960164721	9.8451313533837528	-0.0001502048557613881	-1	
54.483875044651242	10.872466285061956	-0.00015023023755020041	-1	
54.168937198144967	8.9133048560379731	-0.00015015927954193015	-1	
53.107142857142868	1.0710828462395066	0.00067834224490797321	-1	
54	0	-0.00015009996616042933	-1	
53.464285714285715	0.5801986901285503	0.00034775058623920065	-1	
52.410448013684075	5.789212511202269	0.00081280435451461653	-1	
52.19898756048282	4.1426589807408929	0.001209796540607012	-1	
51.886720698180277	3.2437698186122663	0.0016038714145819048	-1	
51.484076587367348	2.0847213536682139	0.0021636608414615757	-1	
52.392857142857146	0.70229979869217973	0.0014236220269982299	-1	
53.333342421232999	8.2093537226040638	-0.00015009700149356308	-1	
51.741038851110339	6.4880914928179205	0.0012160103038029552	-1	
52.05742506103487	7.4026625529610888	0.00083721863013700771	-1	
69.644363550487597	25.013249002229209	-0.000150674041436375	-1	
68.903793602229541	24.004706667394739	-0.00015066149403823392	-1	
67.81674741107939	22.658092236418067	-0.00015064338557645206	-1	
67.722204690853658	23.593064670108451	-0.00015065930043585784	-1	
59.170842350985566	15.536461054880547	-0.00015046309024213531	-1	
56.539713309350148	14.50509170696562	-0.0001503906179257907	-1	
58.166074837904041	15.175198136948479	-0.00015043845476231504	-1	
59.357472047565523	17.263141424602463	-0.00015050487618115658	-1	
60.339431536821095	17.925786206171445	-0.00015053046609381172	-1	
61.899138835750165	19.25047620850544	-0.00015057146957630577	-1	
60.707988079670592	19.051623059273396	-0.00015055897641445273	-1	
63.274140657497263	20.575119775248083	-0.00015060481299288095	-1	
62.299763580672838	20.863069266253991	-0.00015060746613518259	-1	
64.852429770380198	21.785227858484319	-0.00015063121198079883	-1	
63.458742397113745	21.649001902397419	-0.00015062688784805184	-1	
66.499107124469703	23.641357024919504	-0.00015066385347219484	-1	
65.439556692957581	22.922849273136336	-0.00015065245734824568	-1	
55.778787312586346	13.03220176123479	-0.0001503324474848124	-1	
54.746635113557112	12.478942690901537	-0.00015028832970817566	-1	
53.179618662659237	9.3770015940142386	-0.00015013286989385005	-1	
52.924712651896847	10.526808304394709	-0.00015016194537469544	-1	
52.669806641134457	11.67661501477518	-0.00015019575807289953	-1	
53.554421769260493	12.475888473394976	-0.00015025347247649208	-1	
53.642857142857146	0	0.00018977547966478881	-1	
53.285714285714292	0	0.00053992562914663726	-1	
52.928571428571431	0	0.00089939691744437124	-1	
51.043186078460941	4.3013894467025562	0.0021512758243201601	-1	
50.795841332702352	5.4415179497292963	0.002139807581050061	-1	
50.973737157074844	2.9754912828417579	0.0024748085397262335	-1	
51.321428571428569	1.0710828462395066	0.0024836749316643637	-1	
50.499042878709751	1.7832687984044819	0.0031767343823065537	-1	
52.571428571428569	0	0.0012647213597189019	-1	
52.214285714285715	0	0.0016358549831567315	-1	
51.678571428571431	0.58019869012855196	0.0021663587265783103	-1	
51.760997343610562	8.8772400148753281	0.00079139100637110667	-1	
50.787503920990162	6.6533536933434174	0.0018942865787911246	-1	
50.6549709565626	7.8579492251610024	0.0017230607328057321	-1	
69.152459976298459	26.34268929373853	-0.00015069949529394072	-1	
68.771063257618536	25.445845167521135	-0.00015068630894275465	-1	
67.857050664778825	25.107653174888434	-0.0001506852018876786	-1	
66.556939268345062	24.864040651849351	-0.00015068640523749547	-1	
58.535065347162714	16.47860574434165	-0.00015047560608899031	-1	
56.704923921523211	15.458217163412659	-0.00015041995094454934	-1	
55.190828563997023	14.044989138142791	-0.00015034833500533331	-1	
55.769372867314452	15.704158024334253	-0.00015041064497561455	-1	
57.499777540503274	16.009534138025526	-0.00015044829364261846	-1	
58.133415797615861	18.246682875327004	-0.00015051568797840742	-1	
58.92118142897214	18.968566438084075	-0.00015054221571644732	-1	
61.19323622977614	20.230315077681137	-0.00015058865039543914	-1	
59.765170422196306	20.073150962819881	-0.00015057650839537485	-1	
61.328079872026287	21.497831481355536	-0.0001506183647718278	-1	
62.182870153674941	22.282959416006157	-0.00015063848937105551	-1	
64.100965405657277	22.893377895741644	-0.00015065298965251533	-1	
62.911163414606968	23.507435237212743	-0.00015066625267360761	-1	
65.411377827654206	24.20273460309377	-0.00015067739957158648	-1	
54.546491977060882	13.381730038644655	-0.00015031188594440842	-1	
52.271140407496013	9.6924771844286326	0.00034695592715868541	-1	
51.873212708284697	10.567983400541406	0.00042864736395832723	-1	
51.696762909723297	11.605390258310667	0.0003534130878180186	-1	
52.414900630372067	12.826421725155651	-0.00015023485417927162	-1	
53.682219303134431	13.710538516995845	-0.00015030187991155753	-1	
49.885243768030044	4.4436639433009679	0.0031006282534296156	-1	
49.853389067233707	5.8813143019090157	0.0027787482462588073	-1	
49.934212367080789	2.7211353849144357	0.0034806296013864665	-1	
51.142857142857146	0	0.0027932760495165548	-1	
50.607142857142868	0.75882775816374315	0.0032921401299417633	-1	
49.892857142857139	0.68178063568776681	0.0040789804556397085	-1	
49.469243354565066	1.7572305508033388	0.0041963193301708217	-1	
51.857142857142854	0	0.0020138637373813767	-1	
51.5	0	0.0023997039611114174	-1	
51.227701306980919	9.7369223012557491	0.00094720752530922921	-1	
50.285466354081414	9.3686132058811893	0.0015881524014846218	-1	
49.521475736104577	6.8669464060413477	0.0027714702453730971	-1	
49.564448141102311	7.9615345994828584	0.002432962542110484	-1	
68.635181381555057	27.6624633162169	-0.00015072686820174165	-1	
67.933784806024534	26.626295215351814	-0.00015071244476382614	-1	
66.768829980779657	26.169697203359885	-0.00015071046741290582	-1	
65.807318174854203	25.655715996042385	-0.0001507048895358616	-1	
57.499929536871591	17.386226179395575	-0.00015048520304938016	-1	
56.486132530171389	16.697992080554474	-0.0001504516924545582	-1	
54.239135785637238	14.84048599302441	-0.00015035362149757331	-1	
54.796798859343539	15.639887516295767	-0.00015039088291795926	-1	
55.430296875156756	16.643855016327095	-0.00015043391415533514	-1	
57.177807050855847	18.724702217237706	-0.00015051887443446512	-1	
57.505240135207742	19.603014644180281	-0.00015054691225723803	-1	
58.331656758087973	20.045372767737629	-0.00015056579023040067	-1	
60.171350077023554	21.402602910418519	-0.00015061157445199217	-1	
59.102004744857339	21.001204964539671	-0.00015059631591011205	-1	
60.660004885090899	22.539914671546192	-0.00015064160455058624	-1	
61.863161555922247	23.301940477873998	-0.00015066160167905628	-1	
64.050155560919052	24.254641555294807	-0.00015068126115506275	-1	
62.201387314542238	24.756787135493692	-0.00015069585078740822	-1	
64.76120103870538	25.026806742294465	-0.00015069589170008894	-1	
50.864374020105075	11.096454303978382	0.00086784178240833186	-1	
50.889213093472208	12.147011933463894	0.00064680816038755254	-1	
52.159994619609691	13.97622843553612	-0.00015027697793282873	-1	
50.991377989455628	13.113993359734145	0.00044079350950379574	-1	
53.039867344890531	14.523800664128849	-0.00015031739483628998	-1	
48.53534002253069	4.3920846759640018	0.0042357972150408102	-1	
49.076714600365648	3.3614527217882162	0.0040731428756336221	-1	
48.884787501827383	5.5025688576196305	0.0036387497963507182	-1	
50.785714285714292	0	0.0031902578770875156	-1	
50.428571428571431	0	0.0035946360138013472	-1	
50.071428571428569	0	0.0040074205320222954	-1	
49.714285714285715	0	0.0044315236573021491	-1	
49.189586884215956	0.63569882136135214	0.0048443895793159305	-1	
48.623277173888972	0.96958698756832407	0.0052861461679606682	-1	
48.249293785761743	1.9321233712489516	0.0052777418636631799	-1	
50.251480170673361	10.340901304011984	0.0013569695473176796	-1	
49.331508437148415	9.6541922849862623	0.0020572730790048644	-1	
48.84343350013387	8.7862211025384092	0.0026405158544646149	-1	
48.451597109749365	7.7161117440511511	0.0032805213767460946	-1	
48.084294339143383	6.4181617867272021	0.0039874607256924809	-1	
68.092717578087345	28.97208678764515	-0.00015075600784540547	-1	
67.735778724943756	28.057078205774641	-0.00015074102377776223	-1	
66.76907710409688	27.88348665634847	-0.0001507444203515017	-1	
66.001252929018406	27.026702629988257	-0.00015073185147741966	-1	
64.801198941674159	26.075722809123796	-0.00015071800658963163	-1	
56.585887503197533	17.874249116870331	-0.00015048737043689463	-1	
55.57848510242529	17.631804010211461	-0.00015046730975943319	-1	
53.218057725935473	15.544711799498732	-0.00015035878419382954	-1	
54.436158370419925	16.545409099104848	-0.00015041517361522811	-1	
54.355558805643774	17.773924767351588	-0.00015045556638209554	-1	
56.424245882512594	19.342701780034584	-0.00015052957579097753	-1	
56.813875349037261	20.235991639412653	-0.00015055995649711459	-1	
57.983020914930684	21.222447216542395	-0.00015059643008389888	-1	
59.009221866137445	22.138070956257696	-0.00015062636806952658	-1	
59.703294261777849	23.325386724955241	-0.00015065999095974103	-1	
60.991865572188857	23.91949962536707	-0.00015067636533600784	-1	
63.366664041307033	25.597496614458706	-0.00015071266274351266	-1	
61.371299081447653	25.352016108661211	-0.00015071187629226999	-1	
61.975256770703702	26.175775245064948	-0.00015073063132701501	-1	
49.328998648207943	10.649975804964948	0.0017408867355779782	-1	
49.916901676750882	12.136949446876459	0.0010820147379705374	-1	
51.805846345317022	15.099443261548622	-0.00015031553351239161	-1	
51.010202287986992	14.266051243487277	0.00025603043279112664	-1	
49.366030600230992	13.561009732786502	0.00099949787943304311	-1	
47.766810379954435	5.2441500103836578	0.0046092605187574368	-1	
47.501327009507307	3.8571961386102038	0.0052640373990627274	-1	
47.875310397634522	2.8946597549295787	0.0052702489762834108	-1	
49.357142857142854	0	0.0048537287315337024	-1	
48.997260562016187	0.0070506038876992734	0.0052923229142543349	-1	
48.112679671222992	1.2162566176909115	0.005282819027453067	-1	
48.236780864343523	0.66180914006941893	0.0052875332864476291	-1	
47.224452956923336	2.0084432000299217	0.0052737229568858195	-1	
47.511027683058295	1.2577503837613169	0.0052804930081662323	-1	
47.888997667628267	10.121949824583801	0.0026305661633624269	-1	
47.692620530067295	8.6008152875124591	0.0034167889091329287	-1	
47.358472604802358	7.3940114294969268	0.004211281206534777	-1	
46.379376845125662	6.7448052896520787	0.0052587367908197031	-1	
46.753360233252877	5.7822689059714536	0.0052584224797499754	-1	
67.525267619264753	30.271079150679164	-0.00015078683890640772	-1	
66.808522415822551	29.184539010922517	-0.0001507707306932572	-1	
65.622763876572122	28.569364715319455	-0.00015076667368805701	-1	
64.919656873741431	27.418854137533835	-0.00015074628799441645	-1	
64.120977584773314	26.812504550318835	-0.00015073710340550374	-1	
55.064965891247013	18.545656242960508	-0.00015049015331612404	-1	
53.232029665346282	16.76942071481967	-0.00015040414351968041	-1	
52.166940848050281	17.065611942902098	-0.00015039895879916362	-1	
51.451698071024374	16.222658087561115	-0.00015035400576628063	-1	
54.016610509394916	19.168361469262017	-0.00015049979845838809	-1	
53.143693773117263	17.991019631200004	-0.00015044752680359497	-1	
55.464958575752256	19.514590572980801	-0.00015052571339190391	-1	
56.58735348106827	21.690527505729165	-0.00015060271944259594	-1	
55.460187846475634	20.745277333929391	-0.00015056579667880221	-1	
57.51290517843826	22.135470383376489	-0.00015062053100441916	-1	
57.811106090856889	23.11816887462712	-0.00015065062069698391	-1	
59.526080027756748	24.437420891831366	-0.00015069004126080096	-1	
60.36258517719692	25.191267035284817	-0.00015070947760399355	-1	
62.889634400492511	26.412791609252018	-0.00015073318581470434	-1	
60.73945995871437	26.448545493574674	-0.00015074187654556546	-1	
62.260786795635539	27.764249809739308	-0.00015076890391067674	-1	
48.329886476728582	11.147139555195432	0.0020442140813991001	-1	
48.968821236137977	12.588779494975244	0.0013688028839903108	-1	
50.793588306746678	15.397718201944652	0.00017758647555335595	-1	
49.926368984769063	14.64515784446148	0.00059522205754615714	-1	
48.831564615931974	14.991307866910876	0.00089901100770551116	-1	
47.831473654673367	14.287385787165622	0.0013497869681058047	-1	
46.078154052383503	5.0112144651043415	0.0052584885346644936	-1	
46.65130350465342	3.5098288325671314	0.0052633517631648571	-1	
49	0	0.0052923453420824799	-1	
48.290666666666667	0	0.0052925014210667186	-1	
47.654315046125788	0.882403975627012	0.0052842851267519099	-1	
47.899377784287672	0.69084437841266566	0.0052866076257212461	-1	
47.908207536562244	0.57981248301832	0.0052876050331228316	-1	
47.911224309473575	0.4236039551095731	0.0052889658641050346	-1	
46.393706936889835	1.4708801605553796	0.0052768507747297574	-1	
45.892415984349753	2.6188982965328158	0.0052671462752203217	-1	
46.997716132735704	0.49999039006094453	0.0052874276422194451	-1	
46.916310732765233	10.121710573220014	0.0030547582223938749	-1	
47.233748697625181	11.381800138529151	0.0023912041031834883	-1	
46.679994763909924	9.1781668840574859	0.0036777863196474705	-1	
46.377869523127181	8.0409385620538281	0.0046777130166337066	-1	
46.192385151062055	7.2260734814923921	0.0052590701401115129	-1	
46.22087173628767	7.6872031459279366	0.0050448686204123553	-1	
46.215873083714989	6.1931733985607318	0.0052584933953164856	-1	
45.935584410932371	6.6898761287293116	0.0052588875676682634	-1	
45.791579326248545	5.7619072813729462	0.0052580145968168365	-1	
66.933039726954931	31.558963748987068	-0.00015081929708625854	-1	
66.168415710444506	30.386464226537004	-0.00015080147317833432	-1	
65.5454183452118	29.583066495764072	-0.00015078931132850258	-1	
64.287539555087832	28.609846052907049	-0.00015077675876921606	-1	
63.239338462390315	27.290271110917352	-0.000150752495226629	-1	
51.097549796731712	17.345872913573611	-0.00015039520739895416	-1	
51.951697924241401	18.27097472800693	-0.00015044330429847644	-1	
49.945099456003931	16.025174134169227	0.00037825046570263006	-1	
49.987456514255662	17.151380309159606	0.00021996473706274738	-1	
52.80258949801226	19.054502831280889	-0.0001504828043494357	-1	
53.78122440101064	20.36477451896566	-0.00015053952763416717	-1	
55.271062049988075	21.961354673795118	-0.00015060448942857637	-1	
56.045854811933843	23.059383208275985	-0.00015064362531414351	-1	
54.367349138277291	21.311242192640012	-0.00015057702395934708	-1	
57.384898660597287	24.211133790504789	-0.00015068249760308256	-1	
58.496694091825994	24.893917844666245	-0.00015070294959798871	-1	
58.866612958473752	25.853094698339188	-0.00015073012376390249	-1	
59.493120431209654	26.668170517591573	-0.00015075155037193837	-1	
60.448301672209624	27.51306216383399	-0.00015077108474785417	-1	
63.030219429604557	28.532489741810672	-0.00015078317688890767	-1	
61.281518525291368	28.236746186595933	-0.00015078596920154553	-1	
62.050951159260386	29.00498611866729	-0.00015080101878886526	-1	
47.989312129933261	12.209874724485688	0.0018344805858984089	-1	
48.53415941403874	16.589166595650791	0.00073324688713658989	-1	
47.913876497129252	15.799724060311508	0.001035314015474322	-1	
46.759057714118704	13.596866027311078	0.0018228649105032841	-1	
47.082007454136829	12.644210409040681	0.0019991781234493401	-1	
46.545365947933938	15.150774017852273	0.0015168579502104146	-1	
45.409432575703214	3.6849163618033889	0.0052614089792869852	-1	
44.981697690484708	4.8638743402881284	0.005258839282749104	-1	
47.775694790277278	0.13528473932568436	0.005291446209615653	-1	
47.581333333333333	0	0.0052927402731852199	-1	
47.725958727659531	0.69473077155985952	0.0052861840088483693	-1	
47.395226066147011	0.49999063425258011	0.0052876999019017016	-1	
47.798404876146336	0.56111964787542967	0.0052875699412302289	-1	
47.761780568426403	0.60089416952628327	0.0052871340857839058	-1	
47.820144464397039	0.51161467043670861	0.0052880622773700181	-1	
47.764300844334294	0.37181912294811204	0.0052892822454252836	-1	
47.796518061075716	0.47730591755090601	0.0052883434061512854	-1	
45.407675751806181	1.5536779458707333	0.0052777126301698533	-1	
46.202696265913076	0.49998990167767332	0.0052884035765173327	-1	
44.299311435497145	2.2705075313783318	0.0052756666187954377	-1	
46.871999999999993	0	0.0052934750596532344	-1	
46.255118142550927	10.835113887720414	0.0029270597691002779	-1	
45.850608054096298	9.8484416319170514	0.003545332422641751	-1	
46.084521010991772	12.514325624166712	0.0023105493169536008	-1	
46.025267456007001	8.2004654624713904	0.0047061835197954897	-1	
45.474861766587871	8.5459428580885248	0.0045010085629573256	-1	
46.058001151558557	7.8230824752343509	0.005107756603465974	-1	
46.098889304030251	7.4667075774125466	0.0052591466882539696	-1	
45.790740854956454	7.2084992766069096	0.0052592492223650228	-1	
46.052141380514342	7.587024625372627	0.0052591576580490358	-1	
46.028767418756388	7.6471831493526663	0.0052591393518793004	-1	
46.025168724469815	7.7190826373684125	0.0052307339944543839	-1	
45.648291963181066	6.1372536895072489	0.0052584020411522445	-1	
45.703361581760852	6.44338791175268	0.0052587767048740547	-1	
45.635955519943117	6.5320584770508967	0.005258924933159004	-1	
45.558081576558308	6.6283510763246056	0.0052590987597869012	-1	
45.086352311434993	5.9652249094726049	0.0052587802626584412	-1	
66.316251215118172	32.835268002155033	-0.0001508533434118715	-1	
65.340248806459073	31.467436195342415	-0.00015083293052047309	-1	
64.665982009614126	30.093130572649052	-0.00015080786977087062	-1	
62.819219598512575	29.774390288590034	-0.00015081475513204745	-1	
63.678207150026459	30.306853465093955	-0.00015082081276324296	-1	
50.743401522439058	18.469087739586108	-0.00015043816967941751	-1	
51.80066505138663	19.547956017108199	-0.00015049129840961895	-1	
49.061379726241704	17.793654589877711	0.00041644798163425394	-1	
52.704076294097895	20.166997232167347	-0.000150523043602714	-1	
53.006206505792939	21.460934821531225	-0.00015057343443820108	-1	
54.894991827002713	23.064506056772046	-0.00015064011802339833	-1	
53.986905472518821	22.357476335712533	-0.00015061157987338164	-1	
55.508076483142602	24.878136578354326	-0.00015070252024013475	-1	
56.52657538670902	25.010825129991282	-0.00015070703793965668	-1	
54.717072664750866	24.222957803063796	-0.00015067938895340269	-1	
57.536678001634961	25.37439993055278	-0.00015071791454059142	-1	
57.970257802835512	26.356490804288217	-0.00015074690970032822	-1	
59.192047441506027	27.579183720179028	-0.0001507785564562122	-1	
59.7448324657258	28.363415010944752	-0.00015079793718656342	-1	
60.814130946975062	29.474292949659482	-0.00015082170084602161	-1	
62.144817116620153	30.532052201134174	-0.00015083916947724514	-1	
47.837802700146327	17.31239390475189	0.00082859989130738842	-1	
46.944194385441783	16.509205540540194	0.0011832351576176695	-1	
45.600987389475293	14.131437455172335	0.0019456034696771749	-1	
45.743137484416522	16.475893545496941	0.0014762887768156644	-1	
45.015144756098863	15.391471700187592	0.0017884267112913803	-1	
44.214755137048591	4.0665508264882977	0.0052645739206473568	-1	
43.655418231643154	5.0850671944712849	0.0052657343504680766	-1	
44.112852222083433	6.1532373634929014	0.0052629418785697518	-1	
47.658396637021049	0.34100172910161503	0.0052894680306560735	-1	
47.593981032852675	0.49999075634839796	0.0052878837135843394	-1	
47.797602409193267	0.50705756749270947	0.0052880695147175987	-1	
47.693358516205507	0.4999908173963068	0.0052879983447134066	-1	
47.800300094722225	0.49999088309086376	0.0052881395457524284	-1	
47.74304727013228	0.48004896390602891	0.0052882488814926182	-1	
47.792735999558332	0.49999087844421569	0.0052881287338692037	-1	
43.817636191027752	1.2722738994961715	0.0052910419179819377	-1	
44.612656532267827	0.49998892491113095	0.0052957010316112109	-1	
46.162666666666667	0	0.0052952198720600356	-1	
45.453333333333333	0	0.0052985924500527195	-1	
43.560378112185973	3.1068371255276963	0.0052750375022299675	-1	
42.661430918332371	2.4455024228147106	0.0052895710276449869	-1	
45.295361242861198	10.77131255146635	0.0031820612242444554	-1	
44.78939966081596	9.9532619451441455	0.0036728254768102664	-1	
45.10549610579546	12.406172633617137	0.0025546017318114986	-1	
45.883416173390614	8.0405871907517437	0.0048918344156206415	-1	
45.410770444223004	8.0763026928670492	0.0048593814656037217	-1	
44.296253442771665	8.4675930322066311	0.0045674536180608741	-1	
45.933798798600399	7.8328747952984497	0.0051205728695601299	-1	
45.993204589482424	7.7353593876929683	0.005239707389280015	-1	
45.94467557789114	7.5798900335550909	0.0052591896321876851	-1	
45.596276443699132	7.6070625039281312	0.0052594082890312938	-1	
45.79580857083603	7.6597616174397514	0.0052592620243922293	-1	
45.389093936782906	6.9248201313000255	0.0052595266102181855	-1	
45.197212189425358	7.5016642769048909	0.0052598432745536118	-1	
45.985014860033736	7.6797526564430978	0.005259122431503639	-1	
46.005393456998441	7.7073416733327047	0.0052590785142828857	-1	
46.002654019014621	7.7143922772204041	0.0052590136361226761	-1	
45.576648281647337	6.324926893574399	0.0052586764340275642	-1	
45.398600283613149	6.3107133465472343	0.0052587796265687855	-1	
45.541628907833513	6.4728255759906927	0.0052589047997666271	-1	
45.540826440880465	6.4187634956079753	0.0052588252644215124	-1	
45.524848969788408	6.5242238849873955	0.0052589917378722296	-1	
45.43828828709222	6.6245294216571571	0.0052592133308291891	-1	
45.492865163284421	6.5406373512401714	0.0052590429790529934	-1	
44.803922554417873	6.3354876386702541	0.0052602843456595397	-1	
45.149457720585104	6.4266127762589305	0.0052594059827915209	-1	
65.675128410065497	34.099523579097379	-0.00015088868157785826	-1	
65.182552990432058	33.055042015153433	-0.00015087049527842287	-1	
64.152612685118427	32.532743969075995	-0.0001508692982144745	-1	
64.065083286064436	31.24050409747888	-0.00015083969311775945	-1	
63.225143160167399	31.946481459139772	-0.00015086452493758045	-1	
62.204146919760184	31.544648001916542	-0.00015086417620464954	-1	
49.193429802653341	19.101827117931968	0.00021939550827520019	-1	
50.292706266824062	19.557162338189023	-0.00015047724743182941	-1	
50.867456974586744	20.432611219315781	-0.00015051739647827488	-1	
51.83499711825695	20.833379468964399	-0.00015054120650575027	-1	
48.107058459046549	18.882494894451639	0.00055461833017737263	-1	
51.99225199806726	21.923469409458985	-0.00015058445456780478	-1	
52.777667582282838	22.695575319074337	-0.00015061814022428004	-1	
53.827819104204657	23.495382179778559	-0.00015065166356873852	-1	
55.083380577135763	25.81332621458996	-0.00015073462989941347	-1	
56.668690940342337	26.200939711988919	-0.0001507451553022144	-1	
53.59840056165924	25.136356846973229	-0.00015071120637572417	-1	
58.280811984714916	27.879583358501741	-0.00015079149751672525	-1	
56.7634858249518	27.395754960770002	-0.00015078294753482718	-1	
59.610713019435657	29.400166671407966	-0.00015082783211713163	-1	
58.567575387928201	29.46876632942049	-0.00015083688662036963	-1	
59.879449612672261	30.410425388174122	-0.00015085421003551431	-1	
61.153754243535587	30.748072253203578	-0.0001508528891601651	-1	
47.219983857893105	18.218109484877282	0.00088188671973927449	-1	
46.269816908789871	17.67111441839419	0.0011996549151312454	-1	
44.400666776776688	14.387771170432782	0.0020830516267975911	-1	
44.551550789087642	13.220624240808709	0.0023793185045808416	-1	
44.184882461455132	16.225277696555036	0.0018002442015706071	-1	
44.710646074936875	17.275834568584418	0.0016103488427678229	-1	
43.959283564110741	15.910822314646458	0.0018601041201366084	-1	
43.723459716834213	15.540924078708201	0.0019310712341410749	-1	
43.149919226860405	4.1446199302643292	0.0052731403675113754	-1	
42.730711557414537	5.7887368131381951	0.0052741659289799181	-1	
42.209618977836456	4.9619520813050153	0.0052807848655411719	-1	
42.802826663782696	6.8692749147654526	0.0052723930413540992	-1	
44.399083680877801	7.2908678228584121	0.0052618535320292318	-1	
44.899602295610265	6.8535282941666109	0.0052604094883998377	-1	
43.022616798622572	0.49998794814458858	0.0053100226573167143	-1	
44.744	0	0.0053023772204187835	-1	
44.034666666666666	0	0.005308241198646221	-1	
42.093246329526352	3.9916078763915785	0.0052859266031050553	-1	
41.70689276105248	2.9721702694294727	0.0052985829175940125	-1	
41.813600082172911	1.6201705596579989	0.0053108921242354121	-1	
44.68556795095791	11.515191612980788	0.0029628274334317457	-1	
43.779001637373376	10.670510182550759	0.0034314267190580314	-1	
43.93121066334438	9.4134444998399243	0.004036306734943605	-1	
43.524317557565681	11.852686765705124	0.0029614662614373703	-1	
45.819673479800223	7.8365780802644496	0.0050947082544371101	-1	
42.959543445334859	8.2197114220732708	0.0046271281113080135	-1	
45.940284269453038	7.7188737366252891	0.0052384170590125583	-1	
45.995340697972914	7.7124607309513715	0.0052590826156262279	-1	
45.895574634404468	7.6861111741955606	0.0052591892710325593	-1	
45.338206144915162	6.6248117530186876	0.0052593398869734071	-1	
45.322225303668716	6.4721753450532686	0.0052591548304422205	-1	
45.48459026837773	6.4851435573049887	0.0052589658898474275	-1	
45.408609095210522	6.4949566294504377	0.0052590655982121658	-1	
45.505004600113587	6.5126000976415508	0.0052589900741073121	-1	
45.502306914584636	6.5196667820433962	0.0052590030270597025	-1	
45.446929173692588	6.5248205957062577	0.0052590671555121588	-1	
45.494992886752335	6.5177379138476086	0.0052590059113393761	-1	
65.0099065674098	35.35126656990748	-0.00015092545373414289	-1	
63.994916869091419	34.120349788887012	-0.00015090880782244387	-1	
63.550372008615319	33.274558628056958	-0.00015089349950803791	-1	
62.599549706667332	33.180114089663789	-0.0001509015142316379	-1	
61.241552357166967	32.121506119495251	-0.00015088839071841529	-1	
61.545929521577868	33.131379902316425	-0.00015091161346993356	-1	
49.088385778411038	20.053949677190126	0.00013621970550647771	-1	
49.842011011209074	20.645236936791939	-0.00015051683809563592	-1	
50.91883937556603	21.676871523323122	-0.00015056788189403777	-1	
47.082817601122962	19.305862329933845	0.00079429902846224172	-1	
48.223986017612333	20.466726455132466	0.00033555721000528378	-1	
47.304590516956274	20.229187605937089	0.00062701245207987812	-1	
51.110860321872352	22.90729901466036	-0.00015061859894197768	-1	
51.70775392324245	23.802236183447487	-0.00015065687820651604	-1	
52.773122329390567	23.951181363344915	-0.00015066565908507102	-1	
55.633715403249731	26.912141415606357	-0.00015077088967620109	-1	
54.50927178464319	26.788088572177895	-0.00015077002253643105	-1	
52.196451855928231	25.483149168326005	-0.00015072435630243024	-1	
53.393881765902563	26.59922972149441	-0.00015076567588549286	-1	
57.740334216728343	28.797575278277883	-0.00015082212472999028	-1	
56.691983415270712	28.986747103730785	-0.00015083435369202933	-1	
55.55502038054432	28.138546878828045	-0.00015081277866987324	-1	
59.256107978897994	31.254373290890669	-0.00015088343719135667	-1	
57.458622682102579	29.990165777976419	-0.00015086081264475417	-1	
58.252552204766218	31.560442993904225	-0.00015090157720843683	-1	
60.244331576918313	31.606817577568453	-0.00015088404878424333	-1	
45.950188178096084	19.379931829527138	0.0011020894351617063	-1	
45.037607642655587	18.705000375962189	0.0014105599821537403	-1	
43.22686051488607	14.303055174019494	0.0022106490432090751	-1	
43.154984787718789	13.051091205994631	0.0025712338253869294	-1	
43.798940282399784	16.254012416325459	0.0018492367249521528	-1	
43.872050681651238	16.453122659718595	0.0018321038829067922	-1	
44.293040073049546	18.123357293158723	0.0016457236850630599	-1	
43.616815742961016	16.838229370945548	0.0018608456330998877	-1	
43.538121204396631	17.348515698144467	0.0018620210293567115	-1	
43.756497613945896	15.978355318160725	0.0018727434612628485	-1	
43.295006078362093	15.635078587758644	0.001934547563293936	-1	
41.348570892745634	5.4242362627834879	0.0052926694470401296	-1	
41.206569646687583	6.4476820066724931	0.0052924577500171807	-1	
40.819145389697994	4.0213882824785987	0.0053057018538293071	-1	
41.857492211875474	7.2158372671298139	0.0050169739487465398	-1	
42.616	0	0.0053235885654134962	-1	
43.325333333333326	0	0.0053148890327497124	-1	
41.906666666666666	0	0.0053339100714765121	-1	
41.432577064977323	0.49998697137804621	0.0053333233376583232	-1	
40.637555809856373	2.7599425634913866	0.0053188885842010356	-1	
40.63755658990862	1.490126277248544	0.0053334533026923679	-1	
42.968985624841935	9.7328411261762522	0.0038944439738861814	-1	
42.572952939618673	10.893663709620576	0.0033929481260980793	-1	
42.34013702830481	12.097884498943946	0.0029301077916011921	-1	
41.600383801279911	8.1893145166020673	0.004559786646694243	-1	
41.995851736136828	9.2171779342548632	0.0041162768457926515	-1	
64.122958190255758	35.668932019681513	-0.00015094411101752034	-1	
64.320829785740457	36.590037656086302	-0.00015096330394478679	-1	
63.34217305917339	35.141709731839818	-0.00015094128368108633	-1	
62.578180208262388	34.309573645168705	-0.00015093002942499848	-1	
60.387432016755497	32.8494017327846	-0.00015091667505438171	-1	
61.221256312409004	34.134912573778777	-0.00015094156592348435	-1	
48.924443634270084	21.539926770848552	6.7439552427159514e-006	-1	
50.042386441637888	22.443848249736813	-0.00015059397410526585	-1	
48.940620499979097	22.821386133997763	-0.00015060333637968324	-1	
47.609160809895151	21.256252905069196	0.00042066474548685276	-1	
46.663319237838778	20.92953319068986	0.00073528278581111884	-1	
49.782947661992573	23.812947716019526	-0.00015065044823527618	-1	
50.888308147545985	24.499160231049885	-0.0001506829499184756	-1	
54.027019784370523	27.997063612267745	-0.00015081527908312754	-1	
51.622210883328997	26.430115041674757	-0.00015076280884441349	-1	
50.934177374142635	25.586672114129883	-0.00015072828933987835	-1	
51.708966635357839	27.534185012006706	-0.00015080726265630383	-1	
52.649387782718271	28.105699251262706	-0.00015082593824832693	-1	
55.81188050956311	29.562012141029061	-0.00015085915256484795	-1	
54.786221611713252	29.330636228207165	-0.00015085832128376253	-1	
59.303067617986152	32.994820728642047	-0.00015093235863646549	-1	
56.556640061339678	30.819660106199382	-0.0001508943362436159	-1	
57.578282861486841	32.347447358070269	-0.00015093204627976612	-1	
58.221536708682343	33.159998590037212	-0.00015094916275664545	-1	
45.133279765064231	20.167965042909639	0.0012632738720987509	-1	
43.791403079421571	19.47726519991674	0.0017005320981432965	-1	
41.980107734270987	13.23054439765744	0.0025508664990892935	-1	
41.651851063223283	14.372817174462011	0.0022068572730733877	-1	
42.466689672866032	14.955050435306299	0.0020684601109161372	-1	
43.696274049560294	16.183430841908944	0.0018609351023099992	-1	
43.698963269793296	16.297584557596672	0.001858506705238168	-1	
43.718506647540103	16.327662704362478	0.0018569222185209776	-1	
43.675836646884299	16.455514625546364	0.0018603969743612504	-1	
43.656163012243198	16.583086207346092	0.0018605117203282769	-1	
43.685673464204847	16.3917288346465	0.0018603611047309579	-1	
43.380732127267855	18.369088352542306	0.001865448786189832	-1	
43.145146796517352	17.042019912206907	0.0018612135111140515	-1	
43.260194476805886	16.652626930774918	0.0018604423059936017	-1	
42.99625279085857	17.190716848140145	0.0018615740400561246	-1	
43.108322142811708	17.734026009270089	0.0018634224528486724	-1	
43.599290266747381	16.123161043650835	0.0018676678263572957	-1	
43.291064970185502	16.210228845271747	0.0018599699498921837	-1	
42.892766074730503	16.101974260250824	0.0018590767023280662	-1	
39.966430228076732	5.0597357124287798	0.0053183902424035088	-1	
39.610312629592471	6.0260890985795346	0.0053219476980992837	-1	
40.043061770319035	7.6203039370202541	0.004697006701304839	-1	
39.383813386436643	6.9434144819220593	0.004926856476999004	-1	
39.585676469521594	3.7008036596142313	0.005332896003467937	-1	
41.197333333333333	0	0.0053456682521125613	-1	
40.488	0	0.0053598933261020977	-1	
39.842537331332068	0.49998599461150384	0.0053657166988346824	-1	
39.686202273618065	2.7547619308418905	0.0053391543924480303	-1	
39.047517113392082	1.071555609828734	0.0053771225030724177	-1	
39.046347330091159	2.0507121874913374	0.0053627803188740497	-1	
41.144417528565796	9.9157177563314356	0.0037901869100259839	-1	
40.864981063176437	11.163622255046551	0.0032776575719683661	-1	
41.147231480604084	12.345617599396386	0.00283987136962749	-1	
40.487746517784338	8.8188670996547796	0.0042202909461621684	-1	
63.039607944537259	36.315466506414552	-0.00015097390968066133	-1	
63.608150917052953	37.815382279086194	-0.00015100237467602102	-1	
62.891471369581325	37.229328639203054	-0.00015099830571279233	-1	
62.148866635953418	35.354478138227634	-0.00015096161493505285	-1	
59.5426425506245	34.062339667736772	-0.00015095948278688815	-1	
60.354562792002099	34.732080015407128	-0.00015096790230960033	-1	
60.898923288858242	35.632878694979205	-0.00015098480901095903	-1	
47.961329784506475	22.192916699883202	0.00020555684443215698	-1	
48.39680832607425	23.866039600498318	-0.00015064642354454437	-1	
47.350164957005184	23.206961577808649	0.00025047299383034171	-1	
46.801565690889547	22.098410709681186	0.00055960320089636247	-1	
45.018675732198936	21.257303964589777	0.0011972118575652546	-1	
45.571849192847601	22.202709958367166	0.00092586567995887967	-1	
49.419074209823769	25.062069619443658	-0.00015070390995502165	-1	
53.557766789704331	29.147101773682955	-0.00015086028627898506	-1	
50.714039208270464	27.06392989517715	-0.00015079115983600953	-1	
49.983484597497032	26.116737512191921	-0.0001507509862834063	-1	
51.349327552509195	28.574223564255067	-0.00015085225080130731	-1	
52.478342434691058	29.761617198646924	-0.000150891723923967	-1	
55.320988726891954	30.491816553515196	-0.00015089431135155106	-1	
53.793052390674291	30.815678410287742	-0.00015091968041548828	-1	
56.184220465489403	31.745382631505272	-0.0001509276728876873	-1	
56.589332190586006	32.657272449093576	-0.00015095233773735565	-1	
57.224147056891432	33.497222580013862	-0.00015097099674317931	-1	
58.239377799505519	34.759755372050009	-0.00015099563557702535	-1	
44.136924384891543	20.607451725878676	0.0015264083134344803	-1	
43.06595397301033	20.410233661337973	0.0018709482823102807	-1	
40.261319376405019	13.622425894078042	0.0023745105943763743	-1	
41.409178268665933	15.265678257532866	0.0019566041764935145	-1	
40.68700161841538	14.49718029753253	0.002128174951322817	-1	
42.096168283820482	15.885465090208974	0.0018551020590131531	-1	
43.644890102737612	16.285401390204516	0.0018601140052614293	-1	
43.696663160583164	16.320467322675952	0.0018603435524045351	-1	
43.689363865640502	16.31848343029267	0.0018603442673647997	-1	
43.695510281525401	16.327943043746632	0.0018603433467857811	-1	
43.579201235865682	16.407960461994367	0.0018603530593443935	-1	
43.664067390415688	16.341646534756105	0.0018603422621521395	-1	
42.410459201409168	18.699237995599351	0.0018671637562108353	-1	
42.53762461662803	17.905831583204773	0.0018643472792325422	-1	
42.768631531145665	17.038720370980105	0.0018608607037771288	-1	
42.770518469662221	16.697476818047743	0.0018598115141623432	-1	
43.490214417913009	16.264356137782208	0.0018602099587997464	-1	
42.787926044772796	17.161049179840013	0.0018613272713362569	-1	
42.80196612402699	17.271543172864998	0.0018617629020857862	-1	
42.601207324237457	17.509128377007485	0.0018626613081301035	-1	
43.589789141776762	16.291419784037441	0.0018603025921720979	-1	
42.310960354899869	16.514471539501415	0.001857894191544003	-1	
38.584289563407829	4.6952351620740718	0.005350851559041748	-1	
38.699739731294592	6.2410354469531431	0.0051596095802951564	-1	
38.014055612497359	5.6044961904865742	0.0053599289051984517	-1	
39.31465015934937	8.5723293776262217	0.0042521986896897832	-1	
38.460827852508935	7.1456160403603075	0.004776872068278433	-1	
38.195092780167904	3.2634760134905219	0.0053709252894826864	-1	
39.778666666666666	0	0.0053751465753997599	-1	
39.069333333333333	0	0.0053940892503239208	-1	
38.252497597686819	0.49998501784496147	0.0054093370234459268	-1	
37.457477217138326	1.3362586085352597	0.0054218118112677365	-1	
37.018234760182786	2.4032529796456092	0.0054174609770845485	-1	
39.778936364808132	10.488450210861641	0.0034981331288055492	-1	
39.963518626890831	12.0706591076985	0.002897566795144739	-1	
39.065315574404721	9.6470543827948401	0.0037972465394263181	-1	
61.735658136954363	36.444437906006605	-0.00015099465434857855	-1	
62.872131473966618	39.026850807108005	-0.00015104251716729076	-1	
62.03141356807015	37.571949450952978	-0.00015101898983565997	-1	
59.621844554772068	35.538352783759443	-0.00015099930113627569	-1	
60.510156852927679	36.853012252931336	-0.00015102223374902733	-1	
47.261855419278668	24.159092180392481	0.00014210299233966814	-1	
47.852996152169396	24.910693066998881	-0.00015069182774093056	-1	
46.122114685297703	23.059521040072379	0.00064779815440863507	-1	
43.56046779487432	21.531340457237551	0.0016466312784462272	-1	
44.184337860709213	22.585954371796763	0.001345704227468401	-1	
45.238689795883808	23.565957419767049	0.0008661548985157702	-1	
48.787320619835555	26.12540862818765	-0.00015075177847159916	-1	
49.834788971024935	27.949122666496883	-0.00015083328781614636	-1	
48.734376295437372	27.361126777481282	-0.00015081010995869319	-1	
50.318132976904373	28.925358632156509	-0.00015087370828804883	-1	
51.297543162010314	29.753911942697979	-0.00015090143106195856	-1	
52.925638412562762	31.416676371579513	-0.0001509508916618243	-1	
51.876383156497852	31.529232875257858	-0.0001509670599775915	-1	
55.186551422443259	31.763131709773305	-0.00015093864273087466	-1	
54.074055668655724	32.506317174734434	-0.00015097688837864326	-1	
55.618349289261538	32.633154733089867	-0.00015096283980770624	-1	
56.302025987426475	34.005355308898935	-0.00015099829923880933	-1	
57.506653879674111	35.420888159380162	-0.00015102484820967511	-1	
58.161667546904091	36.159087320120655	-0.00015103676231395321	-1	
42.156128370971444	20.286050820388503	0.0018713584054730907	-1	
41.901797540533728	21.872863645177649	0.0018727770720981893	-1	
42.751175818752799	22.451378970133646	0.0018723884020552116	-1	
39.358423188361904	14.10119303387726	0.0021470682507854846	-1	
38.918251537799364	12.790059252131709	0.0025707465324267017	-1	
40.502972702000463	15.452446750125279	0.0018370219891337466	-1	
41.279469339459517	16.727566238741282	0.0018526150282689793	-1	
41.168180362897239	19.513485107709005	0.0018675437539468745	-1	
41.387230075455562	18.278610105737599	0.0018633548154953323	-1	
42.028538920414249	17.377139844826523	0.0018610376021396902	-1	
42.662976671931325	16.982133376273573	0.0018605116061596681	-1	
42.68778765378029	17.11228086051792	0.0018610507314571903	-1	
42.668295597964494	17.082074478526845	0.0018609075717264752	-1	
42.576444160021595	16.931847799053674	0.0018601655742756288	-1	
42.676620351902919	17.165183070843174	0.0018612558146701591	-1	
42.632998678042163	17.310776773908842	0.0018618269099628484	-1	
42.648894354944531	17.21160097235952	0.0018614249798452318	-1	
42.471697815138029	17.234062067695152	0.0018613040531190027	-1	
41.969078940651578	16.915268036758214	0.0018579282982549555	-1	
42.313883741247622	17.009118935766679	0.0018598218432476965	-1	
37.202148898738926	4.3307346117193646	0.0053887398837411133	-1	
37.070597839821694	5.9439529622429559	0.0051551450196275165	-1	
36.417798595402246	5.1829032823936148	0.0054035363075579041	-1	
38.187109710820316	8.9792549869054898	0.0040119562739050017	-1	
37.540752145835462	7.9455201293350841	0.0043891222093456741	-1	
36.871270810485299	6.9266086517341012	0.0047533679595746841	-1	
36.707029650911402	3.4054622425576802	0.0054112478941246928	-1	
38.359999999999999	0	0.0054140286592285593	-1	
37.650666666666666	0	0.0054393726108539781	-1	
36.662457864041571	0.49998404107841915	0.0054708704780762618	-1	
35.876059310950943	2.2709738129924619	0.0054597931881955946	-1	
35.668682714241541	1.0148297273056184	0.0055069901217017709	-1	
38.947797128532507	11.713916996609971	0.0029745749821043937	-1	
38.337453068065201	10.827105165439757	0.0032786595076582199	-1	
37.895010459545844	9.9330616895526394	0.0036058885169395257	-1	
61.077226464806706	37.622047282040768	-0.00015103407706037981	-1	
62.11304153376436	40.223998700090398	-0.00015108337783992262	-1	
61.722611626072755	39.137197536755636	-0.00015106264604083344	-1	
59.120783571147918	36.387470032383924	-0.0001510295170115908	-1	
58.902301700626872	37.348889755229067	-0.00015105902945192394	-1	
59.76940711789188	38.021236118853061	-0.0001510638892368451	-1	
46.387490172809628	24.546179605397803	0.00035404957197647768	-1	
47.309183978264542	25.955346533499437	-0.00015074097607112633	-1	
43.394057993167799	23.856577763756025	0.0015008297421183544	-1	
45.381144486656467	24.946936853167347	0.00061334833308766769	-1	
44.340975192714147	24.644635924259671	0.0010212504305627736	-1	
47.805447188589987	26.877556892158065	-0.00015078832559574075	-1	
49.02731899281342	28.90024802962213	-0.0001508818155475524	-1	
48.34963428918357	28.231793845206248	-0.00015085402972503351	-1	
50.142749878557566	30.000486000183777	-0.00015092236418220149	-1	
49.190868356312023	29.849976036596139	-0.00015092457366087321	-1	
50.747820997805704	31.061684733484611	-0.00015096104393669894	-1	
52.777912613428533	32.461560406853422	-0.0001509914789277732	-1	
51.196261838831823	32.385160405317329	-0.00015100981833492607	-1	
54.244200451921309	33.908581796572243	-0.00015102306756711696	-1	
55.050380384604338	33.421063853631196	-0.0001509958230208539	-1	
53.344823654674869	33.628008802281968	-0.0001510261157235792	-1	
56.521267469244918	35.366165884961966	-0.00015103702837849741	-1	
55.324861709560707	34.977477845073267	-0.00015104263932233544	-1	
56.670347420006607	36.409656062152365	-0.0001510662640340965	-1	
57.293845326000067	37.259566023756378	-0.00015108122669274114	-1	
58.069361663566283	37.821243434989768	-0.00015108494103839589	-1	
41.393416594361327	20.977593275453525	0.0018719929709935443	-1	
41.774632125314874	22.666270057572227	0.0018724989761130569	-1	
40.913568863354627	21.923033883481438	0.0018712483465907579	-1	
42.593786741624029	23.471951624531481	0.0018714469307486231	-1	
42.274931148267761	23.003030707170097	0.0018719292270171547	-1	
38.351669620356084	13.925446756983941	0.0021137992936337757	-1	
38.909777120180451	15.019428410041584	0.0018047857285566544	-1	
37.655392089125463	12.913776139593907	0.0024137555821560053	-1	
37.635611582982214	11.752503946668963	0.0028601640727888397	-1	
39.900250137075389	16.352162642707416	0.0018339440089214013	-1	
40.349234798672931	17.423911745458611	0.0018487957766651515	-1	
40.550102565123865	20.387015872035164	0.0018663985465600806	-1	
40.324376584036635	18.585641247004883	0.0018568495375398219	-1	
42.620605486263031	17.072804195828756	0.0018608029161696342	-1	
42.665987109848309	17.104956399833192	0.0018609981848916365	-1	
42.664790031846884	17.112425170810198	0.0018610269208386458	-1	
42.658688541843652	17.102969834775145	0.0018609828311860952	-1	
42.486286141545634	17.056044385270912	0.0018604847741749255	-1	
42.572487341694639	17.079507110023027	0.0018607562086522173	-1	
42.633382431794054	17.125996066373769	0.0018610483637196396	-1	
35.820008234070023	3.9662340613646565	0.0054281957981875493	-1	
35.520986071553857	5.8172531687149771	0.0051026965457569556	-1	
34.821541578307134	4.7613103743006553	0.0054452744052085542	-1	
36.882419403161798	9.1610169355288509	0.003851727528262796	-1	
36.317591017007992	8.0198058928730642	0.0042811637581578613	-1	
35.125759502722325	6.8421767953803503	0.0046874985225774709	-1	
35.110053575088912	3.128468855185059	0.0054596298392149611	-1	
36.941333333333333	0	0.0054665766164963079	-1	
36.231999999999999	0	0.0054992297508396158	-1	
35.867437997218943	0.49998355269514799	0.0055106539711924996	-1	
34.905520721388299	1.2786437261830104	0.0055385469391098091	-1	
34.747703788400621	2.0498938512396947	0.0055076405679301945	-1	
34.984429187882142	0.89301866365466753	0.0055542335453713457	-1	
35.469928063807629	0.49998330850351241	0.0055357335051336703	-1	
35.221484237815709	0.69143558897767465	0.0055467832430732026	-1	
37.027801411023717	10.426029908377213	0.0033435847587508002	-1	
60.747341365145054	38.518796211081217	-0.00015106195613934887	-1	
61.331159639289652	41.406386672830777	-0.00015112510682014152	-1	
60.43853942314766	40.084044296883881	-0.00015110674091469011	-1	
59.51988693137416	39.089721548725123	-0.00015109598646670009	-1	
46.071276274580065	25.974804654299291	0.00022280049257097565	-1	
46.765371804359688	26.999999999999996	-0.00015079710346020184	-1	
43.137318884766259	24.907122761015998	0.0014192299030130237	-1	
42.663773617752469	24.361608529201508	0.0017533246058533906	-1	
42.515092203059645	23.982237951730404	0.0018708697858862502	-1	
44.696131268717608	25.786040483792281	0.00068435194734322582	-1	
43.485659792653138	26.05251002953371	0.0010236021083385326	-1	
47.484325222673277	28.628439497662061	-0.00015087892118415341	-1	
48.12356566744571	29.515132791376335	-0.00015091865562356853	-1	
49.53675618687528	30.901760268084359	-0.00015096885096411124	-1	
48.514113011970331	30.536076528824925	-0.00015096403485770276	-1	
50.121946994380394	32.587705606318963	-0.00015103402129708706	-1	
51.644854722343723	33.38212648714758	-0.00015104223095658838	-1	
54.074952377721672	34.835380004344564	-0.00015105679970098103	-1	
51.94684925694056	34.322167395604389	-0.00015107277920377519	-1	
52.796818692422761	34.824591088561561	-0.00015107684994004181	-1	
54.729223317729293	36.085485083467745	-0.00015108699689039221	-1	
55.836611211343858	37.05462157749146	-0.00015109888065902526	-1	
57.131491238067838	38.187842824099555	-0.00015111039170257067	-1	
57.880323082188596	38.759950800931179	-0.0001511137153755692	-1	
40.101039700806176	21.358313305479427	0.0018656846976331616	-1	
41.711049417705446	23.062973263769514	0.0018719074460013471	-1	
40.951211285829331	23.065853686926985	0.0018706267053817535	-1	
40.262703640455982	22.668344176467993	0.0018677229766307112	-1	
42.105182195339609	23.545246904414778	0.0018712552328741545	-1	
41.82750017586747	23.351400110376748	0.0018714412528505692	-1	
36.78432175285311	13.607963065789463	0.0020545169106390283	-1	
37.316581538360431	14.586410069957889	0.0017586249590492156	-1	
38.521030934691261	15.976759046673552	0.0018042928224959345	-1	
36.476445823454149	11.679846418347909	0.0027860529840218052	-1	
35.949330056087916	12.870773886834936	0.0022478914446006412	-1	
39.060578851859574	17.333844090299884	0.0018292883372868088	-1	
39.499582838988154	20.183338516091087	0.0018547462771284719	-1	
39.03125282368859	18.627306512641148	0.0018387325759926815	-1	
35.128937901735569	3.7839837861873016	0.0054474282439351774	-1	
34.79023213452404	4.187467536639403	0.0054501856842328836	-1	
34.424411854049957	5.8820410280171496	0.0050217405616877339	-1	
34.023413069759577	4.5505139202541756	0.0054590447995458207	-1	
35.480753862219423	8.9149847007680503	0.0038653139471303381	-1	
35.658175914799571	10.412807778743961	0.0032459828331258983	-1	
34.651677152871947	7.9901719173138464	0.0042068470695852973	-1	
33.903349540804498	6.9988835337239879	0.0045896796282837186	-1	
34.589886855412942	2.821143976296379	0.0054803922749988776	-1	
34.783402735568345	3.6928586485986248	0.0054558277006946359	-1	
34.510978388919099	3.2067690388247221	0.0054704695433762437	-1	
34.618608754968008	3.4799001944516839	0.0054625570719561796	-1	
35.522666666666666	0	0.005540564791325025	-1	
34.406734230931725	1.5874898742345223	0.0055419354489089833	-1	
34.481425826009364	0.99678336130093803	0.0055888897791152754	-1	
33.603030085494041	2.6188404099073206	0.0054930390561990774	-1	
33.794732784952458	1.7630582392162522	0.0055338995960601987	-1	
35.023883421129057	0.70020613239049756	0.0055609953044227006	-1	
34.882310169821686	0.60648022824908476	0.0055775232663119647	-1	
35.271173097101972	0.49998318640769457	0.0055498724374347689	-1	
35.20675768826861	0.3409940800195832	0.0055591894049135098	-1	
35.090102329203617	0.53092097060210341	0.0055627688295420124	-1	
35.043610537752514	0.60379986675841257	0.0055636598788984248	-1	
35.17179561374914	0.49998312535978567	0.0055574228721400817	-1	
60.526772696737169	42.573580856177969	-0.00015116726439406278	-1	
59.994678431211433	41.346107306933909	-0.00015114599868709615	-1	
58.738652943936536	40.195286374965526	-0.00015113779686963584	-1	
45.445004957711298	26.918291001403396	0.00024320608891655859	-1	
46.132581451171156	27.993281890739119	-0.00015085300366102312	-1	
42.429658672216419	24.767107509681161	0.0017524802204869037	-1	
42.513358822336563	24.545099160231224	0.0017926652653690485	-1	
42.357431387355703	25.652067713500646	0.0014935641739851869	-1	
42.475744933777456	24.23738111532986	0.0018706306129788212	-1	
42.46839043060271	24.432155299480808	0.0018538178531910818	-1	
42.456071299136354	24.364952697129588	0.0018705358265995869	-1	
42.042445873968255	23.935537291073594	0.0018707983711406886	-1	
42.25523636585848	24.268677859750863	0.0018705598924329057	-1	
44.312581783966401	26.918219798031462	0.00057840880456198971	-1	
42.524683490608503	26.970430175763024	0.0010791132086768796	-1	
45.915315277334983	29.949488781830773	-0.00015096412650838955	-1	
45.499791097982623	28.986563781478242	-0.00015091301377651904	-1	
46.799825408552763	30.512983881812552	-0.00015098461888941631	-1	
48.974616598026053	31.831019512314327	-0.0001510182355826994	-1	
46.719222685321412	31.561439480998231	-0.00015104028353049871	-1	
47.566240425573667	32.184590257419231	-0.00015105735043553	-1	
49.959261564401487	33.712472048167058	-0.00015108305965899749	-1	
48.942370575529928	33.20502863793606	-0.00015108032823425932	-1	
50.713667321622609	34.541715106667453	-0.00015110265170805589	-1	
53.286271786558892	36.005344147774245	-0.00015110896520147276	-1	
51.588830303256849	35.242330444906997	-0.00015111294756091156	-1	
54.79359107074594	37.129183965198003	-0.00015111877428518707	-1	
53.490601748536776	37.436001674060307	-0.00015115196812767861	-1	
56.232930705648258	38.471824579678163	-0.00015113367207390016	-1	
54.616677414726844	38.159791612009997	-0.0001511531987629879	-1	
56.291948415221427	39.637691677981891	-0.00015116545336436488	-1	
57.392931690154931	40.025718750835203	-0.00015115653621991488	-1	
38.885688349709284	21.873325155550003	0.0018528232922308699	-1	
38.583323024962503	20.806996577978325	0.0018443372328372193	-1	
41.679258063900733	23.261324866868158	0.0018715539374675838	-1	
41.295465108516012	23.264608442156483	0.001871045146487156	-1	
39.762713738778316	23.534352089445083	0.0018658682142923986	-1	
40.451220895768401	23.931862445808719	0.0018690735791346484	-1	
40.939426242844341	23.636388761775009	0.0018701134776701307	-1	
38.385699424798162	22.739331376717821	0.0018504789031861056	-1	
41.779631017949235	23.451971428555957	0.0018712641376588668	-1	
41.704139355973453	23.588760368468346	0.0018710251939142671	-1	
41.675192707054443	23.413258568450466	0.0018712787769768141	-1	
41.663362386998365	23.360500668417476	0.0018713657625196152	-1	
35.723385956540412	14.15339172987419	0.0017005310984088465	-1	
37.141811732307133	15.601355450639689	0.0017639319926088008	-1	
35.762592529922998	15.225951854605821	0.0017141190454407051	-1	
37.709789721631815	16.8104261657822	0.0017938635008680841	-1	
35.158567156486335	11.835953465690908	0.0025959709544637818	-1	
34.936773292468438	13.075060799589817	0.0020352727622189185	-1	
37.926942809919453	17.953211231967536	0.001810272706073632	-1	
38.720577294770109	19.569307044415051	0.0018389390806327968	-1	
37.730027277211356	19.517394147698973	0.0018187729450822982	-1	
34.329243202878793	4.0080969768487744	0.0054592200038319641	-1	
34.521460693736799	3.7722007483740994	0.0054593563688364053	-1	
32.703203478688494	6.7187183209910826	0.0047010124454212781	-1	
33.533351464466257	5.0947922755993877	0.005275406548634144	-1	
33.624348815485803	4.4451156932309361	0.0054628940303917311	-1	
33.621440789711052	4.0833931064718207	0.0054645267879356906	-1	
34.178212545751137	9.8286946394726762	0.0034000265318257115	-1	
33.941078730358917	8.7874011527449465	0.0038463371674979695	-1	
34.68042914102049	10.723174950123168	0.0030389662305880822	-1	
32.939714419145908	8.4161948918427978	0.0039811579492327808	-1	
32.253444817527068	7.6465985272628787	0.0043155940791901473	-1	
34.023987964716973	2.9637923223803351	0.0054812232583601227	-1	
34.610635152484733	3.6472960798042866	0.0054597056860605413	-1	
34.471524155672185	3.3995815700888921	0.0054665813823644186	-1	
34.304514388043209	3.4301637235344486	0.0054679720568547438	-1	
34.462977934050173	3.5796764775532055	0.0054632052422487094	-1	
34.524251360942927	3.6245147954071175	0.0054614972694311823	-1	
34.451797039048728	3.4959878357209773	0.0054649015848678689	-1	
34.813333333333333	0	0.0055995624935591369	-1	
34.974559363754494	0.17239930826121677	0.0055826236082754188	-1	
33.890584134681667	1.3351671538707179	0.0055721515394847225	-1	
34.12538419055695	1.0865708869203587	0.0056029243355583385	-1	
34.115512604741355	0.96620623858220533	0.0056255575009729521	-1	
34.617387834308296	0.4058304429286928	0.0056142748172893523	-1	
34.090825409097747	0.81762677256513661	0.0056541428369373727	-1	
33.411327386035623	3.4746225805983899	0.0054707745979154032	-1	
32.282636565401901	2.6913235324552844	0.0060605900544337121	-1	
32.1388860649528	1.6251621960085472	0.0062319664515512645	-1	
33.359070583470128	0.89989053768334049	0.0058356194574011866	-1	
32.737616331286198	0.89988622794710438	0.0059797342673487365	-1	
34.933076522880285	0.50968048920064324	0.005577056205939024	-1	
35.034016549815796	0.55161523666589118	0.0055665870312931317	-1	
34.803771945755031	0.37099882039566479	0.0055948862878774123	-1	
35.122106884323088	0.48004121082159251	0.0055620200463150212	-1	
35.100853443092966	0.37181134375145158	0.0055670553081062632	-1	
35.063337654375978	0.50739360112632614	0.0055658534358646143	-1	
35.072418130396315	0.49998306431187678	0.0055653388597437124	-1	
59.700175870374487	43.72515295623753	-0.00015120992296534976	-1	
58.973296409726785	42.210164242376869	-0.00015118535250769447	-1	
58.984542174205465	41.187752925650024	-0.0001511592144798005	-1	
57.511537469582024	41.376885484113977	-0.00015119014789090649	-1	
44.941034232663462	27.932389496520685	0.00019605872266173149	-1	
42.2280602339696	24.666383599654509	0.0018702975613281358	-1	
42.393062373858314	24.562627320997478	0.0018536991916787843	-1	
42.026773407331625	24.828030916222165	0.0018700734543205793	-1	
42.328703647288577	24.585559941370683	0.0018703868299801639	-1	
42.458241151452192	24.499719660615845	0.0018474260533416337	-1	
42.446500187416468	24.520055606855529	0.0018474107028597832	-1	
40.819052447503843	25.797914815628094	0.0018676987600521344	-1	
41.624199754055702	25.151325549357473	0.0018694882075086475	-1	
41.125537046630022	27.178907484063476	0.0013838437510807372	-1	
42.43639766449526	24.49252427892932	0.0018704605186301215	-1	
42.396248171671651	24.47748529454481	0.0018704633683278003	-1	
41.41868032196524	23.868283479980843	0.0018704875189940143	-1	
42.041367600276644	24.330836252953514	0.0018704340741071148	-1	
43.377706457649502	27.978270388607353	0.00061005970277701706	-1	
42.080174730228684	28.222813827001971	0.00087593749230187269	-1	
44.86700074479409	29.979845672217369	-0.00015097912418676881	-1	
45.721256729934829	31.230048632685488	-0.00015103976504860856	-1	
43.724826503171933	29.252200430219538	0.00025891989596349895	-1	
45.92394469037901	33.011950258534526	-0.00015113188911948747	-1	
47.611039461043134	33.211790063256167	-0.00015110576760198985	-1	
49.622255703846896	34.797825975596673	-0.00015113382302487497	-1	
48.012872047063553	34.158192180488882	-0.0001511405822073673	-1	
50.481960620788811	35.728053929272392	-0.00015115224707987397	-1	
52.22845784801514	36.990007218221884	-0.00015116177825413849	-1	
51.394808990057754	36.304225959299615	-0.00015115456876115397	-1	
52.447910709188029	38.377867631836871	-0.00015120247787622209	-1	
53.470618119092791	39.341395337552918	-0.00015121101800145186	-1	
55.160211121236607	39.232120212049388	-0.00015117479820700777	-1	
54.347501921489751	39.782886052180622	-0.00015120638715419976	-1	
56.514728508216884	40.783596652713804	-0.00015119275426001309	-1	
55.49006236809106	40.388197922034003	-0.00015120125637057714	-1	
37.508673058962579	21.078306134632019	0.0018243377120097421	-1	
37.008685110818	21.944310663990557	0.0018212982044087957	-1	
37.085008277932268	20.222074676332806	0.0018078762185476343	-1	
41.467592019859353	23.363985819771234	0.0018711478630322553	-1	
41.443883055845845	23.533882158374102	0.0018708813068567017	-1	
39.681123891278567	24.453532024095779	0.0018673966967281735	-1	
38.367966247803409	23.898638264591732	0.0018570062859631713	-1	
40.516881741553561	24.844757625486075	0.0018690091476315273	-1	
40.828645442078425	24.591341782356267	0.0018695464810816558	-1	
40.795474474263443	24.130617623990535	0.0018696435762439473	-1	
41.141641221910298	24.176993034276641	0.0018699950517982028	-1	
37.311049125466361	23.010639613049435	0.0018372464505969749	-1	
41.669267254027993	23.467000930651533	0.0018711833295835085	-1	
41.551007486670052	23.560145616081297	0.0018709489860440757	-1	
41.631651812108771	23.484899980562144	0.0018711275213609876	-1	
41.647466710096012	23.459676469966805	0.0018711815217647048	-1	
41.553655475531016	23.413674508578605	0.0018711695663458144	-1	
34.38337332753887	14.850548258571958	0.0016568968031599679	-1	
34.130190374720392	13.720373389790495	0.0016353080176594145	-1	
36.226656251825112	16.242301036456691	0.0017430449171614551	-1	
34.510560142088167	16.087222137221755	0.0016754434635693405	-1	
36.64483126323271	17.278375578788868	0.0017679366259217542	-1	
33.906394340889754	11.396366351503127	0.0026708299762102537	-1	
34.043747110039689	12.555918642015229	0.0021537026696204433	-1	
36.966275939267305	18.223018403610929	0.0017867078479140651	-1	
36.108657189600649	18.733083915539531	0.0017654632676694371	-1	
34.434533787570494	3.7226000641236046	0.0054613681009837737	-1	
34.325329557761677	3.66512477908825	0.0054636696396311397	-1	
33.982070014637493	3.5106236903647328	0.0054691886830670021	-1	
34.476187647883179	3.6315974772657889	0.0054621284729429289	-1	
32.088758523534921	5.7327533438436324	0.0051230599262016953	-1	
30.773722476467256	6.725176944986198	0.0047756092983292	-1	
32.905051976425639	4.9061128307771638	0.0053536895188615935	-1	
33.263873415613737	4.4966771021108993	0.0054378023816566111	-1	
33.424816688348912	4.392416579719316	0.005463971095012881	-1	
33.267550361441806	4.1164592086166927	0.0054650802646617454	-1	
33.315476036306414	3.9025136659439243	0.0054663326747042872	-1	
33.322320874576619	4.2753802901628548	0.0054644996980712512	-1	
33.420861634969505	10.504778856241327	0.0030540992348264827	-1	
32.351628998483726	9.3579349513547481	0.0035452556635219208	-1	
31.314733315022256	8.9609889307121886	0.0037263230398298483	-1	
31.233600046449531	7.7987864814068208	0.0042675232966111623	-1	
34.422475934488503	3.5402094712605323	0.0054644828506252349	-1	
34.313177105082495	3.5391241265084239	0.005465858547827513	-1	
34.437867569401121	3.6017335110099484	0.0054631937183677037	-1	
34.432069922425264	3.5923941013530634	0.0054634230613930914	-1	
34.103999999999999	0	0.0056936269900896615	-1	
34.98974721879005	0.4079511782043993	0.0055756483491412826	-1	
33.938509809546275	1.1212216111979501	0.0055990675846196419	-1	
33.66979770956209	0.89989269255145854	0.0057602242848064315	-1	
33.994747169044331	0.96530828702997951	0.0056329802260586728	-1	
33.962472646978576	1.0142488398615668	0.0056193669450435102	-1	
34.009398568365334	0.90854422283465475	0.005650067662267489	-1	
33.970762677546361	0.52635340950519249	0.0057023910188664035	-1	
33.953899958202634	0.79430601379160526	0.0056874272961507429	-1	
33.984307040554341	0.8772099104316774	0.0056664950564910234	-1	
32.582447497471023	3.6022054703368789	0.0057442135169643522	-1	
31.339195805791178	2.8631141982442911	0.0064920124386755153	-1	
31.302794900729268	3.3461462526806782	0.0062894390278185695	-1	
31.375596710853085	2.3800821438079041	0.0066443042925578939	-1	
32.116162079102267	0.89988191821086816	0.0061361133166788302	-1	
31.411997615914995	1.8970500893715172	0.0067011139805815264	-1	
31.44957067383481	1.3984638226948727	0.0066332327985670304	-1	
31.63882723614071	1.0993399554915695	0.0064098982460933365	-1	
33.554542922936847	0.49901542494049361	0.0057918907918574625	-1	
32.685333333333332	0	0.0059787163361107142	-1	
31.917594701551234	0.50389584279218891	0.0061771118768144829	-1	
35.041871394051284	0.49914065572940924	0.0055679493731774551	-1	
35.068636096749813	0.47729809877191903	0.0055664686416679425	-1	
35.064854035232422	0.49998305966522871	0.00556598246406556	-1	
58.851672474233617	44.860680411531263	-0.00015125264681027707	-1	
58.545581982550104	43.747181021164657	-0.00015123124569972545	-1	
58.018074129593735	42.187072766646949	-0.00015120188441929263	-1	
56.641487642947034	42.541247901649378	-0.00015123647838580299	-1	
55.870441031666509	41.748227872653509	-0.00015123064326470894	-1	
42.429347060607562	24.504736283086856	0.0018704584370075222	-1	
41.5975255146015	24.658096017734799	0.0018699127740208134	-1	
42.43524478543749	24.5	0.001870458720474158	-1	
40.013905140951977	26.444504081898714	0.0018643910519178042	-1	
39.893354340503812	25.351589311745695	0.0018671251492843122	-1	
41.167356074405411	24.490507605669531	0.0018698082464689984	-1	
40.71219726918379	28.515355448964456	0.0011060668115932496	-1	
39.659561752162467	28.120868657625579	0.0014459067925605047	-1	
41.280535400863883	24.322463941005264	0.0018699965215411916	-1	
42.64237955584305	29.537444868984082	0.0004473996197663877	-1	
41.574352397573108	29.20222289353271	0.00074929528647408911	-1	
43.520265756814176	30.248599979494173	0.0001205734713448504	-1	
44.234210391605558	30.973127562956488	-0.00015105110046770287	-1	
44.846560473157645	32.185244272237981	-0.00015111081754181363	-1	
44.923180803113468	33.200780931403131	-0.00015116604624262599	-1	
46.815693366752726	33.86338118120316	-0.00015115390460325383	-1	
45.630552339967231	34.203368040538123	-0.00015120023465038334	-1	
49.115126171061654	35.650701003265688	-0.00015117888844695782	-1	
47.162595381100857	35.03284725962687	-0.00015119906202517791	-1	
48.205162991728379	36.046356393854644	-0.00015121636037407699	-1	
50.546948382378275	36.911434661842961	-0.00015119388864296056	-1	
49.576711302395999	36.529060464064884	-0.00015120201756361337	-1	
51.664168338269796	37.790514949059101	-0.00015120007415169074	-1	
52.262033091340214	39.599686634137171	-0.00015124420813224113	-1	
51.430472323323464	38.871114900362869	-0.00015124037800956275	-1	
53.170530082177557	40.601311253762169	-0.00015125404932936622	-1	
54.456102629242167	40.758614057458885	-0.00015123184343439493	-1	
35.631670796837838	21.149289951263292	0.0017766531816778266	-1	
36.131657768215874	20.283287113714032	0.0017810912167365168	-1	
35.401554615015833	22.309908904213923	0.0017877102175180037	-1	
35.723131725663364	23.448582682340103	0.0018107383541653239	-1	
41.586716271968854	23.455789037263134	0.0018711344288366543	-1	
38.500635005097315	25.050465476753487	0.0018615817825176431	-1	
37.229075307609861	24.11597291940609	0.0018449964456761976	-1	
40.984527292340871	24.464633860791363	0.0018697434451967381	-1	
40.96760126351095	24.229995213081441	0.0018698070953550056	-1	
41.053664658134721	24.279684007626898	0.0018698670829235824	-1	
41.154345894557864	24.31161808051359	0.0018699229448702105	-1	
41.096696355446596	24.304528404899628	0.0018698882461605168	-1	
41.646269632094587	23.467145240943811	0.0018711674756721238	-1	
41.63971893120268	23.463363197385981	0.0018711687936552137	-1	
33.505066817888547	15.356112061432935	0.0016237124709558473	-1	
33.004154125154741	14.475144662538092	0.0015989867016988012	-1	
32.536994792900373	13.2873550497068	0.0015745734250352207	-1	
35.204811828136776	17.11850937380941	0.0017142888876655097	-1	
33.788533392095609	17.322607999976213	0.0016503778822074464	-1	
32.832375253234666	16.114071916900816	0.0015915339864320628	-1	
32.950582896140183	12.145529437631764	0.0022173934444976347	-1	
34.643514264573149	18.239520316502379	0.0017018187287951084	-1	
34.754642477469176	19.488268092796044	0.0017217932028465903	-1	
34.428425818100905	3.6227040802067232	0.0054629796082331528	-1	
34.409087281244126	3.5915516974172439	0.0054637596047567996	-1	
32.537607779931442	4.3930943695046967	0.0055531205972629439	-1	
31.020058236067307	5.2771776260516319	0.005430084415064788	-1	
30.896890356267281	6.0011772855189154	0.0050956349138717195	-1	
31.143226115867336	4.5531779665843484	0.0057644041655685882	-1	
30.533934703533564	6.7292849519689275	0.0047511480102823498	-1	
30.58341498294369	6.5007055329019536	0.0048546663597155912	-1	
30.482746054218389	6.9574878683674424	0.0046477948249504519	-1	
30.631184124033197	6.271762400157006	0.0049577023683349576	-1	
30.583645333881918	7.4345544984721883	0.0044554560333639566	-1	
33.11163496745796	4.402412613439874	0.0054620386246100961	-1	
33.325050624780467	4.3660670229635059	0.0054643399076714306	-1	
33.215835131679825	4.36068457668026	0.0054621930779680033	-1	
33.27516759299624	4.3528922445855995	0.0054644475598323436	-1	
33.243587524009506	4.2234319799530757	0.0054646825494650188	-1	
33.083610034486625	4.2156807857229133	0.0054928472219552601	-1	
33.231606105293352	4.2769183656212677	0.0054645604658162192	-1	
32.406350541634083	10.466864324398962	0.0030185977763662326	-1	
30.99310980205717	9.9734591899829379	0.0032433898694211299	-1	
30.922260803925081	8.4756719531416227	0.0039570725169817541	-1	
30.203491048711246	8.8533096054441671	0.0037866468103124992	-1	
30.488606762589249	7.789243275215183	0.0042885600645783993	-1	
34.43055354156882	3.5998046428141608	0.0054633250499045143	-1	
33.394666666666666	0	0.0058278547350634723	-1	
33.825161272608071	0.89989376998551762	0.0057201896185538762	-1	
33.867881947971298	0.77434233048683321	0.0057121835357418979	-1	
33.986435484410876	0.90727606852518361	0.0056514722289490848	-1	
33.902843054131061	0.89989430870254705	0.0056963699114875987	-1	
33.988088930817767	0.89989489987598015	0.0056582234605490776	-1	
33.941684070645735	0.88176125277960704	0.0056826823888076333	-1	
33.980524835654052	0.8998948474195767	0.0056648970812375856	-1	
31.266393995667361	3.8291783071170653	0.0060840742558915814	-1	
31.140796258917813	2.8027223917140232	0.0065113415396842039	-1	
31.160889216024625	2.5697135465037961	0.0065898369894379976	-1	
31.118960978076295	3.0355744249498784	0.0064165780031453651	-1	
31.095384595181361	3.2682566181686346	0.0063165083520839377	-1	
31.070068429328732	3.5007559528300951	0.0062148266633895773	-1	
31.179238725198239	2.3365609261355336	0.0066542224490392351	-1	
31.195843759785866	2.1032775754697748	0.0066898813643852233	-1	
31.805434953010305	0.89987976334275022	0.0062335977996490254	-1	
31.210703390737855	1.8698765466814029	0.0067051193576358132	-1	
31.223816786659679	1.6363708985293781	0.0066861720710021232	-1	
31.235183213858441	1.4027736956261008	0.0066469901668468308	-1	
31.468357202794721	1.1491706893565505	0.0065472072275541866	-1	
31.244802036383934	1.1690980077064483	0.0065784256463612602	-1	
31.650071389964324	0.89987868590869113	0.0062918434332768242	-1	
31.541222148522138	0.95096077508718757	0.0063940215814087742	-1	
31.477750467274674	1.0245241226873896	0.0064883418800495245	-1	
31.975999999999999	0	0.0061278503571806911	-1	
31.507603478317876	0.53981619077173715	0.0062905443658884813	-1	
31.60735245598385	0.77432665389304101	0.0063000869282573788	-1	
57.981573860812006	45.979746548053242	-0.00015129550395016539	-1	
57.192797090724355	44.592954776928124	-0.00015127720510462034	-1	
57.620511517901022	43.055937998140337	-0.00015123115215336241	-1	
56.899939440316736	43.683439951698922	-0.00015126040226052717	-1	
55.979415079985493	43.427280386679875	-0.00015127193102467361	-1	
54.891432689553419	42.42899615697555	-0.00015126805244285629	-1	
38.646299538404321	26.365252684264931	0.0018605367286610008	-1	
39.208757834400124	27.091093348169331	0.0018600878249962348	-1	
41.06246821747208	24.401279900008909	0.0018698247625896574	-1	
41.157652583591279	24.353143533745516	0.0018699003501281084	-1	
41.101438680037695	24.369602919617684	0.0018698624292766133	-1	
39.512817070520455	29.235376333079355	0.001133740040469454	-1	
40.482046161374541	30.145628176103873	0.00070504153923354952	-1	
38.667945890151572	28.557219466908101	0.0015274492286342734	-1	
41.804870109417486	30.280165348556061	0.00045544707229116518	-1	
42.709663151705435	31.076572083567353	0.00013023613307251106	-1	
43.517257775810364	31.90747840298565	-0.00015112504106970474	-1	
43.916235208554809	32.955868520340466	-0.00015117865842144217	-1	
44.303204170026454	34.008750210210778	-0.00015122722503664392	-1	
44.457652308612431	34.93177294815073	-0.00015127137901198041	-1	
45.279657373942044	35.379135077570844	-0.00015126754159001997	-1	
46.757634050606576	36.183498482607497	-0.00015126038986770015	-1	
48.412111688004316	37.648236110421891	-0.00015127246364925819	-1	
47.552316181768205	36.952641330618313	-0.00015126955323627151	-1	
50.696781848938244	37.943481148585491	-0.00015122653413909013	-1	
49.493750438627799	38.265539998356253	-0.00015126658891750685	-1	
50.351672658907241	40.086367035851929	-0.00015130395396047725	-1	
51.887397599346023	40.777413432396074	-0.00015128776606208706	-1	
50.330643267691109	38.983747624499003	-0.00015126968938388436	-1	
52.609634466078127	41.595315207730273	-0.00015129433087184008	-1	
53.700766637579243	41.599786234137163	-0.00015127056421411614	-1	
34.254656482857676	20.354269238536027	0.0017146411843360649	-1	
34.44809321596432	21.609265505898286	0.0017461741895694908	-1	
34.633143509270013	23.42742133822501	0.0017825310285377581	-1	
33.813184397297839	22.708958277897679	0.0017445495978402415	-1	
36.170975480844831	24.470788932220593	0.0018300832329829217	-1	
34.458016710930103	24.50345698766434	0.0017936391317307017	-1	
37.483264001093936	25.895947467994247	0.0018544704027850811	-1	
36.257825757548439	25.629113890043737	0.0018392026795100117	-1	
41.139728052758478	24.329372802172351	0.0018699041117701833	-1	
41.146278749003727	24.333154853778414	0.0018699059080899544	-1	
41.140409142603303	24.337925939226459	0.0018699003379169404	-1	
32.022875982501638	14.67869689391422	0.0015577369996106131	-1	
32.314544523962674	14.287442864521159	0.0015713467387031335	-1	
32.222958600375435	13.768662803009457	0.0015674720797931331	-1	
31.74039700199037	13.070845879664953	0.0015549451425520664	-1	
31.743013994600197	12.274363422144949	0.0020251245178722664	-1	
32.962670314491383	17.821935051713702	0.0016065840132553797	-1	
32.25975775397572	16.933081725168659	0.0015537848548070668	-1	
33.377627186722471	18.693249071878057	0.0016441532856222277	-1	
31.117341129551559	15.598591743965216	0.001487853561116122	-1	
31.289619426799899	16.693291206922009	0.0014782130351690306	-1	
31.727185240971714	11.243085467654138	0.0025979705846230021	-1	
32.877642168877514	19.559248525808759	0.0016329691733236599	-1	
30.844272570008794	5.1220400302466444	0.0054864252656977846	-1	
30.805097290805609	5.3526092093900255	0.0053796835311219413	-1	
30.764198470183846	5.5828789107040473	0.0052730871427843166	-1	
30.881722115941326	4.8911842735912243	0.005592993203666719	-1	
30.721578396427507	5.8128362506271376	0.0051666852756506905	-1	
30.677239454124496	6.0424683630743079	0.0050613035327466771	-1	
30.951435723476219	4.4286647084607544	0.005804545555164544	-1	
30.917443833305704	4.6600548557750594	0.0056993202421426019	-1	
30.983695884610775	4.1970267778986976	0.005907892517342991	-1	
30.429851898996823	7.1853015141722896	0.0045447597515926889	-1	
30.375255197290365	7.4127131432379034	0.0044403357911985851	-1	
30.318959003777788	7.6397100319115019	0.0043343913665830451	-1	
33.196661602622747	4.3291365969799873	0.0054657150116792438	-1	
33.217971240170314	4.3377859199386624	0.0054645012394236884	-1	
33.225284561212021	4.3397174662076958	0.0054644972692077113	-1	
33.219624686577205	4.3304047512894588	0.0054645053321951088	-1	
30.013413906125912	9.5626871589301583	0.0034665072046780147	-1	
30.724532678701959	11.001274367342186	0.002724863232541991	-1	
29.758080589229355	10.251273196260122	0.0031465063004699656	-1	
30.298529620003912	8.4986208287011724	0.0039535391059042305	-1	
30.39356819129658	8.1439320519581777	0.0041210491654816318	-1	
30.012099218907718	8.7680297056343726	0.0038017707445391368	-1	
29.945675535015546	8.9922723043744277	0.0036973509148709336	-1	
30.076843729526257	8.543296536706718	0.0039077125644888808	-1	
29.87757639424672	9.2160117865809621	0.003594320664892204	-1	
30.260966468224222	7.8662794797449802	0.0042278462838413926	-1	
31.014222511757321	3.9651540242027199	0.0060106998058752342	-1	
31.043013896954793	3.7330594206249761	0.0061134096178549402	-1	
31.252672716064207	0.93535690889652534	0.0064880347441466186	-1	
31.572389608441334	0.8998781471916617	0.0063308163739686186	-1	
31.482447099514651	0.9622008393528092	0.0064538702155877443	-1	
31.518397492619378	0.92573677081995331	0.0063981736070300348	-1	
31.438655114873939	0.91972744970956732	0.0064361894840064124	-1	
31.266666666666669	0	0.0062503218376426199	-1	
31.265791983582368	0.23387193889178251	0.006288087699390545	-1	
31.263167983267888	0.4677307926772426	0.0063373128255473435	-1	
31.258794812535708	0.70156347698216792	0.0064042577036845438	-1	
31.521334168867661	0.79428914413967722	0.0063432933345020613	-1	
31.533548843433017	0.88174455255169715	0.0063542588552347222	-1	
57.090199306823841	47.081940732165478	-0.00015133814262780081	-1	
56.412407642442588	45.754293463269477	-0.0001513200935463953	-1	
56.176855648282647	44.75313857010191	-0.00015130077007783493	-1	
54.694632292409047	43.605079655095302	-0.00015130233501862026	-1	
55.150497449699976	44.819355714922672	-0.0001513229233519377	-1	
53.737540219059049	42.729720212219178	-0.00015129996841170546	-1	
37.39924473630483	27.378916056784163	0.0018518013063801638	-1	
37.598463221296406	28.384271880710571	0.0018491394104576215	-1	
39.157360643089845	30.260396315995497	0.00086138588456510453	-1	
38.283998417737749	29.589454403711731	0.0012353089776090697	-1	
40.360541336124797	31.770937736320111	0.00032200862565547967	-1	
39.365241580007172	31.325197120486891	0.00051362720455103139	-1	
41.676191353945683	31.600547685831124	0.00020021400177147727	-1	
42.800305160015185	32.841829243014807	-0.00015120348365979324	-1	
43.19394290981969	33.886122077542574	-0.00015125534441197365	-1	
43.598687711626994	35.303263221768347	-0.00015132022695078169	-1	
44.403406149354957	36.133617124023687	-0.00015133236166465816	-1	
45.570067187502907	36.651899181806371	-0.0001513166584936247	-1	
46.589373474259247	37.496554698986017	-0.00015131882439559186	-1	
48.045097507547737	38.539584338076111	-0.00015131486315997372	-1	
48.712335908459416	39.235281102440702	-0.00015131982677789524	-1	
50.118625494218975	41.058551234942996	-0.00015133892465509765	-1	
49.115560291202506	40.37824500023099	-0.00015134535245741275	-1	
51.94474200845498	42.460478444095351	-0.00015133307938230506	-1	
50.641620325712047	41.910566202043412	-0.00015134987619095598	-1	
33.280363969990788	20.451752936375449	0.0016740733515711161	-1	
32.991878383260044	22.228794950296383	0.0017029753912100305	-1	
32.789772619103964	21.299142515263433	0.0016720921474748696	-1	
33.339722727009608	23.892197105956534	0.0017518849388385065	-1	
32.431799618790471	22.997828218405136	0.0016986400204035109	-1	
35.296616256575518	25.164305762070398	0.0018193661097094262	-1	
34.073626278215606	25.401986043689444	0.0017967193349042419	-1	
36.523355735167506	26.703087584747131	0.0018462716018151429	-1	
35.264167604201667	26.231506486184568	0.0018279631128296061	-1	
31.366292718965227	14.851761076500365	0.0015239327734967683	-1	
31.490768513672062	14.478345742767935	0.0015382298886409372	-1	
31.969739723366644	14.193591965512692	0.0015592711683584794	-1	
31.720544722702506	14.295622406454429	0.0015497015857329978	-1	
31.734045194811571	13.693507798656851	0.0015545475924766473	-1	
31.782562310709082	13.993908670601751	0.001554312130246977	-1	
31.34209810653536	12.962591294644028	0.0015495502847991882	-1	
31.16590266189262	13.217436709786417	0.001547524745412305	-1	
30.949667339820252	12.203707642926979	0.0020450802147880857	-1	
31.055697957246807	12.737700104762956	0.001667689174495718	-1	
32.000611895975766	17.89823005096007	0.0015430297792402054	-1	
31.312104250602417	17.500720540501078	0.0014809999212692035	-1	
31.500627854897356	18.764227813081494	0.0015257164449767897	-1	
30.86838954013789	16.345422411430068	0.001443405206502554	-1	
30.590850842363778	15.828560556128233	0.0014404472906741875	-1	
30.148626225483785	15.370513168963495	0.0014516830016053457	-1	
30.410497903124281	14.533532719310029	0.0015074441508103641	-1	
30.967850427915742	17.30196578527158	0.0014455758013663918	-1	
30.743913745431062	16.718837745162496	0.0014205496587570204	-1	
30.846065868091436	17.012207429230255	0.0014307562941751914	-1	
31.770997527451001	19.885972509586338	0.0015785228820865795	-1	
29.736367076161855	9.6619313574567141	0.0033874620090719345	-1	
29.807805606739819	9.4392356340573613	0.0034909731767740217	-1	
29.663264799489859	9.8840864969805864	0.0032844338925638104	-1	
30.374942100547226	12.464272564752434	0.001962360242396407	-1	
29.502747272332805	10.939859233590084	0.0028120885040588488	-1	
29.247413955436254	11.628445270920047	0.0024777617099421456	-1	
29.588502866787255	10.105688623076144	0.0031808410259243978	-1	
29.512085460975012	10.326725337131585	0.0030754682531591313	-1	
29.434016857597634	10.547184272169847	0.0029690759279990663	-1	
30.139905444423729	8.3180853713847256	0.0040142563894452424	-1	
30.201280835304917	8.0924088102054981	0.0041210511528834235	-1	
31.408062536119303	0.84499698244907051	0.0064071698641164423	-1	
31.49470782691834	0.89987760847463205	0.0063857232443830358	-1	
31.484795415634643	0.93103919768551879	0.0064321129853332458	-1	
31.485969573694632	0.9154583768518737	0.0064177387050989385	-1	
31.461244731575963	0.90576048052349289	0.0064176608637117423	-1	
31.490925936654914	0.87719261903033996	0.0063827573774650429	-1	
56.177875896043673	48.166858521277121	-0.00015138028015463433	-1	
56.000169335846053	47.091370429624433	-0.00015135936693384488	-1	
55.165872847538751	46.389798176451521	-0.00015135977801131276	-1	
53.550836188593159	43.894764642220963	-0.00015133385783215733	-1	
54.484648098604929	45.611171201991802	-0.00015135560717071008	-1	
53.600698928492577	45.073620284799858	-0.0001513616011740739	-1	
52.587206287981871	43.357439990675196	-0.00015134183313670249	-1	
36.775717335255081	27.885747743043783	0.0018471934271954934	-1	
36.793315914744547	29.030861146981188	0.0018439585519888304	-1	
36.927533449293819	28.471382035052855	0.0018460689018900672	-1	
38.33488357512735	30.967889573811405	0.00069608900073153191	-1	
37.287634656826526	30.058691957914071	0.0012146357594467444	-1	
41.127970347479724	32.532039236932	0.00010410537952249101	-1	
39.856145303020476	32.848901884583611	0.00011582213933983327	-1	
38.817339246097546	32.268123063298717	0.00025827488147849665	-1	
42.083352544219998	33.776180083043968	-0.00015128696040327374	-1	
42.522725976903267	34.855567141358257	-0.00015133578617325795	-1	
42.802497633243895	35.956637697313397	-0.00015138498110198995	-1	
43.436745820028726	36.76814622084818	-0.00015139859747065709	-1	
44.585195143993758	37.464143804605435	-0.0001513853721147811	-1	
45.322107818433345	38.586778293903691	-0.00015140326119406395	-1	
47.097945169119683	38.718758888190827	-0.00015134926944449076	-1	
46.179007990735499	39.070131587176697	-0.00015139143506299584	-1	
48.153643146547303	40.074989804671638	-0.00015136317353048185	-1	
49.26618606139256	41.580853935772865	-0.00015137674053167661	-1	
47.91241419008675	41.407798883487189	-0.00015141070322714434	-1	
51.525006056549863	43.373296750498483	-0.00015136701053087656	-1	
49.558945937266017	42.820701226419672	-0.00015140264237909593	-1	
50.55103815438828	43.619877478426169	-0.00015139728697434598	-1	
31.446182640783736	21.923799522407911	0.0016221757540337122	-1	
30.857105215751641	20.59039551218514	0.0015451689696160573	-1	
32.08207601987835	24.365074777437048	0.0017189019274905677	-1	
33.096794671907773	25.371811846072081	0.0017711429601814754	-1	
31.067357367848931	23.358337708802008	0.00164957846244778	-1	
34.111513323937203	26.378548914707117	0.0018084725222865649	-1	
36.06331401094166	27.709212466608498	0.0018425016999117612	-1	
35.126231975966625	27.38528598334215	0.0018317215352913407	-1	
30.947534076691067	14.445274539635799	0.001523516819924709	-1	
31.553006411025478	14.291638075901725	0.0015439248955637272	-1	
31.423662786301438	14.181648270300908	0.0015420585198739234	-1	
31.797337323068628	14.146666516008459	0.0015537721026908696	-1	
31.635652619726606	14.131398200134424	0.0015488021921821343	-1	
31.584125359702185	14.198284242468617	0.0015463671286985855	-1	
31.711136122919616	14.123203791256342	0.0015512323367311896	-1	
31.682481059571458	13.993400670124663	0.001551460389811445	-1	
31.55916977983857	13.98857361215053	0.0015482135381612019	-1	
31.18464775104016	13.950745708335301	0.0015405183503625292	-1	
31.673053067339001	14.093038152309939	0.0015503479243553428	-1	
31.14294865880786	12.908464002133568	0.0015479839731722699	-1	
30.868773338995137	13.06881693241646	0.0015464025570010073	-1	
30.803305419585016	13.278062044829827	0.0015444566932707106	-1	
30.995666535521266	12.958572495167973	0.0015472644164761305	-1	
30.672369580764769	13.696552269656561	0.0015383444083710784	-1	
30.87672334937567	12.743216322549026	0.0016796030121146496	-1	
31.043373934944107	12.881400355878336	0.0015474882364196838	-1	
30.946099320290482	12.831453944543824	0.0015694676687385421	-1	
30.99358657301223	12.867868532750721	0.0015473485751060533	-1	
30.812120697907275	18.366717456717861	0.0014599442182734307	-1	
30.75196584172355	17.739653915929054	0.0014339324295647	-1	
30.38257048640725	18.713209681483072	0.0014411320446784655	-1	
30.360182404683336	16.377473200048438	0.0013756455340892832	-1	
30.017690386663539	15.789003393790228	0.001399711016578699	-1	
30.096735066386344	16.121694104192866	0.0013579218023508095	-1	
29.339747840764975	15.900207225476052	0.0010667122923155446	-1	
28.801550516215713	15.589483831725151	0.00091079173641917021	-1	
28.645672879587078	14.662011285462894	0.0011532822238579643	-1	
29.303245133006453	13.810563733791966	0.0015291467441569308	-1	
30.795723516572409	17.202588407656833	0.0014258515285830861	-1	
30.660443582933485	17.308069308297231	0.0014121264991634093	-1	
30.681675848077642	16.905545412028708	0.0014110641064448157	-1	
30.512206863878404	16.915927800354101	0.0013882631521848557	-1	
30.709660060900738	17.152899718849458	0.0014153398219933925	-1	
30.650556899400936	16.998899245461814	0.0014071029413624721	-1	
29.934091844464554	19.904750668856124	0.0014582873856791182	-1	
30.018329985451604	13.171622301772327	0.0017171535770616512	-1	
30.759087131624707	12.89091836256134	0.0016474431543614966	-1	
28.992080638539708	12.31703130825001	0.0021572266726147381	-1	
29.354301424583891	10.767053093540527	0.002862489170882269	-1	
29.272943622002508	10.986319499610012	0.0027557555678611716	-1	
29.189948001812567	11.204971222449753	0.0026491911009298894	-1	
29.105319207608851	11.422996028522649	0.0025428617229271951	-1	
29.019061974362014	11.640381719367518	0.0024375719549756493	-1	
28.931181128153696	11.857116132281597	0.002334026977412799	-1	
31.487143731754628	0.8998775560182285	0.0063977137727423356	-1	
55.244938399285289	49.2341018122519	-0.00015142177305947668	-1	
54.831779342037152	47.836853063420094	-0.00015139937059246628	-1	
53.835713430092866	47.692729854130761	-0.0001514164957906871	-1	
53.212608836201554	46.902375841384071	-0.00015141211484246433	-1	
51.971802407046347	44.273179271169603	-0.00015137875422327018	-1	
52.526882955668249	45.80129712381089	-0.00015140231982271779	-1	
36.46395363473021	28.139163586173591	0.0018447769350738834	-1	
36.390742261468617	29.3541557801165	0.0018422900785204535	-1	
36.436444973187555	28.761394881116956	0.0018433193737713567	-1	
36.358578212274352	28.431818408895786	0.0018435590640519931	-1	
37.894476114674816	32.565449000528886	0.00011863012579118104	-1	
37.254327615555262	31.837239572298142	0.00031851074093554527	-1	
36.189036566340221	30.412635783137159	0.00108412367552804	-1	
36.184847535723307	29.767749076569068	0.0016566182555678914	-1	
40.858874058470235	33.578848660344015	-3.011067734229299e-005	-1	
39.618018095213735	34.014971134694861	-6.8108899216763637e-005	-1	
38.829738230945104	33.319362050324983	8.8502949618698721e-008	-1	
41.366399928424812	34.710530923073122	-0.00015137598173909869	-1	
41.780916783151291	36.087746098773913	-0.00015143689313635656	-1	
41.860618138989544	37.523780066655746	-0.00015150413019898278	-1	
43.582768238866834	37.82271151257693	-0.00015143964375364318	-1	
43.643262494531591	38.885618350617712	-0.00015147967369645487	-1	
44.779169361697392	39.549374661530486	-0.00015145828379711524	-1	
47.202509486171088	40.410538708580894	-0.0001514026648964553	-1	
45.798141243774801	39.977241741716313	-0.00015143569834924031	-1	
48.657476511150222	42.379073655540516	-0.00015141606501662349	-1	
46.752223337286672	41.807305726378132	-0.00015145875175412196	-1	
47.680509028994535	42.609760838523421	-0.00015145112990389877	-1	
49.029120967857978	43.979241321037662	-0.0001514463760096001	-1	
48.133924988402924	43.512025103303834	-0.00015146037431077507	-1	
49.939429737634292	44.432062098923616	-0.00015143283461329976	-1	
50.626114967782954	45.181843472333632	-0.00015143295976300855	-1	
30.086489053879063	21.302731639139374	0.0015220318709978332	-1	
30.052638715819501	22.351600640166971	0.0015615420628311662	-1	
31.290492439780898	25.023902559634578	0.0017105006386847785	-1	
32.462095113507957	26.187141236645996	0.0017712587085234673	-1	
30.11888976605384	23.860663882623165	0.0016269829990643813	-1	
33.633697787235015	27.350379913657417	0.0018121292645035863	-1	
35.63359130198134	27.888654517659671	0.0018384747457617025	-1	
35.887270964988694	28.140338784818429	0.0018409169559742335	-1	
36.16098446859079	28.164538215918	0.0018428748772525954	-1	
34.805300460962073	28.513618590668827	0.001834837080662944	-1	
35.45743206073336	28.385130756108854	0.0018384392786298517	-1	
31.580843356055802	14.145326630414354	0.0015469893831914715	-1	
31.485645120810279	14.091617151838589	0.0015450841327209798	-1	
31.624934922770606	14.099741066504228	0.0015488340837882914	-1	
31.615244308378898	14.104930409035509	0.0015485078824589067	-1	
31.627243410886798	14.076859145197879	0.0015491484962663561	-1	
31.594919555302052	14.094168631653609	0.001548038232342141	-1	
30.901507298700199	12.964194376209779	0.001546999680563112	-1	
30.917874278552731	12.911883098106438	0.0015471874629941164	-1	
30.913720567196723	12.849188531873789	0.0015652572920675735	-1	
30.936499916137699	12.852352817239822	0.0015473059071526903	-1	
30.943799211080361	12.854336709623105	0.0015472943167584405	-1	
30.934241258405262	12.859571820003097	0.0015472828458269791	-1	
30.467867119412233	18.167962278536045	0.0014219829588495371	-1	
30.383445142543096	17.497096517208046	0.0013848365611736735	-1	
30.319449502913862	17.898688379971354	0.0013952764488400396	-1	
30.313383843946628	17.691826845929334	0.0013850222757167934	-1	
29.850895081776393	18.265591442719639	0.0013741140286539805	-1	
29.589745813954885	18.560098309958228	0.0013742910565107457	-1	
30.156982314452751	18.209542904043172	0.0013962684910384469	-1	
30.028003698125321	16.220997154463472	0.0013275726349994664	-1	
30.182452498633538	16.957234443948551	0.0013380290097255222	-1	
29.932334226541215	16.337327148693156	0.0012892145807229939	-1	
29.952222467253414	15.998248506203595	0.0013633225817069616	-1	
29.608846503039608	16.055568922351505	0.0011554295315047154	-1	
29.922968787136501	16.161392085470563	0.0013179322299266853	-1	
29.919488507548351	16.10287106241028	0.0013361199790654498	-1	
29.308594296108616	16.345111426589909	0.0011106113364211356	-1	
28.263353191666454	15.278760437974249	0.00079603914099128311	-1	
28.100563550561802	16.223867930297104	0.00079586497079478242	-1	
28.15211296368436	14.06310523831022	0.0012903083724752358	-1	
27.935359053002465	14.513680140190145	0.0010642954106577479	-1	
28.362104882398196	13.626586755795167	0.0015109035533652036	-1	
27.949698110190635	14.867357289219393	0.00089915339442449651	-1	
28.572096801112032	13.190068273280115	0.0017314320925417735	-1	
28.782088719825868	12.753549790765062	0.0019492731957796556	-1	
30.584136448108715	17.228428652442481	0.0014012875987853893	-1	
30.656657401666916	17.145325558726601	0.0014088543982807619	-1	
30.409327568853158	17.307139549482038	0.0013814226407040497	-1	
30.616155947077857	17.039295466840667	0.0014028777227492217	-1	
30.507771945760343	17.025142009979099	0.0013883513649077493	-1	
30.326450062741614	17.080591569640962	0.0013631984280125557	-1	
30.623596605229068	17.103211030042083	0.0014043384757998533	-1	
30.619437950724226	17.09225307889492	0.0014037216267741895	-1	
29.067447278311864	19.149112044435405	0.001370084484269788	-1	
28.841963896667163	20.264360291083172	0.0013911329623514045	-1	
28.841681585906471	12.073187141001037	0.0022309552160632005	-1	
28.750568355108758	12.288582656379383	0.0021277642680961571	-1	
28.657846533534659	12.50329062706394	0.0020253603628615454	-1	
54.291729151559821	50.283278987489275	-0.00015146235166031149	-1	
53.743389671494455	48.694925006778945	-0.00015143990682635181	-1	
52.550551836873943	48.065133470337997	-0.00015145148479899729	-1	
51.74657852145652	46.837501406505794	-0.00015144310750029959	-1	
51.470270670751823	45.817527428858718	-0.00015142704809410917	-1	
36.308071784467771	28.265871507738495	0.0018436210265124809	-1	
36.189455434830649	29.515803096684156	0.0018417693440248063	-1	
36.051695200198857	29.138113924181653	0.0018417188636311464	-1	
36.255867567721992	28.474906340103203	0.0018429687279282799	-1	
36.140280454820996	28.519361205578225	0.0018423423213336787	-1	
36.20379477591225	28.376445836990356	0.0018428538161846236	-1	
36.230130859336555	28.329225468520946	0.0018430751785357112	-1	
37.799824458824141	33.530394665493446	-0.00015993865471456835	-1	
36.512280886692579	33.010761504194875	-0.00029009358363607128	-1	
35.762777624825546	31.841987816559357	2.0783403917811549e-005	-1	
35.651541292534709	30.025403931601709	0.0013158430152377175	-1	
35.975857807165411	29.803988735233009	0.0016883928542847388	-1	
35.314181742937357	30.957759392497287	0.00041219356444850024	-1	
36.088812021511671	29.596626754967982	0.0018415776444056181	-1	
36.038490314852183	29.637038584109895	0.0018414980971887024	-1	
35.999424010171666	29.697506020107333	0.0018158650705215305	-1	
40.570741492337	35.578839738323232	-0.00015147057412021942	-1	
39.027190565934355	34.978125729808845	-0.00020712653697942744	-1	
37.910511478946241	34.805580778775969	-0.00035401996097947055	-1	
39.775083056249187	36.447148553573342	-0.00015156275269122274	-1	
40.480484669450313	37.734278707048702	-0.00015158724017417288	-1	
41.294095295363604	38.439044400755378	-0.00015157301276612473	-1	
42.604513268477049	38.348321678961739	-0.00015150496258394919	-1	
44.187947771951798	40.483093552091141	-0.00015151293852849989	-1	
43.021979987132987	39.989052049402737	-0.00015154647992887034	-1	
45.115369317938651	40.619543757823187	-0.00015148103378704453	-1	
45.584210531836383	41.431280968228037	-0.00015148791236838514	-1	
46.615394961599051	42.903740998922046	-0.00015149245760524984	-1	
45.316878201913028	42.570891448880168	-0.00015152878374938254	-1	
47.037548663682095	43.864302955134967	-0.00015150228804944161	-1	
48.910784800801359	45.20927905611682	-0.00015147800715534311	-1	
47.880233347834235	44.489423377934777	-0.00015149111169444887	-1	
49.776269414262764	45.684454657425796	-0.00015146561983526421	-1	
50.261540448647906	46.544319467384064	-0.00015147194450192901	-1	
29.037920063790075	21.344863571531935	0.0014496583842259832	-1	
28.947287092326778	22.697425205611747	0.0015159813454288986	-1	
30.355951294303587	24.793530562093071	0.0011746686872514374	-1	
31.401196148803123	26.084035604794487	0.0010852726643873639	-1	
32.235921136143325	27.58657420871673	0.00069442181519630876	-1	
29.044915320807629	23.770727747509756	0.0008531543147708865	-1	
33.335124125385967	28.502405425147252	0.0008520742863615126	-1	
36.014110796492375	28.266180918397811	0.001841801779051414	-1	
35.95163240700294	28.40635834586147	0.0018413999700434387	-1	
36.148238874489095	28.358594202003964	0.0018425670760757371	-1	
36.077530712244211	28.329101985187499	0.0018421705224013138	-1	
34.161995869198314	29.358321384782368	0.00084085481683180004	-1	
35.391101797825598	29.095237929174534	0.0018399193660038986	-1	
35.845698338362268	28.691617118735103	0.0018409436923872778	-1	
31.617636354765949	14.097754501446177	0.0015486498562021888	-1	
30.295740330164715	18.068584689445135	0.0014012160712230444	-1	
30.098325270260176	17.361505971718156	0.0013412625676369725	-1	
30.176616190845316	17.976781325596502	0.0013845397762133119	-1	
30.212325104357252	17.872424790650559	0.0013825796216683651	-1	
30.209676935540955	18.018895894899682	0.0013902206027483974	-1	
29.868826310601072	17.578320097439395	0.0013229357908994114	-1	
30.098034374365945	17.848169693223817	0.0013684622440684375	-1	
29.981469715687147	18.118338009100345	0.0013748319545854053	-1	
29.905726635629257	17.966382369467588	0.0013561872841536793	-1	
29.36339904338249	18.10395262596116	0.0013205783467063637	-1	
29.003360968129201	18.578173674803541	0.0013454421375048069	-1	
30.046757032642528	18.0447112922907	0.0013759648449307902	-1	
29.90727523905182	16.217876906746266	0.0012952635819184221	-1	
29.682720169440312	16.529545914773042	0.0012234552370124199	-1	
29.617175552130643	17.082076341609763	0.0012454873418972991	-1	
29.802092928254698	16.289060792778972	0.0012461261158120398	-1	
29.869878182346259	16.232467453391855	0.0012738233285897343	-1	
29.743395834176923	16.133249770789227	0.0012049932582648098	-1	
29.71761730455901	16.263340844558428	0.00121429150857285	-1	
29.886754547843292	16.207493618616962	0.0012932444577394655	-1	
29.81067049974558	16.172090195008089	0.001235259765635823	-1	
28.809578871168469	17.209431496346756	0.0010868425372482266	-1	
27.994254529391817	15.123398741098798	0.00077256835128000818	-1	
27.893395760635045	15.522410750056066	0.00074380665033533773	-1	
27.363471273455584	16.837401641128015	0.00060531625180984788	-1	
27.901664288268613	17.148132499561044	0.0008378775419753022	-1	
27.389499917842674	16.395183951495124	0.00055657571639444205	-1	
27.416206851286891	15.965766056897488	0.00058108656832407202	-1	
27.964200279700879	13.98599110400216	0.0012847856050214595	-1	
27.858803989623048	14.194769625189878	0.0011789757366919913	-1	
28.068031976199777	13.776430068326011	0.0013912020381455208	-1	
27.751849002875808	14.402753950756486	0.001073743209758355	-1	
27.643341303577547	14.609932444004455	0.00096914017663989039	-1	
27.826982097661517	14.738967591130109	0.00095058315355292034	-1	
28.170293269749049	13.566098243075695	0.0014978287114697285	-1	
28.270978438841858	13.355007396291063	0.0016045049391116596	-1	
27.859705198254503	15.045717892661074	0.00077503852784475166	-1	
27.772793619991045	14.85161131660009	0.00089198325845955633	-1	
27.790980034572161	14.947054885033019	0.00083105263373627069	-1	
28.370081850155316	13.143169338479122	0.0017109586885374743	-1	
28.467597958865721	12.930595921953254	0.0018167457308052484	-1	
28.56352130895873	12.71729904017006	0.0019218379799290717	-1	
30.608978785243259	17.120965769660405	0.0014026874977125085	-1	
30.505985552570312	17.141577525566255	0.0013896948055720146	-1	
30.596721151260326	17.088667209102354	0.0014007696272756781	-1	
30.617045904337171	17.099428986484252	0.0014034787880306764	-1	
28.545148742668847	19.738125778912583	0.0013518086672754243	-1	
27.791657493216952	19.069497366184013	0.0013125641869799402	-1	
28.385567986267532	18.424219615988967	0.0013315316953633131	-1	
28.530560737775364	20.841495037214415	0.0013853044780910374	-1	
28.27688107476801	20.589810770055657	0.0013511457526063852	-1	
28.283999474847338	20.032632646151171	0.0013358479739361843	-1	
28.240644528250822	20.32298634851357	0.00133852134283851	-1	
53.318597926458295	51.314005058625952	-0.00015150158461008006	-1	
53.142226916630584	50.172748931221491	-0.0001514824767696938	-1	
52.302534101536409	49.379976417996495	-0.00015148365748965435	-1	
51.572966684062941	48.561545557034123	-0.00015148299091376035	-1	
50.713983099903288	47.880190368487987	-0.00015148860522655184	-1	
35.999311202310629	29.536715115896726	0.001841525589934569	-1	
35.684002466257368	29.386047598427396	0.0018410521762088254	-1	
35.830452800473253	29.531452433053822	0.001841338211612251	-1	
36.163563768792891	28.412568109270502	0.0018425819801124765	-1	
36.038447250274189	28.456154910818618	0.001841865922179529	-1	
36.127658246724316	28.410790684757572	0.0018423885203880739	-1	
36.152189934205339	28.3925794293034	0.0018425452225760985	-1	
36.683171069042757	34.442280960237539	-0.0006151489261642418	-1	
35.822379232691773	33.819079629594896	-0.00077940546543086545	-1	
34.983901049733454	33.166165530538841	-0.00091065596457193124	-1	
34.823195549038289	32.180484073349106	-0.00054434600887567951	-1	
35.863399254261907	29.750367956691388	0.0016966529438988687	-1	
35.17366521364233	29.680639156057506	0.0012692697460469013	-1	
35.762712186482972	29.696512436149458	0.0016630408666070445	-1	
35.96360388210033	29.695620031885746	0.0018191735607001325	-1	
34.378642669284083	31.286187181873128	-0.00027753197863909069	-1	
33.693376273812	30.53607267138544	-0.00020968565110094053	-1	
35.984314733972582	29.643368325277638	0.0018414486760379113	-1	
35.988168608192687	29.677450413251808	0.0018414126988813104	-1	
35.982270883362759	29.682186696338668	0.0018413531641551255	-1	
38.523168209273777	35.989414712953554	-0.0003035723905953138	-1	
37.194520218613818	35.882150693630855	-0.00060117984438408519	-1	
38.979424620161375	37.315457368823452	-0.00015165828031434516	-1	
39.220092467240164	38.334686541739067	-0.00015169104883552628	-1	
39.992211986376006	39.042203727190582	-0.00015167059573104895	-1	
41.98133973451354	39.26750804780476	-0.00015156986751526671	-1	
40.911304685397141	39.82116272112858	-0.0001516458056804244	-1	
43.693034823496561	41.424788941641118	-0.00015156118527196642	-1	
42.052281148358347	40.276392396326997	-0.00015160125939826037	-1	
42.635171627238869	41.312296758571478	-0.00015160447937049505	-1	
44.16206131877761	42.379641380488458	-0.00015156802694864179	-1	
45.792069263127409	43.640644727714303	-0.00015153804277718286	-1	
44.69259909424224	43.488618164198314	-0.00015157398125439979	-1	
46.675741063390021	44.84918278550866	-0.00015153552052756135	-1	
49.057669964915938	46.436235056434406	-0.00015150018553102085	-1	
47.940586145563827	45.974596537641709	-0.00015152108432736475	-1	
49.620107076506237	47.506118637482992	-0.00015150728552545866	-1	
27.77568441859972	21.53418652860033	0.0013632848138456161	-1	
28.035491063735822	21.021569331514424	0.0013497874936409401	-1	
27.860396699046873	22.620497887647439	0.00057195702520313678	-1	
29.677791645669291	25.476566359694861	0.0002114220304066201	-1	
30.650197606258427	26.84043402740458	5.4568723848680698e-005	-1	
31.16808017343142	27.797899644602442	-0.00018578745554471878	-1	
29.768512831102893	26.44046952512943	-0.00033372334024937296	-1	
31.539303708683097	28.82119620395023	-0.00056320772616898804	-1	
28.271995216028841	24.5217964055363	-0.00028250584519083177	-1	
27.449068619914641	23.704744629872291	-0.00049792684317060169	-1	
33.149464915403918	29.677922191689618	-2.0364880323035392e-005	-1	
36.095784890556779	28.374124977863833	0.0018422414230386756	-1	
36.140950627996048	28.392023051977187	0.0018424856934915969	-1	
30.123613540917198	17.969207100354229	0.00137873300344611	-1	
30.131680686471345	17.947670327089405	0.0013782491270008161	-1	
29.487262275044323	17.641418296241394	0.0012770328643063376	-1	
29.849870870264887	17.775908082450528	0.0013345780538465619	-1	
29.998091456559717	17.907934512901079	0.0013614542906672954	-1	
30.097580495530931	17.95320418494892	0.0013750474304864819	-1	
30.064540710411965	17.994721082975108	0.0013743878159155401	-1	
29.061797459543172	17.8945154502779	0.0012750178249370881	-1	
29.114707453976088	17.753498260404513	0.0012486494183761346	-1	
29.010164179465974	18.003690086364127	0.0012952693283035037	-1	
28.682523232792825	18.101580740891443	0.0013144446018253317	-1	
30.112044349597902	17.971084575481051	0.0013776838152887937	-1	
29.884495890110855	16.214712621380233	0.0012846556652267771	-1	
29.156366759934926	17.4412167627735	0.0011962000374136244	-1	
29.835241278794637	16.207214390342923	0.0012529144169198688	-1	
29.877945165314237	16.210930619226954	0.0012762170863160217	-1	
28.439857303081642	17.458863357994073	0.0010271757390676306	-1	
28.708953810488151	17.614228787210585	0.0011215463687761992	-1	
28.943274974072182	17.604541103412913	0.0011803325059227912	-1	
27.759933500197004	15.133089674893142	0.00076771908660441487	-1	
27.556293119976143	15.286307204576458	0.00072071586808719731	-1	
27.094374766049068	16.682036211911502	0.00043359286115315861	-1	
27.022733018167123	17.46795318612671	-0.00021603314116210677	-1	
26.85291325733559	16.771634969828742	8.7834378744375048e-006	-1	
26.985606846303959	16.474262781090708	0.00031383148074654781	-1	
27.016476929204412	16.221296273741455	0.00035505073821896451	-1	
27.077727624993535	15.633333333333393	0.0005262388566917818	-1	
27.193906096668162	15.430356951478638	0.00061217178265068699	-1	
26.960034157776384	15.835435032103851	0.0004221041049872728	-1	
27.533286962720755	14.816293513322478	0.00086696240838740699	-1	
27.678521063023673	14.856160341975997	0.00087213517464554316	-1	
27.792430532685845	15.006877468442212	0.00078641166196720608	-1	
27.745699381155806	14.907933179335082	0.00086031813217371132	-1	
27.758698107759471	14.959522860995541	0.00082141202871341954	-1	
27.983741754310632	19.57871342508119	0.0013117994740127453	-1	
27.197747000166377	19.714775116379059	0.0012190093936195457	-1	
26.920785892652681	18.502257431428767	-0.00035986772600400002	-1	
28.150041243264329	20.463968636476277	0.0013331202870601976	-1	
28.010361562334989	20.527552023135044	0.0013195438725281527	-1	
28.153424840936587	20.179886079770462	0.0013257503531747504	-1	
27.99349906276694	20.122866117742326	0.0013077184775768364	-1	
28.0559761421734	20.331579733915763	0.0013189551028465465	-1	
28.086621327512489	20.401047569686586	0.0013242366292404563	-1	
28.088137523981207	20.253512796580111	0.0013204992363118203	-1	
52.32590180780457	52.325901807804591	-0.00015153949342470229	-1	
51.701371346672545	50.857800342439035	-0.0001515243004489216	-1	
50.99057275055398	49.991122378966892	-0.0001515229569928732	-1	
50.560248103431825	48.956141202958577	-0.00015151297045028702	-1	
49.546121282815641	48.681752715070722	-0.00015153128703527277	-1	
35.903677967581189	29.604154850367035	0.0018414357345244421	-1	
36.146320327804915	28.397350514751444	0.001842507598590013	-1	
35.712910866378301	35.508604807189251	-0.001122658685542968	-1	
34.639706369635412	34.473031124661816	-0.0014928672248062554	-1	
33.82859620177549	33.801100379805476	-0.001777815919515589	-1	
33.491095577574654	32.803360955430058	-0.001575486374495124	-1	
33.577429897368226	31.835672019115318	-0.0010328285740184467	-1	
35.926016366112336	29.654882879248511	0.001819382864849969	-1	
35.976903134689131	29.676857267680248	0.0018414169799764804	-1	
32.886143729071428	31.153030879304872	-0.0010788890469409435	-1	
37.764268165178464	37.000669349867771	-0.00041169146262524535	-1	
36.442908492708639	36.852905215474664	-0.00082663458217994111	-1	
38.183766184073562	38.183766184073562	-0.00015175713536050151	-1	
38.494446801920454	39.683948620206699	-0.00015179185373295268	-1	
39.499598718636221	39.96118186373085	-0.000151733809724832	-1	
39.932295913391179	40.909845020306193	-0.00015173432933158912	-1	
41.306324824220674	40.959348819073313	-0.00015165959309554184	-1	
43.165819843440488	42.223283347959701	-0.00015160512236470287	-1	
42.209784754482698	42.183965911636058	-0.00015164730944400485	-1	
43.546893333346105	43.100968910908492	-0.0001516099279964071	-1	
45.206285684817175	44.562580311513713	-0.00015157804167823159	-1	
43.724852682086862	44.03213781429686	-0.0001516223299703596	-1	
45.183386442986496	45.654634909973453	-0.00015159979275895184	-1	
46.501464542424678	46.336148750807432	-0.00015157017299784924	-1	
48.422420661679574	47.18155760589697	-0.00015153164306530453	-1	
47.449904833327992	47.066404040579648	-0.00015155584747272787	-1	
48.649517894607669	48.134172022539957	-0.00015154317811297529	-1	
27.189883081736195	20.952567190094619	0.0012350227588126654	-1	
26.4933381044602	21.178895269907002	4.5142913737834395e-005	-1	
26.771733943190146	22.665906513081019	-0.00061279009560648821	-1	
27.72594821796293	20.635735404222022	0.0012871365090365958	-1	
28.086452179188406	25.916217041103167	-0.0012909874895942592	-1	
29.872883716315439	27.515824500763486	-0.00092757683512552391	-1	
29.737738383228447	28.536659900789889	-0.0016392095889617622	-1	
28.980198424395496	27.002519382347483	-0.0012646841465658624	-1	
31.957153075237212	29.97733531814194	-0.0009884139693693123	-1	
30.734613498074168	29.848289873574256	-0.0017371426158178408	-1	
27.206007988799431	24.867747025750109	-0.0014017170356045523	-1	
26.367796630816311	24.123830148948233	-0.0017763472028039355	-1	
30.117062844671949	17.965425048748166	0.0013778347233561329	-1	
28.957660500106538	17.833355083573778	0.0012654056986054908	-1	
28.998731016217185	17.791521661619072	0.0012489210070602624	-1	
29.007786914463043	17.664839165423647	0.0012091860203597446	-1	
28.992668271914567	17.751839587162486	0.0012315130522093903	-1	
28.831000856055468	17.94026130334268	0.0012955225276975594	-1	
28.905239667686793	17.859601584568299	0.0012780841474284536	-1	
28.843502064191409	17.691911501818844	0.0011698821667951462	-1	
28.953480026015018	17.734469680302816	0.001213279553865908	-1	
28.910776191043034	17.730752859122973	0.0011976472987057711	-1	
27.749726646166241	15.003161239558196	0.00079577625589569232	-1	
27.695420723487665	15.072792507658667	0.00078244740199494951	-1	
27.308563072629006	15.226517243043274	0.000694035176134588	-1	
27.421692137832316	15.021825612834011	0.00077585386609076233	-1	
27.612250802742253	15.013526968707858	0.00079863881481209253	-1	
26.959826512345817	16.604353497303244	0.00032123172373761178	-1	
26.540114500690592	16.93806907039383	-0.00057730811314799456	-1	
26.261501415078843	17.353249451103107	-0.001149650588340666	-1	
26.749074314899403	16.626683784861871	-0.00010875812279044566	-1	
26.679421043496465	16.730478880039193	-0.00027531695917779048	-1	
26.840243598726978	16.593778702746846	0.00010261290098031341	-1	
26.901131579347989	16.448541661208967	0.00022958850166348782	-1	
26.867982093614547	16.530387603874818	0.00019339649385159875	-1	
26.892552385494184	16.565512139999115	0.00023844621884297145	-1	
26.840832279951776	16.036650740224729	0.0003010557556067183	-1	
26.720128660850161	16.236969199701818	0.00014240756553075826	-1	
26.807596101706235	16.405398479365999	0.00014407078220847702	-1	
27.679764155444381	14.936900687114365	0.00083502840022826375	-1	
27.705890972194673	14.932130314226884	0.00084029289216712823	-1	
27.725155867117188	14.968037044223349	0.00081179152919301067	-1	
27.732152261738189	14.936094110702577	0.00084290852505609513	-1	
27.725378702029378	14.950174576386326	0.00083202449276448232	-1	
27.674024060675269	20.031324306302594	0.0012678142853554759	-1	
26.900791753641087	20.03741399147658	0.0011282849177521445	-1	
26.416124515114383	19.41082519569936	-0.00039991396868938565	-1	
27.075325282488258	20.347042558698423	0.0011529521011143225	-1	
25.857992515360017	17.954545611464706	-0.0019556556470295373	-1	
25.454483615641195	18.555841771826305	-0.0027203224349112236	-1	
28.041455590073205	20.383149495573242	0.0013186722978480276	-1	
27.959880995447836	20.441133117445876	0.0013109632785931308	-1	
28.040633884795273	20.277149304074165	0.0013158482278632917	-1	
27.946520994301924	20.22155995324399	0.0013041345573266835	-1	
28.023201411760652	20.338126502896898	0.0013154395874421315	-1	
28.022850207025829	20.327139513389756	0.0013151284421594588	-1	
51.314005058625938	53.31859792645831	-0.00015157534000452799	-1	
51.257746807044789	51.913406633699331	-0.00015155213483815667	-1	
50.305114935335439	51.278111512270094	-0.00015155999099434635	-1	
49.884811422370205	49.807663332567962	-0.00015154356341843324	-1	
48.742364494707715	49.358300774079765	-0.00015156220703132524	-1	
35.11766582523542	36.314541738619177	-0.0014304891295462189	-1	
34.274031215059082	35.774049702636695	-0.0019321999757783656	-1	
33.026316795484497	34.483550659701613	-0.0025282343445928415	-1	
32.198736287741418	33.726401182117094	-0.002867139595620005	-1	
31.952986574208762	31.663315231483875	-0.0019733078914333964	-1	
31.736162098291292	32.704545053566036	-0.002686003018056353	-1	
37.241073086173451	37.852102320945598	-0.00044733278409031491	-1	
36.354954361960573	38.31412483287852	-0.00062273471776935253	-1	
35.299433788944469	37.299839360567454	-0.0012519498596952005	-1	
37.476311060177167	39.853371744755968	-0.00015187227388189424	-1	
36.447148553573342	39.775083056249187	-0.00015195441492652393	-1	
37.541419390347627	40.88345207613289	-0.00015189151789643022	-1	
38.293038443251305	41.806789211514918	-0.00015185884321404107	-1	
40.318857600589112	41.916069549558991	-0.0001517366868077575	-1	
39.167488078149951	42.614762294166155	-0.00015181754263845576	-1	
41.269891154399851	42.423467737184275	-0.00015169853099813999	-1	
42.599307035687048	43.07224148619779	-0.00015164944417476374	-1	
42.395390602186268	44.015931801098361	-0.00015167721732316428	-1	
44.227386033946317	45.047207069770408	-0.00015162258134782041	-1	
42.847890477522078	44.868795908157558	-0.00015167245547122781	-1	
44.130811143270144	46.175736490578572	-0.00015164461473717825	-1	
45.086105655656901	46.781738487128102	-0.00015162189698387954	-1	
45.999687142198518	47.212965161279975	-0.00015160033761645961	-1	
46.666751370351633	47.971656727445144	-0.00015159296434716151	-1	
47.599448929526424	48.768908812317413	-0.00015158081834115757	-1	
26.896982413304428	20.661757520841768	0.0011390482075298968	-1	
26.043554509043382	20.701344333498628	-0.00047108513744951623	-1	
25.620260709911058	21.602373993262407	-0.0016267492524856652	-1	
26.559020855135866	20.526173310850719	0.00068569521743708651	-1	
25.464478285993344	22.560147558571959	-0.0022664635084064439	-1	
25.310317271405147	23.715610297882066	-0.0026993010916405874	-1	
27.894045000750307	20.33675594561106	0.0013005496242319758	-1	
26.834641872413595	25.925148466945966	-0.0022860013968981499	-1	
27.304405462146839	27.085506594541133	-0.0025437816262305845	-1	
28.200178085959127	28.212728384887086	-0.0025339380980759852	-1	
28.561680567305093	29.11149640401355	-0.0027989149137846712	-1	
29.312701830355049	29.723407393186527	-0.002640993838067182	-1	
31.040653906042817	31.116669552504021	-0.0022773150497766444	-1	
29.890878383468301	30.843558077433201	-0.0029056031980781607	-1	
25.415741202535184	24.856857755743462	-0.0030005231367631535	-1	
28.979478479318111	17.778941865793918	0.0012472708643723471	-1	
28.984600990234881	17.773376309437534	0.0012401854578020803	-1	
28.978050317894663	17.769594216427102	0.0012330577349978849	-1	
27.710538159352591	14.985791876234972	0.0008091023573485143	-1	
26.349075307249716	16.832429263102085	-0.00060389238334238244	-1	
26.222433091093684	17.029047161469933	-0.00086911010092439415	-1	
26.474243295871112	16.634869592379601	-0.00033537569749464516	-1	
26.094323733019493	17.22471228673583	-0.0011338197239044703	-1	
25.964754400730019	17.419413691459994	-0.0013959792468164606	-1	
25.833732343613534	17.613140482122681	-0.0016566041190480573	-1	
26.78390095060087	16.574786237273212	-1.3594794097498536e-005	-1	
26.705226527335903	16.543105198161584	-6.1944200706553552e-005	-1	
26.833019364315803	16.560705087329325	0.00010899872150730293	-1	
26.833345540322249	16.505134060419937	0.0001381588292642439	-1	
26.825278258642555	16.526670782694985	0.00012443575051640518	-1	
26.597930053824243	16.436379202741854	-7.2766851820241514e-005	-1	
26.775463655750784	16.503264334668685	5.072136265131656e-005	-1	
27.71860514232057	14.964255042070072	0.00081947416676560983	-1	
26.752314130378444	20.198733429025346	0.0010277730471422589	-1	
26.543406345901783	20.19269167192536	0.00057978260005102627	-1	
25.981847731042588	20.073335215179004	-0.00076124275474302402	-1	
25.074980774114003	19.036056654589707	-0.0033391460665243068	-1	
26.750532079088547	20.516352686215338	0.0010493202484267675	-1	
26.720286245358409	20.36374837940863	0.0010045690843305832	-1	
25.701264892338077	17.805881819733699	-0.0019158378632356983	-1	
25.567359458441317	17.997626920438826	-0.0021697271173793634	-1	
25.432023533915864	18.188365056123175	-0.0024191841929466504	-1	
25.157090580704597	18.566777802264923	-0.0029140164649614012	-1	
25.29526469079012	18.378085555011431	-0.0026681783975124797	-1	
25.017508934483818	18.754431240575542	-0.0031548261613842284	-1	
28.004539330680061	20.351566672903022	0.0013136667902180646	-1	
28.003367857884815	20.31491864959051	0.0013126159789271113	-1	
28.017831711951786	20.332799040122637	0.00131470050591922	-1	
50.283278987489268	54.291729151559842	-0.00015160929615658006	-1	
49.858135754940477	52.666060739719782	-0.00015159140696764968	-1	
48.581763708599624	51.569718143910904	-0.00015160024561302016	-1	
49.331296720880488	50.761168963686607	-0.00015157172489647325	-1	
48.924782506763975	52.461525816461361	-0.00015160642789068058	-1	
47.691206227471149	49.992475819880831	-0.00015159717900188515	-1	
33.530394665493397	37.799824458824098	-0.002199159408403587	-1	
32.837432151993518	35.496527135088087	-0.0029099667497069137	-1	
33.010761504194818	36.512280886692572	-0.0027735126452586305	-1	
31.286187181872958	34.378642669283828	-0.0039474999794928039	-1	
30.798486031142868	33.350032751589509	-0.0037310326850696946	-1	
30.15423715902083	31.995606594409079	-0.0034053782405380562	-1	
35.335387118254864	38.318783138388085	-0.0010433063214300364	-1	
35.299951022426164	40.266387865826239	-0.00040589812135038907	-1	
35.989816645145929	41.019244084495753	-0.00015201600114624666	-1	
34.743803080004611	39.149185083192762	-0.0010887012677723033	-1	
34.710530923073122	41.366399928424812	-0.00015213226837571464	-1	
36.817713393726194	41.546606441660451	-0.00015195810658279044	-1	
37.270913021865951	42.417315451099363	-0.00015193636069739191	-1	
37.940004740930291	43.75019324036473	-0.00015190554268722771	-1	
40.261760321718064	42.99247915655107	-0.00015176178411228287	-1	
38.916811291317408	43.574977279634112	-0.00015184518904200797	-1	
41.430622107368528	43.979120475450927	-0.00015172027034788982	-1	
41.810825306051179	45.496135771692273	-0.00015172465853555259	-1	
42.960583410590253	46.075593230450842	-0.00015168591484034634	-1	
43.500939302003999	47.167060394487955	-0.00015167989431302681	-1	
45.024019966757066	47.911327524102212	-0.00015163988423977088	-1	
46.533112693312709	49.072202334532555	-0.00015161297086524098	-1	
45.401530794713246	49.021143731706296	-0.00015164326032927436	-1	
26.474310735935767	20.368418644908981	0.00052023880853869521	-1	
24.957544812205143	20.893567951431997	-0.0028072910802700488	-1	
24.264483573098214	22.0308886439039	-0.0039619563621743209	-1	
26.677306911980601	20.443650268902125	0.00099173637549066786	-1	
26.585414743610229	20.384381187136007	0.00081442744846864791	-1	
26.640694328426633	20.407299060245521	0.00094016709525734899	-1	
24.309992401986804	23.182453474791245	-0.0037832759787656085	-1	
24.36020191718557	24.333822928019408	-0.0038577377234784893	-1	
25.588638091416701	26.045910183796394	-0.0033345761803787112	-1	
25.843194433687167	27.182309006040775	-0.0036460382661647737	-1	
26.716897383177791	27.952272882232325	-0.0034186542258605266	-1	
26.702703247183514	28.999291538625442	-0.003994671449491072	-1	
27.705601124029464	29.564923336412463	-0.0036436995694327976	-1	
28.70918770950281	30.830112587861315	-0.0037098103016084201	-1	
28.910985307758143	32.107810905225293	-0.004346784227624528	-1	
24.407776497489373	25.510880816671285	-0.0040836897816605927	-1	
26.801314268451605	16.548837463478883	4.0445888808077461e-005	-1	
26.784589975522017	16.528205812139397	4.1014734250165792e-005	-1	
26.810020927376979	16.535863076581716	7.3265662312082345e-005	-1	
26.818727586302344	16.522888689684553	0.00010592052628473028	-1	
26.678075318747119	20.279393147799727	0.00097552844613183842	-1	
26.584583970216727	20.347473070748954	0.00080891867736508302	-1	
26.64095591293146	20.319723007186916	0.00093211596472729465	-1	
24.695477932586808	19.516271537353113	-0.0039317400594405432	-1	
24.876527561703789	18.94103537075641	-0.0033957133139449289	-1	
24.734154350255039	19.126579752329313	-0.0036319368027321543	-1	
49.234101812251886	55.244938399285303	-0.0001516407685692993	-1	
49.145610613880329	54.093529875234601	-0.0001516259852224513	-1	
47.722871662113704	51.014635239315723	-0.00015161103012461161	-1	
47.505944302836028	52.547132665175489	-0.00015163604497336135	-1	
48.369067768006921	53.238805656571841	-0.00015162817935928196	-1	
45.986777118262552	50.036866715918471	-0.00015163986635104319	-1	
32.375787832932417	38.48316104632891	-0.0027697452910176346	-1	
33.492982029470902	39.05372487232696	-0.001818469417370346	-1	
31.837239572298113	37.254327615555241	-0.0036374494926202493	-1	
31.841987816559449	35.762777624825361	-0.0039070663311522938	-1	
30.957759392497323	35.314181742937208	-0.0046861952715470112	-1	
29.680639156057467	35.173665213642316	-0.0058142715501883048	-1	
29.358321384782275	34.161995869198527	-0.0053618664577847848	-1	
29.677922191689465	33.149464915404323	-0.0044549235665244762	-1	
34.267914462537654	40.421311806954499	-0.00081858983051816476	-1	
35.809849811984449	42.332522835422338	-0.00015204374359996655	-1	
34.606149959282604	43.16499034562807	-0.00015214170628514412	-1	
33.776180083043968	42.083352544219998	-0.00015222154341728395	-1	
36.477528166980889	43.457944715498279	-0.00015199918518489264	-1	
37.059695157096876	44.350054880182874	-0.0001519619966972657	-1	
39.216790146921525	44.520949983238388	-0.0001518376842522531	-1	
37.82462091428139	45.564161471659723	-0.00015191815250101222	-1	
38.829373112221781	45.454473651105673	-0.00015186361687431532	-1	
40.299101472513435	44.149504398121358	-0.0001517775351940144	-1	
40.54379963918079	45.267311374051047	-0.00015177837598785767	-1	
41.211427111066165	46.635625328166107	-0.0001517609913483821	-1	
42.418323973805137	47.023542600996215	-0.00015171723578260541	-1	
43.884343262981012	48.323038967932952	-0.00015168036964942385	-1	
42.696840453273794	48.081778985655497	-0.00015171695648899349	-1	
44.518392262236809	49.792034626930928	-0.00015167659514709941	-1	
45.158135426200921	50.480911830848264	-0.00015166618366911335	-1	
24.315975091059613	19.996486420116518	-0.0045875535591406464	-1	
23.936472249532422	20.476701302879921	-0.0051633709540318271	-1	
23.520820088993379	20.925991879004002	-0.0056263544514272811	-1	
23.105167928454335	21.375282455128083	-0.0059994988356087148	-1	
23.24104728380297	22.751722761288761	-0.0051760835268010764	-1	
26.598713996199031	20.365618422930492	0.0008639651369050786	-1	
26.604081744872662	20.370947851588912	0.00088045048212921217	-1	
26.603836507115801	20.360052866574108	0.00087920776032902241	-1	
23.295772436950344	23.829126489023771	-0.0049311936440859456	-1	
23.118971640851839	25.370621880391319	-0.0050588001150351988	-1	
24.758288440798211	26.759012182071878	-0.0042125480749567882	-1	
25.749605513706747	28.35326662231699	-0.0042686417319023852	-1	
24.530235585334523	27.82951995754182	-0.0047937176532929868	-1	
26.153638068852683	30.011354240237562	-0.0049106736287490172	-1	
27.181820477405431	30.577582768399473	-0.0045803152330575565	-1	
27.470448897479493	31.680541936318079	-0.0050592864913831066	-1	
27.716863830032995	32.675958640551443	-0.0055241363429057739	-1	
28.502405425147213	33.335124125386301	-0.0054142414344645054	-1	
23.665615674192377	26.822739941680293	-0.0049495655469968102	-1	
24.590397265901309	19.311054004108833	-0.0038679747754614495	-1	
24.445264351833842	19.494447804783192	-0.004114035217770211	-1	
24.298763728221395	19.676750893491715	-0.0043634968242400735	-1	
48.166858521277121	56.177875896043687	-0.00015166973008611328	-1	
47.656542626946759	54.666274792086668	-0.00015165915713245205	-1	
47.542205371343996	53.71763902811022	-0.00015164971815814389	-1	
46.899985392346849	51.621817885246756	-0.00015163756796109006	-1	
46.687289451754154	53.290905397907672	-0.00015166117871684266	-1	
45.905618278416739	51.739941107330523	-0.00015166125442234215	-1	
32.627584759254972	39.567113751844253	-0.0021236742417031274	-1	
30.962247891252538	38.03362592289519	-0.004045724614229705	-1	
31.621692972104896	39.592848736849419	-0.0027545005948151151	-1	
33.225273250806893	40.376588299915767	-0.0013741175931907086	-1	
30.412635783137141	36.189036566340235	-0.0054840237484995525	-1	
30.058691957914071	37.287634656826526	-0.0052509931914908759	-1	
30.025403931601744	35.651541292534638	-0.0058422910229972494	-1	
29.386047598427396	35.684002466257368	-0.0064105244306713023	-1	
29.696512436149462	35.76271218648295	-0.0062194510028283322	-1	
29.095237929174534	35.391101797825598	-0.0064103374047965117	-1	
28.513618590668827	34.805300460962073	-0.006408792386554083	-1	
35.488180535684045	43.654235583373904	-0.00015207034205777929	-1	
33.617659372263006	43.497065757691374	-0.00015221939738026236	-1	
34.630939396159867	44.509800423204901	-0.00015212535015368203	-1	
32.538681734911016	41.510155922924781	-0.0011263716648753914	-1	
32.841829243014807	42.800305160015185	-0.00015229992777843879	-1	
35.838713406109314	44.599997470486862	-0.00015204122096249115	-1	
36.700217706286253	45.352828490063473	-0.0001519818127076523	-1	
38.298565911539349	46.62543155314296	-0.00015189095582335992	-1	
36.316004155904167	46.430475997814916	-0.00015199485559389483	-1	
39.409087733534513	46.282416496403705	-0.00015183834165007925	-1	
40.213001593186263	46.955293923444231	-0.00015180474983470595	-1	
41.588845192086431	47.733907476661066	-0.0001517538797907318	-1	
43.125196909183309	49.267531485439946	-0.00015171252319795515	-1	
41.938685083031352	48.841282813341174	-0.0001517477635574871	-1	
43.222418934328374	50.524530340606923	-0.00015171806449765324	-1	
44.963489242733537	51.400659612132543	-0.00015167981586512521	-1	
24.150903591755917	19.857953070398921	-0.0046081406496562257	-1	
24.00169221519392	20.038044197265219	-0.0048377617816499404	-1	
23.699249210347933	20.394853059296061	-0.0052571665681437904	-1	
23.851137946893637	20.217014198014141	-0.0050565953692763939	-1	
23.546034503713006	20.571550831048491	-0.0054361944160166769	-1	
23.235661543259962	20.92148362548712	-0.0057517853070503215	-1	
23.391502399332914	20.747097627052753	-0.0056033293888204556	-1	
23.078520654770955	21.094699069476349	-0.0058921186781155099	-1	
22.920088525879343	21.266734267637574	-0.0060253168910107098	-1	
22.760374020843319	21.437579594622537	-0.0061526940990811697	-1	
22.689515767915289	21.824573031252161	-0.0063310948091815124	-1	
22.273863607376249	22.273863607376246	-0.0066438718263620005	-1	
21.824573031252168	22.689515767915289	-0.0069385216756366417	-1	
22.030888643903904	24.264483573098214	-0.0060390883921098279	-1	
21.94681625310594	25.484382254689155	-0.0058285810690540648	-1	
22.463277138746783	26.993628483470768	-0.0056643085342386332	-1	
24.697646134188222	29.121082180409044	-0.0053123782040293659	-1	
23.718602797741532	28.791721454705844	-0.0056964922015688172	-1	
23.204790516300452	27.895618066855587	-0.0055881683071240928	-1	
25.052175566059915	30.177002585160761	-0.0056779775495801859	-1	
26.250796790283566	31.235625460774486	-0.0055719745050526043	-1	
26.187141236645996	32.462095113507957	-0.0063806807131420954	-1	
27.350379913657417	33.633697787235015	-0.0063993385783933758	-1	
47.43918232254277	55.581597306245349	-0.00015167355760417622	-1	
47.081940732165478	57.090199306823848	-0.00015169565258645225	-1	
46.504275910708657	54.608759556139752	-0.0001516783769295626	-1	
45.588750436202865	53.906734134059384	-0.00015168837214716695	-1	
45.490486452322379	52.651195528348445	-0.00015167944341344872	-1	
31.473961597922766	40.721007967515774	-0.0022229412767358408	-1	
30.025913013294321	38.738035810702598	-0.0043936728040152011	-1	
30.519005592847392	40.10243959051455	-0.0032289085802046018	-1	
29.803988735233013	35.975857807165418	-0.0062398390675426864	-1	
29.767749076569068	36.184847535723307	-0.0061803561075448078	-1	
29.3541557801165	36.390742261468617	-0.0064108627016650739	-1	
29.324240893270535	37.996607101908921	-0.0054105019585849743	-1	
29.030861146981188	36.793315914744547	-0.00641134775146296	-1	
29.750367956691409	35.863399254261893	-0.0062589332948196612	-1	
29.531452433053822	35.830452800473253	-0.006410497440678971	-1	
29.138113924181653	36.051695200198857	-0.0064107723944575997	-1	
29.654882879248518	35.926016366112336	-0.00638727349845657	-1	
29.604154850367035	35.903677967581189	-0.0064104425536530623	-1	
28.691617118735103	35.845698338362268	-0.0064107428164373566	-1	
28.385130756108854	35.45743206073336	-0.0064101004910081787	-1	
27.38528598334215	35.126231975966625	-0.006408114061164487	-1	
33.419853062579769	44.520911636607167	-0.00015221651187194841	-1	
32.506452729107345	44.255984071821274	-0.00015229591042219303	-1	
34.524817638365597	45.960929507861984	-0.00015210910981359546	-1	
33.592482630741486	45.53239181554153	-0.00015218036681131827	-1	
30.787527279631956	41.551415427377215	-0.0021390756531541829	-1	
31.350456957870783	42.470044188128163	-0.0011900278869614504	-1	
31.90747840298565	43.517257775810364	-0.00015236793785425453	-1	
35.305964933854675	46.632281602431739	-0.00015205031946402526	-1	
37.722478054996763	47.634907074303058	-0.00015191400652927653	-1	
38.813542811231144	47.951269061592917	-0.0001518648760699916	-1	
36.050865306995846	47.610565171870419	-0.00015199477100575804	-1	
39.949393928628055	47.969962600770486	-0.00015181794984807506	-1	
40.87159925469075	48.955183931207785	-0.000151785011164951	-1	
41.826680379275189	49.908569361571367	-0.00015175591294998452	-1	
42.542062879378392	51.256056623218939	-0.00015174038443449369	-1	
44.213404664913782	52.192252999343303	-0.00015170386663884006	-1	
43.130523291541415	52.063354218270582	-0.00015172911607528182	-1	
22.59938607566988	21.607225491656134	-0.0062786211621084585	-1	
22.437133697614822	21.775662467071214	-0.0064023483242241896	-1	
22.273625964678818	21.942881096839642	-0.0065236869144428677	-1	
22.10887202509949	22.108872025099561	-0.0066441464728484063	-1	
21.942881096839571	22.273625964678899	-0.0067609421472596999	-1	
21.607225491656077	22.599386075669962	-0.0069829658840980602	-1	
21.77566246707115	22.437133697614904	-0.0068746548660968132	-1	
21.437579594622481	22.760374020843408	-0.0070805488293872168	-1	
21.375282455128087	23.105167928454335	-0.007181791616723129	-1	
20.925991879004002	23.520820088993379	-0.0072873197229509174	-1	
20.893567951432001	24.957544812205143	-0.0064983166581673718	-1	
20.701344333498628	26.043554509043382	-0.0062603420142216242	-1	
21.353074800935996	26.501417536160378	-0.0060460588504096489	-1	
21.53418652860033	27.77568441859972	-0.0062379613132645239	-1	
23.860663882623165	30.11888976605384	-0.0063174817060423277	-1	
22.697425205611747	28.947287092326778	-0.0062767687168072666	-1	
25.023902559634578	31.290492439780898	-0.0063530072488474773	-1	
25.371811846072081	33.096794671907773	-0.0063806264544096465	-1	
26.378548914707117	34.111513323937203	-0.0063978968447815929	-1	
46.555650845739919	55.904758158383942	-0.00015169056967847351	-1	
45.979746548053242	57.98157386081202	-0.00015171811885144934	-1	
46.12576418425062	57.035001497573056	-0.00015170768961376757	-1	
45.492094322668542	55.162397543048854	-0.00015170061291698141	-1	
43.816606233069372	53.208027565398517	-0.00015171882018738458	-1	
44.12796332396136	54.505734634128586	-0.00015172010489723659	-1	
29.095456335604528	39.043333202544218	-0.0049346233361657089	-1	
29.308665109467359	39.999104171590012	-0.0041710971724776029	-1	
29.813368619520507	41.091215984036864	-0.0030942396267096212	-1	
29.695620031885749	35.96360388210033	-0.0063885886160065181	-1	
29.697506020107333	35.999424010171666	-0.0063788181409205769	-1	
29.596626754967982	36.088812021511671	-0.0064104983293184698	-1	
29.515803096684156	36.189455434830649	-0.0064106258251881675	-1	
29.637038584109895	36.038490314852183	-0.0064103959177072957	-1	
28.843783219689616	36.331395574029614	-0.0064111496101006207	-1	
28.162752586680906	38.744971269203795	-0.0058556383717921117	-1	
28.384271880710571	37.598463221296406	-0.0064117003569575627	-1	
28.640488760351211	36.385723895184256	-0.0064113365815838871	-1	
28.465889085562523	36.912278106806454	-0.0064117047715073743	-1	
29.536715115896726	35.999311202310629	-0.0064105119607988205	-1	
29.676857267680248	35.976903134689131	-0.006410207092218974	-1	
29.643368325277638	35.984314733972582	-0.0064103157904457147	-1	
28.456154910818618	36.038447250274189	-0.0064111280300851326	-1	
28.40635834586147	35.95163240700294	-0.006411037864990983	-1	
28.519361205578225	36.140280454820996	-0.0064112017905895219	-1	
27.888654517659671	35.63359130198134	-0.0064103903042623438	-1	
28.140338784818429	35.887270964988694	-0.0064110958861492593	-1	
26.231506486184568	35.264167604201667	-0.006405617450254278	-1	
26.703087584747131	36.523355735167506	-0.0064119132348766112	-1	
27.709212466608498	36.06331401094166	-0.0064118240929790255	-1	
32.051903534869211	45.091371295681192	-0.00015230739397355903	-1	
30.973127562956488	44.234210391605558	-0.00015242759684492703	-1	
33.881776287726332	46.916834166872889	-0.00015212676908189367	-1	
32.835271591624043	46.224868936044054	-0.00015221315430734024	-1	
29.833115892913884	42.294147357449091	-0.0022564555883918319	-1	
30.495847897676828	43.209691513156727	-0.0011804946681642479	-1	
34.842763946066981	47.552254198244029	-0.00015205776921894932	-1	
36.878208914391763	48.203893186658824	-0.0001519476971558977	-1	
37.886056191320264	48.872211954247092	-0.00015189763769459978	-1	
39.182154960847562	49.025807237952407	-0.00015184625118134259	-1	
35.473655071621053	48.673456235010022	-0.00015200303048367987	-1	
40.327253284454727	50.190016388691319	-0.00015180347473568186	-1	
41.206247394563533	50.738043367639676	-0.0001517763336798265	-1	
41.637415039982756	51.679881292552921	-0.00015176526791408967	-1	
41.88400059185534	52.970329904162092	-0.00015176067579755807	-1	
42.715179366035287	53.961582958754697	-0.00015174460925292563	-1	
21.266734267637521	22.920088525879429	-0.0071682080397271631	-1	
21.094699069476299	23.078520654771044	-0.0072287397694375723	-1	
20.921483625487074	23.235661543260058	-0.0072698463096218021	-1	
20.74709762705271	23.39150239933301	-0.0072896992084832283	-1	
20.571550831048448	23.546034503713109	-0.0072791739699892563	-1	
20.476701302879924	23.936472249532422	-0.0072392805141060328	-1	
19.996486420116518	24.315975091059617	-0.0070917022072886637	-1	
20.073335215179004	25.981847731042588	-0.0063779277424177534	-1	
19.516271537353116	24.695477932586808	-0.0069020346359117994	-1	
20.368418644908981	26.474310735935767	-0.0062489075340886732	-1	
20.526173310850719	26.559020855135866	-0.0062271616186796303	-1	
20.661757520841768	26.896982413304428	-0.0062215701683346258	-1	
20.952567190094619	27.189883081736195	-0.0062251371385817541	-1	
21.344863571531935	29.037920063790075	-0.0062539252815670427	-1	
21.021569331514424	28.035491063735822	-0.0062334282559257156	-1	
23.358337708802008	31.067357367848931	-0.0063260765996084184	-1	
22.351600640166971	30.052638715819501	-0.0062905857623969958	-1	
24.365074777437048	32.08207601987835	-0.0063564229553965445	-1	
24.252422787411334	33.41315096882596	-0.0063734295293124852	-1	
25.160531527085617	34.541838753368253	-0.0063941879277121484	-1	
45.448775630633605	56.357501027314925	-0.00015171110544455704	-1	
44.860680411531263	58.851672474233631	-0.0001517372100188325	-1	
44.592954776928124	57.192797090724362	-0.0001517287445674024	-1	
44.457721547431461	55.56593820984645	-0.0001517205084132417	-1	
42.731460501604289	55.090404989742915	-0.00015174717533506988	-1	
43.427280386679868	55.979415079985529	-0.00015173869882409929	-1	
28.090633852525528	39.910454169004403	-0.005159046346182714	-1	
28.612107375334126	41.15758817069441	-0.003917529623667892	-1	
28.836592032867443	42.140569634928866	-0.0030612303500135753	-1	
29.682186696338668	35.982270883362759	-0.0064100014662986909	-1	
29.677450413251808	35.988168608192687	-0.0064101932907347737	-1	
27.091093348169331	39.208757834400124	-0.0064057061115092486	-1	
27.885747743043783	36.775717335255081	-0.0064123300782530359	-1	
27.378916056784163	37.39924473630483	-0.0064117493669594173	-1	
28.474906340103203	36.255867567721992	-0.0064113715721554757	-1	
28.431818408895786	36.358578212274352	-0.0064115169726696071	-1	
28.139163586173591	36.46395363473021	-0.0064119567958416043	-1	
28.374124977863833	36.095784890556779	-0.0064112950898122939	-1	
28.410790684757572	36.127658246724316	-0.0064112993569495893	-1	
28.266180918397811	36.014110796492375	-0.0064112662039363709	-1	
28.329101985187499	36.077530712244211	-0.0064113174506531213	-1	
28.412568109270502	36.163563768792891	-0.0064113432196126301	-1	
28.164538215918	36.16098446859079	-0.0064116442163562075	-1	
25.629113890043737	36.257825757548439	-0.00640696533535926	-1	
25.895947467994247	37.483264001093936	-0.0064087437983530969	-1	
31.743128679133559	46.434181967934528	-0.00015228134956344965	-1	
30.712386316536499	46.016859228834178	-0.0001523781648019059	-1	
29.979845672217369	44.86700074479409	-0.00015249783180907388	-1	
32.626081317661125	47.159570870225039	-0.00015219462581128265	-1	
34.137602386381431	48.146281239897299	-0.00015207956359823254	-1	
33.254017752752823	47.882844062018201	-0.00015213360085643521	-1	
29.216273208010424	43.213227635972252	-0.0019806140590320756	-1	
29.051495837104991	44.292471007028141	-0.0012069135190904776	-1	
36.649299299117438	49.19592945911392	-0.00015194424528018014	-1	
37.31778750549924	49.983405849717926	-0.00015190745829722892	-1	
38.349645694245339	50.030989735098132	-0.00015187037240488644	-1	
35.026558691850362	49.967697635219324	-0.00015199289988608656	-1	
34.247144071578667	49.061771038135191	-0.00015204810217799933	-1	
39.703439523552056	51.039893223028443	-0.00015182024114007822	-1	
40.55867713598181	51.405920893361667	-0.00015179450912447748	-1	
40.770584070826445	52.311737144115028	-0.00015178729097277622	-1	
40.656407875372231	53.378321197358538	-0.00015178753569507176	-1	
41.694564130893625	54.643918518025323	-0.00015176496034519937	-1	
20.394853059296025	23.699249210348043	-0.0072552847420335265	-1	
20.217014198014105	23.851137946893751	-0.0072107146808318137	-1	
20.03804419726519	24.001692215194037	-0.0071537469222558636	-1	
19.857953070398889	24.150903591756034	-0.0070899379646080377	-1	
19.676750893491683	24.29876372822152	-0.0070186134517388338	-1	
19.41082519569936	26.416124515114383	-0.006313383556583005	-1	
19.036056654589714	25.074980774114	-0.006707360667379589	-1	
20.19269167192536	26.543406345901783	-0.0062542038170688465	-1	
19.311054004108811	24.590397265901437	-0.0068715114467324673	-1	
19.494447804783167	24.445264351833966	-0.0069456063050428625	-1	
19.126579752329295	24.734154350255174	-0.0067970705876623455	-1	
20.347473070748954	26.584583970216727	-0.0062277145139602742	-1	
20.384381187136007	26.585414743610229	-0.0062260914142997902	-1	
20.443650268902125	26.677306911980601	-0.0062201971129100132	-1	
20.516352686215338	26.750532079088547	-0.0062205295578113828	-1	
20.407299060245521	26.640694328426633	-0.0062201001083407852	-1	
20.381745082178881	27.029587294534338	-0.0062202475194241954	-1	
20.635735404222022	27.72594821796293	-0.0062249434848200662	-1	
20.841495037214415	28.530560737775364	-0.0062361035590295585	-1	
21.338182989070056	30.051316557505821	-0.0062695480412397865	-1	
20.393275656127894	28.723562395832243	-0.0062274307422815816	-1	
20.589810770055657	28.27688107476801	-0.0062282131298375598	-1	
20.527552023135044	28.010361562334989	-0.0062248647674491226	-1	
23.252054090018518	32.179573439398411	-0.00634307177218431	-1	
21.843410713268188	31.187223118201519	-0.0063011998920946104	-1	
23.869090345285954	34.511408411351788	-0.0063795648270563807	-1	
23.096167001959213	33.285927818976255	-0.0063555137927835265	-1	
24.488403230526828	35.647347055870931	-0.0063945477331525686	-1	
43.725152956237537	59.700175870374501	-0.00015175249790328439	-1	
43.747181021164657	58.545581982550118	-0.00015174632062184615	-1	
43.683439951698915	56.899939440316771	-0.00015173897184513142	-1	
41.748227872653509	55.870441031666545	-0.00015176399501184965	-1	
42.319646042353313	56.807075827827376	-0.00015175672115427626	-1	
27.000024282016188	40.460026485045844	-0.0056507220583783728	-1	
27.835924263756432	42.264302962528021	-0.0037072947418399969	-1	
26.71719170562919	41.682308181150738	-0.00501247512775581	-1	
28.113676008451613	43.31060767404054	-0.0026813831243855707	-1	
26.365252684264931	38.646299538404321	-0.0064064425796368776	-1	
25.351589311745698	39.893354340503812	-0.0063954142415207915	-1	
25.797914815628094	40.819052447503843	-0.0063913513674595437	-1	
28.376445836990356	36.20379477591225	-0.0064114350362648592	-1	
28.265871507738495	36.308071784467771	-0.0064116789148958367	-1	
28.329225468520946	36.230130859336555	-0.0064115255618270427	-1	
28.392023051977187	36.140950627996048	-0.0064113407297368549	-1	
28.397350514751444	36.146320327804915	-0.0064113406961266543	-1	
28.358594202003964	36.148238874489095	-0.0064113915151455831	-1	
28.3925794293034	36.152189934205339	-0.0064113543089692766	-1	
24.923911011444268	37.930724935100955	-0.0064018112711279771	-1	
24.115972919406094	37.229075307609861	-0.0063945272281786467	-1	
25.358953682422516	38.863836983981045	-0.0064017643117129062	-1	
31.749748024086294	47.54618208973973	-0.00015222996467350054	-1	
30.559981932479936	47.580165967956475	-0.00015230164772481167	-1	
29.698714955447372	46.26151836238752	-0.00015244786561405884	-1	
28.98656378147825	45.499791097982623	-0.00015256962222038762	-1	
33.103123292128913	49.416923447810852	-0.00015208618493990243	-1	
31.375438664610108	48.505146573680349	-0.00015220584411640368	-1	
31.905603223384492	49.387555729724482	-0.00015213951049194884	-1	
28.010186903987659	44.620485552041963	-0.0016156254943836008	-1	
35.508360256172374	51.061341728247115	-0.00015195154293337542	-1	
37.197202479044492	51.009298046405839	-0.0001518972707819076	-1	
38.681160489801286	51.297536035829395	-0.00015184907753967801	-1	
33.885770082628092	50.323775574252956	-0.00015202516949894957	-1	
39.720236243914066	52.09400522467697	-0.00015181491009547739	-1	
39.642729865098339	53.133859685827929	-0.00015181120416245299	-1	
39.237734265327489	54.094735902256929	-0.00015181366688537989	-1	
40.508447451729296	54.960722080278991	-0.00015178562364774956	-1	
20.03741399147658	26.900791753641087	-0.0062182176100388526	-1	
19.714775116379059	27.197747000166377	-0.0062141886610811792	-1	
18.502257431428767	26.920785892652681	-0.0061731092730696272	-1	
18.555841771826309	25.454483615641195	-0.0065190383464994207	-1	
18.941035370756399	24.876527561703931	-0.0067227542568338303	-1	
18.754431240575535	25.017508934483963	-0.0066491962166780475	-1	
20.279393147799727	26.678075318747119	-0.0062198780438763928	-1	
20.198733429025346	26.752314130378444	-0.0062194915203194999	-1	
20.319723007186916	26.64095591293146	-0.0062199957346389823	-1	
20.365618422930492	26.598713996199031	-0.0062200527540773355	-1	
20.360052866574108	26.603836507115801	-0.0062200482836542439	-1	
20.370947851588912	26.604081744872662	-0.0062200556758767135	-1	
20.36374837940863	26.720286245358409	-0.0062200538499466588	-1	
20.031324306302594	27.674024060675269	-0.0062156701995765918	-1	
20.441133117445876	27.959880995447836	-0.0062229736993026979	-1	
20.33675594561106	27.894045000750307	-0.0062208116868750262	-1	
20.376635077434326	30.371383265062804	-0.0062478609060699544	-1	
19.738125778912583	28.545148742668847	-0.0062047551647728986	-1	
20.032632646151171	28.283999474847338	-0.0062143034962307475	-1	
19.149112044435405	29.067447278311864	-0.0061805161212527783	-1	
20.32298634851357	28.240644528250822	-0.0062219383419272771	-1	
20.463968636476277	28.150041243264329	-0.0062245683651808896	-1	
20.383149495573242	28.041455590073205	-0.0062222740819969482	-1	
20.401047569686586	28.086621327512489	-0.0062228756969825464	-1	
21.92900669171264	32.427469906709383	-0.0063222017054941713	-1	
20.600424274185489	31.896085283826761	-0.0062807072936400671	-1	
22.902224844905412	34.264734840792137	-0.0063623857345998869	-1	
22.916465033695392	35.767572786186797	-0.0063739824767616747	-1	
21.904472464967959	34.277655156883256	-0.0063447604835498361	-1	
23.748350064262322	36.307805682306302	-0.0063877980177201683	-1	
42.573580856177976	60.52677269673719	-0.0001517638838673913	-1	
42.210164242376877	58.9732964097268	-0.00015176175115842443	-1	
43.055937998140337	57.620511517901051	-0.00015174971085891496	-1	
40.725688693437867	55.964318401791537	-0.00015177914157462753	-1	
40.485288689486239	56.96262054631125	-0.0001517799677433455	-1	
41.748643916598155	57.743964315549057	-0.00015176437282029404	-1	
27.055746558128646	43.081075848025357	-0.0036649179860877559	-1	
25.652067713500646	42.357431387355703	-0.005422800457355435	-1	
25.151325549357473	41.624199754055702	-0.0063822728272056664	-1	
26.774084998698555	44.17490488621263	-0.0029177884721053467	-1	
24.844757625486082	40.516881741553561	-0.0063883577942257502	-1	
24.470673053408419	39.442688702799252	-0.0063925189856816732	-1	
24.049362446326779	38.547361754935451	-0.0063923452117615343	-1	
23.010639613049445	37.311049125466361	-0.0063797058660174542	-1	
29.569517080335455	48.240224778503936	-0.000152314848170171	-1	
29.412427310455797	47.264228242785904	-0.00015239647396567043	-1	
30.387681335293717	48.795070419599767	-0.00015223770145351365	-1	
27.993281890739123	46.132581451171156	-0.00015261689315553681	-1	
31.862371571266905	50.334040780520127	-0.00015209769008207551	-1	
32.672589423606603	50.825212806265164	-0.00015204999279832794	-1	
30.412601182330359	50.040296571457894	-0.00015216349344163849	-1	
26.873788560911624	45.47129422320856	-0.0015515902043196433	-1	
36.365796899562859	51.457680088221004	-0.00015191661411342454	-1	
35.207577218173931	52.194694589279734	-0.00015193429161957462	-1	
33.91946554833406	51.636067929127712	-0.00015198469125500885	-1	
37.401849357340396	51.936581165201758	-0.00015187905440350021	-1	
38.165545922645791	52.5009408761494	-0.00015185203124018306	-1	
37.314252630654785	53.111811493570173	-0.00015186507415032634	-1	
37.236370834994567	54.156702687006913	-0.00015185258184298	-1	
38.982688349728086	55.152302938616025	-0.0001518103932955218	-1	
39.430413605414557	56.143785944460177	-0.0001517973626511876	-1	
19.57871342508119	27.983741754310632	-0.006204351090905732	-1	
19.069497366184013	27.791657493216952	-0.0061935253555163083	-1	
17.95454561146471	25.857992515360017	-0.0062950150588014127	-1	
17.46795318612671	27.022733018167123	-0.0059501406355602368	-1	
17.353249451103107	26.261501415078843	-0.0060637866213775465	-1	
18.424219615988967	28.385567986267532	-0.006155979148331347	-1	
18.566777802264916	25.157090580704747	-0.0065764520053121483	-1	
18.378085555011424	25.295264690790276	-0.0065032860344134136	-1	
18.188365056123171	25.432023533916031	-0.0064301221128473815	-1	
20.22155995324399	27.946520994301924	-0.006218757393432299	-1	
20.122866117742326	27.99349906276694	-0.0062167628685676308	-1	
20.351566672903022	28.004539330680061	-0.0062214683141431377	-1	
20.31491864959051	28.003367857884815	-0.0062207345791101751	-1	
19.471228872290656	30.794357815341929	-0.0062210220662449111	-1	
18.750959694894778	30.10162397136579	-0.0061729188083493487	-1	
20.179886079770462	28.153424840936587	-0.0062180611861197424	-1	
18.560098309958228	29.589745813954885	-0.0061502197247678466	-1	
18.578173674803541	29.003360968129201	-0.0061484170140065266	-1	
20.331579733915763	28.0559761421734	-0.0062212617269049543	-1	
20.253512796580111	28.088137523981207	-0.006219661798767831	-1	
20.338126502896898	28.023201411760652	-0.0062212688955211402	-1	
20.882403271237749	33.117645079220026	-0.0063071100509436394	-1	
19.635542343063886	31.91558365662609	-0.0062498766558034304	-1	
19.559248525808762	32.877642168877514	-0.0062667588927027562	-1	
22.005521930079148	36.055334525896328	-0.0063586209970473975	-1	
20.354269238536027	34.254656482857676	-0.0063079308035434026	-1	
21.149289951263295	35.631670796837838	-0.0063384702566486551	-1	
41.406386672830791	61.331159639289687	-0.00015177103051450816	-1	
41.280900334454536	59.972449872234925	-0.00015176972797517171	-1	
40.635471815605094	58.440460031582546	-0.00015177485472835282	-1	
39.603125612116422	58.325977944922343	-0.00015178420360995916	-1	
39.075676801910468	57.431191610294981	-0.00015179357698336799	-1	
25.975967863421207	43.412547067436911	-0.0042536676176205901	-1	
24.828030916222165	42.026773407331625	-0.00637826452795564	-1	
24.907122761015998	43.137318884766259	-0.0052745371375270272	-1	
24.767107509681161	42.429658672216419	-0.0061051006853284446	-1	
24.591341782356277	40.828645442078425	-0.0063844672534446164	-1	
24.65809601773481	41.5975255146015	-0.0063797856085315565	-1	
24.490507605669539	41.167356074405411	-0.0063814338624854855	-1	
25.744328864135078	44.706325029164532	-0.0030447481055370868	-1	
23.931862445808722	40.451220895768401	-0.0063813719065884443	-1	
23.534352089445093	39.762713738778316	-0.0063806944153320848	-1	
22.739331376717828	38.385699424798162	-0.0063740975866699552	-1	
21.94431066399056	37.008685110818	-0.0063600607284653929	-1	
28.587799794759039	48.356317865011782	-0.00015235470272335561	-1	
29.199690724413614	49.757352426574286	-0.00015222080958224386	-1	
28.080040595721986	47.300727085973342	-0.00015248409768839395	-1	
27	46.765371804359688	-0.00015261299716344331	-1	
31.19653525558013	51.008106747497472	-0.00015208736056761726	-1	
32.905396878926787	51.831324711640526	-0.00015200572926509141	-1	
31.803728582450503	52.032385925330246	-0.0001520255582820119	-1	
29.693893909488668	51.423856836732611	-0.00015210174068327993	-1	
25.865626454673087	46.1159187457923	-0.0014674906448838845	-1	
36.562926281917825	52.381488347346178	-0.00015189471892465358	-1	
34.625634173713173	53.212683506980781	-0.0001519233220886402	-1	
35.775885082030555	53.220357943132804	-0.00015189814151372701	-1	
33.593717810087817	53.332617138206615	-0.0001519413916046169	-1	
37.220523264613483	55.241911538796636	-0.00015183844763023594	-1	
35.827064231970432	54.369495334251319	-0.00015187515517617084	-1	
38.132246112784763	55.83071612914236	-0.00015181779338399086	-1	
17.805881819733692	25.701264892338251	-0.0062833725717720496	-1	
17.997626920438822	25.567359458441487	-0.0063571262059952099	-1	
17.613140482122674	25.833732343613711	-0.0062088393279191526	-1	
17.148132499561044	27.901664288268613	-0.0057887352669592114	-1	
16.837401641128015	27.363471273455584	-0.0057101927540743362	-1	
16.93806907039383	26.540114500690592	-0.0059042551769448301	-1	
16.771634969828742	26.85291325733559	-0.0057855952116757751	-1	
17.224712286735826	26.094323733019678	-0.0060594148790816434	-1	
17.419413691459987	25.9647544007302	-0.0061341430169434509	-1	
17.029047161469933	26.22243309109388	-0.0059848381102148556	-1	
17.458863357994073	28.439857303081642	-0.005895850302942731	-1	
18.101580740891443	28.682523232792825	-0.0061209047403958739	-1	
20.277149304074165	28.040633884795273	-0.006220055042843696	-1	
20.332799040122637	28.017831711951786	-0.0062211448814631747	-1	
20.327139513389756	28.022850207025829	-0.0062210533474943543	-1	
18.366717456717861	30.812120697907275	-0.0061730273669703163	-1	
18.764227813081494	31.500627854897356	-0.0062100525345964016	-1	
18.167962278536045	30.467867119412233	-0.0061508568687960478	-1	
18.265591442719639	29.850895081776393	-0.0061349855440399979	-1	
18.207372933960158	30.156036742209483	-0.0061415829260220295	-1	
18.10395262596116	29.36339904338249	-0.0061047835751245321	-1	
18.003690086364127	29.010164179465974	-0.0060926990161655698	-1	
18.693249071878057	33.377627186722478	-0.0062519056247373308	-1	
17.89823005096007	32.000611895975773	-0.0061950495005067795	-1	
19.488268092796044	34.754642477469176	-0.0062927864897069207	-1	
20.283287113714032	36.131657768215881	-0.0063233057018043763	-1	
21.078306134632019	37.508673058962586	-0.0063448295480660897	-1	
40.223998700090412	62.113041533764388	-0.00015177380419658466	-1	
40.056689708206513	60.575066993457426	-0.00015177506163538353	-1	
40.288461445275111	59.488610462571586	-0.00015177584628219676	-1	
39.203365858635216	59.284642104844991	-0.00015178267019905239	-1	
37.838953235781062	58.447516398361756	-0.00015179651115559845	-1	
37.780828319385243	57.11616534139381	-0.00015180941243186398	-1	
24.644635924259671	44.340975192714154	-0.0040424040750897845	-1	
24.666383599654509	42.2280602339696	-0.0063764886144423993	-1	
24.459769205874071	42.144909725734458	-0.0063759836446384095	-1	
24.361608529201508	42.663773617752469	-0.0061019619765481673	-1	
23.856577763756025	43.394057993167799	-0.0053998405251275573	-1	
24.545099160231224	42.513358822336563	-0.0062413407213060008	-1	
24.562627320997478	42.393062373858314	-0.0063451047486169495	-1	
24.585559941370683	42.328703647288577	-0.0063757677258717569	-1	
24.46463386079137	40.984527292340871	-0.0063824973100662487	-1	
24.130617623990542	40.795474474263443	-0.0063809909556888063	-1	
24.322463941005275	41.280535400863883	-0.006379513814015479	-1	
24.243474225202863	42.091806090515526	-0.0063750909700805783	-1	
23.965252309989832	41.509034617109769	-0.0063756575012814979	-1	
24.401279900008916	41.06246821747208	-0.006381503784592746	-1	
24.353143533745527	41.157652583591279	-0.0063805167498447298	-1	
24.369602919617694	41.101438680037695	-0.0063810088009928776	-1	
24.151108339635634	45.230090716890267	-0.0032682021759777051	-1	
24.66904088382686	46.105214577714207	-0.0020844479221103214	-1	
23.065853686926985	40.951211285829338	-0.0063696807068830807	-1	
23.264608442156479	41.295465108516019	-0.0063703825731143667	-1	
22.66834417646799	40.262703640455989	-0.006367584366849777	-1	
21.873325155550003	38.885688349709284	-0.0063595886194484971	-1	
27.240354999457672	48.117439640317876	-0.00015243507746887287	-1	
27.711463917334651	49.407367679509875	-0.00015229221911881649	-1	
28.289397477228075	50.289000271464879	-0.00015220604978980585	-1	
25.955346533499444	47.309183978264542	-0.00015258038688678387	-1	
30.611967778765727	51.818676184102003	-0.00015206131963797079	-1	
32.679600532416615	52.839033244547416	-0.00015197600279928336	-1	
30.878461048151884	52.781860114552686	-0.00015201106993475047	-1	
31.761966372953552	53.469046362399055	-0.00015196860914250599	-1	
28.137496395650871	51.332172974455162	-0.00015213290647810677	-1	
28.852011668182932	52.45908647380795	-0.000152053246174724	-1	
29.850535060078542	52.712771526242221	-0.0001520283615783772	-1	
34.833003310638091	54.199606663477056	-0.00015189587678822203	-1	
33.694399224724833	54.681445727023203	-0.00015190169487976695	-1	
32.817170889845286	54.022697088704106	-0.00015193358414539456	-1	
36.537762078190497	56.085574125263534	-0.00015183574212369766	-1	
35.541074951124237	55.765788979330949	-0.00015185379242870227	-1	
34.664391659573965	55.193884988144227	-0.00015187633811126932	-1	
17.209431496346756	28.809578871168469	-0.0059264114549218332	-1	
16.223867930298148	28.100563550563631	-0.005709331815705064	-1	
16.682036211911502	27.094374766049068	-0.0056948539521503912	-1	
16.395183951495145	27.389499917842635	-0.0056741048094173024	-1	
16.832429263102085	26.349075307249912	-0.0059105091491932181	-1	
16.634869592379605	26.474243295871311	-0.0058363504343259369	-1	
16.730478880039193	26.679421043496465	-0.0058235072501072651	-1	
16.604353497303244	26.959826512345817	-0.0056972390504502757	-1	
16.626683784861871	26.749074314899403	-0.0057817226891249858	-1	
16.593778702746846	26.840243598726978	-0.0057380557673664834	-1	
17.614228787210585	28.708953810488151	-0.0059559531211491878	-1	
17.94026130334268	28.831000856055468	-0.0060963368487979841	-1	
17.500720540501078	31.312104250602424	-0.0061588785833862261	-1	
17.780022028715113	30.795901513428383	-0.0061471154959719344	-1	
18.068584689445135	30.295740330164715	-0.0061382698088431999	-1	
17.898688379971354	30.319449502913862	-0.0061294274053934139	-1	
18.118338009100345	29.981469715687147	-0.0061287394209957871	-1	
17.966382369467588	29.905726635629257	-0.0061137570182435213	-1	
18.018895894899682	30.209676935540955	-0.0061315073090706575	-1	
18.0447112922907	30.046757032642528	-0.006126158612342174	-1	
17.8945154502779	29.061797459543172	-0.0060721729389841888	-1	
17.660153390359454	29.77662205570449	-0.0060806710823189964	-1	
17.753498260404513	29.114707453976088	-0.0060461791090114965	-1	
17.833355083573778	28.957660500106538	-0.0060656961431215265	-1	
17.859601584568299	28.905239667686793	-0.0060779596741998652	-1	
18.595764177016637	34.351919579819523	-0.0062672629729692156	-1	
17.571504707551973	33.107256135986262	-0.0062198634880935568	-1	
16.955473032758498	31.397400213712849	-0.0061501388058551902	-1	
19.028291084010341	35.938219493212863	-0.0062976223194745511	-1	
19.503691177958981	37.02172517467384	-0.0063158648835414258	-1	
20.806996577978321	38.58332302496251	-0.0063434471364070414	-1	
19.212848235992258	38.168634148478098	-0.0063191140094340228	-1	
39.026850807108026	62.872131473966647	-0.00015177224708674031	-1	
38.785900867388087	61.276117406813547	-0.00015177593068621968	-1	
39.074601619783749	60.297143181205627	-0.00015177904213459372	-1	
37.884296485474138	60.047624283338912	-0.00015178387195429567	-1	
37.099999408537158	57.812833729544622	-0.00015180806386190889	-1	
37.196999495393619	59.266404242096051	-0.00015179232243811924	-1	
23.281388462859777	44.674134589677955	-0.0041402018806578405	-1	
24.47748529454481	42.396248171671651	-0.0063752047199430858	-1	
24.364952697129588	42.456071299136354	-0.00637470345657339	-1	
24.23738111532986	42.475744933777456	-0.0063741111486691508	-1	
24.432155299480808	42.46839043060271	-0.0063444083784983544	-1	
23.982237951730404	42.515092203059645	-0.0063725988229124944	-1	
22.8640317017733	43.706376435044497	-0.0052645686187248039	-1	
23.471951624531481	42.593786741624029	-0.0063688461121555739	-1	
24.520055606855529	42.446500187416468	-0.0063400261113803393	-1	
24.499719660615845	42.458241151452192	-0.0063399197380793913	-1	
24.504736283086856	42.429347060607562	-0.0063751338972735799	-1	
24.229995213081448	40.96760126351095	-0.006380764402925846	-1	
24.176993034276645	41.141641221910298	-0.0063793138222194342	-1	
23.541209934421055	41.508710765758131	-0.0063720821043673831	-1	
24.311618080513597	41.154345894557864	-0.0063802318553538555	-1	
23.695465821349035	42.153300317614899	-0.0063713634463025545	-1	
23.588760368468346	41.70413935597346	-0.0063718547363315701	-1	
24.279684007626905	41.053664658134721	-0.0063806244430734379	-1	
24.333154853778421	41.146278749003727	-0.0063804432118722779	-1	
24.337925939226466	41.140409142603303	-0.0063805171780018212	-1	
24.304528404899632	41.096696355446596	-0.0063805440620411215	-1	
23.415594561410522	45.932312458334387	-0.0027658066001065877	-1	
23.866930254189622	47.1232328499311	-0.0013754582724625163	-1	
24.910693066998885	47.852996152169396	-0.00015250095607678956	-1	
22.666270057572227	41.774632125314874	-0.0063634641357986363	-1	
22.138095328516968	41.017941890762536	-0.0063598306411782862	-1	
23.062973263769514	41.711049417705453	-0.0063672433850006684	-1	
23.261324866868158	41.679258063900733	-0.0063690947773230354	-1	
23.363985819771226	41.467592019859353	-0.0063706810740212644	-1	
21.278314329845831	39.880810976893031	-0.006351068353103952	-1	
26.139800212715933	48.938802605258935	-0.00015236564909846891	-1	
26.624263004528093	50.183939002620761	-0.0001522377822911263	-1	
27.165197867713477	51.042298537195968	-0.00015216174592753786	-1	
30.733196081046188	53.894017732925903	-0.00015196423327109364	-1	
31.625381762717812	54.573724425694131	-0.00015192917316760707	-1	
27.26811013669866	52.518114427292915	-0.0001520561740415211	-1	
27.94990894294785	53.442283698594792	-0.00015200009937563159	-1	
29.463022566211649	53.66735999102081	-0.00015198405994803926	-1	
32.733871565775409	55.211413590573393	-0.0001518975934971099	-1	
33.595284978398411	56.156592963518172	-0.0001518648324791929	-1	
35.968232483461541	56.837065629256465	-0.00015183071084010026	-1	
35.037876572400592	56.683633824862383	-0.00015184120783843854	-1	
17.604541103412913	28.943274974072182	-0.0059955349281685189	-1	
16.345111426589909	29.308594296108616	-0.005912776996161313	-1	
17.4412167627735	29.156366759934926	-0.006001233930878474	-1	
15.522410750056004	27.893395760635045	-0.005542413959842952	-1	
15.278760437974249	28.263353191666454	-0.0055766685111378915	-1	
15.589483831725151	28.801550516215713	-0.005738913256374577	-1	
15.760248580174867	27.534862421796486	-0.005559762971792578	-1	
16.474262781090708	26.985606846303959	-0.0056921889686087773	-1	
16.221296273741562	27.01647692920438	-0.0056591146506475027	-1	
16.436379202741861	26.597930053824452	-0.0057637000738218558	-1	
16.543105198161584	26.705226527335903	-0.0057676128289724411	-1	
16.565512139999115	26.892552385494184	-0.0057056637485405366	-1	
16.574786237273212	26.78390095060087	-0.0057590616143582329	-1	
16.559765648886533	26.834819607749871	-0.0057310638306978124	-1	
17.691911501818844	28.843502064191409	-0.0059893049084943882	-1	
17.30196578527158	30.967850427915742	-0.006136826240883712	-1	
17.308069308297231	30.660443582933485	-0.0061201216754665291	-1	
17.401136397736703	30.48359733497108	-0.0061131854011774959	-1	
17.976781325596502	30.176616190845316	-0.0061273150054658512	-1	
17.872424790650559	30.212325104357252	-0.0061224865762161242	-1	
17.638530599784684	30.202243674571562	-0.0061080948846419384	-1	
17.994721082975108	30.064540710411965	-0.0061234094341156686	-1	
17.907934512901079	29.998091456559717	-0.0061139142536588116	-1	
17.72318037611376	29.955451242346182	-0.0060975621190457211	-1	
17.969207100354229	30.123613540917198	-0.0061243761295527244	-1	
17.971084575481051	30.112044349597902	-0.006123972657485567	-1	
17.791521661619072	28.998731016217185	-0.0060503338701504818	-1	
17.40541337380073	29.966924519736757	-0.0060769630257941484	-1	
17.664839165423647	29.007786914463043	-0.0060169968800525666	-1	
17.751839587162486	28.992668271914567	-0.0060357267200138827	-1	
17.778941865793918	28.979478479318111	-0.0060491164626247651	-1	
17.730752859122973	28.910776191043034	-0.0060097057555652368	-1	
17.747204814827729	34.840484806595299	-0.0062596461943419911	-1	
16.427839247997621	33.260358195397203	-0.0062047313815130267	-1	
15.97130864209481	32.205065657456956	-0.006167868310192004	-1	
16.345422411430068	30.868389540137894	-0.006116954451794266	-1	
16.718837745162496	30.743913745431062	-0.0061115878599142682	-1	
17.01194133377253	30.848417903430434	-0.0061226068501049431	-1	
17.457407323321682	35.746640314101931	-0.0062696418587472021	-1	
17.928597531958705	36.573126960789217	-0.0062875572004083904	-1	
18.279471422827491	37.60531377869949	-0.0063030984697029484	-1	
20.183338516091098	39.499582838988175	-0.0063373373066374413	-1	
19.089589179965397	39.277812606372571	-0.0063239969521336498	-1	
17.589789341862005	38.449624587321672	-0.0063028581455328494	-1	
37.815382279086222	63.608150917052981	-0.00015176607124948145	-1	
37.947727679394042	62.460955651867835	-0.00015177085108997095	-1	
37.348120998787181	61.474018921364063	-0.00015177485512643052	-1	
36.8761360044345	60.482631507030206	-0.00015178210334625475	-1	
36.126998662896206	57.766526085711391	-0.00015181538194312388	-1	
36.213770703129228	59.606908349964883	-0.00015179170361094251	-1	
35.618204799344007	58.712751904224881	-0.00015180484416840677	-1	
22.202709958367144	45.571849192847623	-0.0034764696367147537	-1	
21.911374406764381	44.124867262375261	-0.0050164406278850196	-1	
24.49252427892932	42.43639766449526	-0.006375118419619465	-1	
22.451378970133646	42.751175818752799	-0.0063597656666908222	-1	
23.40672236423994	41.793079775288632	-0.0063700189967201889	-1	
24.5	42.43524478543749	-0.0063750861919565161	-1	
23.413674508578602	41.553655475531016	-0.0063708324260647372	-1	
23.484899980562137	41.631651812108771	-0.0063711966522044354	-1	
23.438518852982288	41.596687203366848	-0.0063709084904437809	-1	
24.329372802172358	41.139728052758478	-0.0063804572608575395	-1	
23.46700093065153	41.669267254028	-0.0063709221331404182	-1	
22.353469985797435	47.285357769578326	-0.001762453710240504	-1	
21.796881762480862	46.470941736103775	-0.0027023245787045169	-1	
23.866039600498326	48.39680832607425	-0.00015239831583175453	-1	
25.144214562377101	48.827218650989515	-0.00015237717113288619	-1	
21.872863645177649	41.901797540533735	-0.0063557221354957373	-1	
20.817295237869981	40.944656982042282	-0.0063460511761344205	-1	
23.360500668417476	41.663362386998365	-0.0063700154018690681	-1	
25.375167899405042	50.508631237666826	-0.0001522039016534166	-1	
26.242541092887024	51.464312864763649	-0.00015212830144008103	-1	
30.484823525696878	54.987776185475198	-0.00015192101801058807	-1	
31.521510314835872	55.618325511887328	-0.00015189349744067649	-1	
26.62562464497487	53.497837111877274	-0.0001519892637916113	-1	
25.803770070910609	52.652270189530967	-0.00015203644927715246	-1	
28.54169585770747	54.426522847247583	-0.00015194868334624995	-1	
27.347906712488772	54.420308119938028	-0.00015194323482601091	-1	
29.320962770659879	55.330908950886482	-0.00015190856357764378	-1	
32.183426939465576	56.433093631661215	-0.00015186537103758935	-1	
34.149782558403572	57.205428374585175	-0.00015183713800657865	-1	
33.172833312858174	57.531849423915688	-0.00015183354877491048	-1	
34.864313233226866	57.947335676445938	-0.00015181979750353498	-1	
17.734469680302816	28.953480026015018	-0.0060215734771991887	-1	
15.900207225476052	29.339747840764975	-0.0058711380356026481	-1	
16.055568922351505	29.608846503039608	-0.0059371342745163109	-1	
16.263340844558428	29.71761730455901	-0.0059781855354558893	-1	
16.529545914773042	29.682720169440312	-0.0059882414429448276	-1	
15.123398741098798	27.994254529391817	-0.0054576339418860214	-1	
15.133089674893142	27.759933500197004	-0.0053725738490652533	-1	
15.286307204576341	27.556293119976253	-0.0054003187654360924	-1	
14.867357289219393	27.949698110190635	-0.0051491935994178546	-1	
14.662011285462894	28.645672879587078	-0.0049732340619516799	-1	
15.370513168963495	30.148626225483781	-0.0061095598349281159	-1	
15.633333333333409	27.077727624993763	-0.0055221263625697811	-1	
15.835435032103868	26.960034157776605	-0.0055829613238654596	-1	
15.430356951478652	27.193906096668393	-0.0054482207845015923	-1	
16.530387603874818	26.867982093614547	-0.0057125086522456609	-1	
16.448541661208967	26.901131579347989	-0.0057029825059661809	-1	
16.036650740224744	26.840832279951989	-0.0056408653821884208	-1	
16.236969199701829	26.720128660850371	-0.0056988866477187244	-1	
16.405398479365999	26.807596101706235	-0.0057148097527202173	-1	
16.503264334668685	26.775463655750784	-0.00574096049591613	-1	
16.528205812139397	26.784589975522017	-0.0057447082669830609	-1	
16.526670782694985	26.825278258642555	-0.0057241328575898965	-1	
16.548837463478883	26.801314268451605	-0.0057465670876216471	-1	
16.535863076581716	26.810020927376979	-0.0057387326888449428	-1	
17.202588407656833	30.795723516572409	-0.0061244307031477069	-1	
17.145325558726601	30.656657401666916	-0.006114225154820992	-1	
17.228428652442481	30.584136448108715	-0.0061124451004236774	-1	
17.152899718849458	30.709660060900738	-0.0061177908660385184	-1	
17.4193801231668	30.284591694253162	-0.006101157906493365	-1	
17.141577525566255	30.505985552570312	-0.0061038064628759934	-1	
17.947670327089405	30.131680686471345	-0.0061233138423816037	-1	
17.848169693223817	30.098034374365945	-0.0061148980680761156	-1	
17.95320418494892	30.097580495530931	-0.0061220527366918215	-1	
17.965425048748166	30.117062844671949	-0.0061238172414226355	-1	
17.773376309437534	28.984600990234881	-0.0060430951101689912	-1	
17.080591569640962	30.326450062741614	-0.0060877532006811874	-1	
16.957234443948551	30.182452498633538	-0.0060699970661568809	-1	
17.769594216427102	28.978050317894663	-0.0060371606462634479	-1	
16.271293257760014	34.709658654274243	-0.0062353271605116983	-1	
15.404298011772021	33.491951296436753	-0.0061987433502117602	-1	
15.598591743965216	31.117341129551566	-0.0061294435898254932	-1	
14.845693284005803	31.97043275185224	-0.0061560047402554495	-1	
15.828560556128233	30.590850842363778	-0.0061076412886240496	-1	
16.377473200048438	30.360182404683336	-0.0060790858306112418	-1	
16.905545412028708	30.681675848077642	-0.0061100027169182416	-1	
16.915927800354101	30.512206863878404	-0.0060976751581433347	-1	
16.998899245461814	30.650556899400936	-0.0061098677411043903	-1	
16.587848251116455	36.132603278404702	-0.006264691717750623	-1	
16.926948283741464	37.361111009488198	-0.006285278584835529	-1	
19.513485107709009	41.168180362897239	-0.0063337153857393018	-1	
18.58564124700489	40.324376584036635	-0.0063232367526639801	-1	
17.985613464789992	39.441236186839831	-0.0063137482137849985	-1	
16.807632934147019	39.03557835952062	-0.006301657551499933	-1	
36.590037656086338	64.3208297857405	-0.00015175538799577749	-1	
36.3768517075925	62.739718796323558	-0.00015176304063390256	-1	
36.445217687778396	61.78666637726824	-0.00015177048746437065	-1	
35.687185905791416	61.204970031902704	-0.00015177354556297924	-1	
35.016901041864116	59.928651601614511	-0.00015178794116714209	-1	
34.174062100294314	59.020005232220768	-0.00015180193846985087	-1	
20.920850280212484	45.077119269907676	-0.0042448581223666453	-1	
20.869103582820074	44.008932137537812	-0.005320475544122791	-1	
21.430806315735811	42.908564895881568	-0.0063502740252328769	-1	
23.410088569192141	41.655414548547199	-0.0063704727372947342	-1	
23.463363197385977	41.639718931202694	-0.0063709848706435153	-1	
23.467145240943807	41.646269632094594	-0.0063709966126664604	-1	
23.459676469966801	41.647466710096012	-0.0063709281381847194	-1	
21.429860129092699	47.421634159534761	-0.0019114240903343115	-1	
22.094086726391019	48.252448794132334	-0.00098024985191711876	-1	
20.83742307870515	46.700076980102814	-0.00270891179676633	-1	
24.480942855260263	49.578026488288323	-0.00015228280021445812	-1	
22.82138613399777	48.940620499979104	-0.00015229447044922203	-1	
23.387306851238964	49.946305941076162	-0.00015221267074132862	-1	
20.286050820388503	42.156128370971452	-0.006340764147297122	-1	
25.200001450063201	51.539064877077521	-0.00015211169010108624	-1	
24.035333531998589	50.901151942094671	-0.00015214212121252282	-1	
30.71210620250482	56.28679068667406	-0.00015187261072091007	-1	
25.520390427569357	53.886554837792602	-0.00015195029987795424	-1	
25.545919046308416	55.034758108774007	-0.00015188484441308351	-1	
24.545234934500506	53.348747991379582	-0.00015196434400289888	-1	
24.426028663192145	52.241519783379161	-0.00015204067954840031	-1	
27.799667610521354	56.062107266336326	-0.00015186715493294115	-1	
26.694467966511482	55.442571225471795	-0.00015188264703718991	-1	
28.859629423125405	56.319246541803238	-0.00015186570624098542	-1	
29.73744096779436	56.966615480826739	-0.00015184627570231712	-1	
31.385151561969593	57.677660096100254	-0.00015183032025720573	-1	
32.049476511694188	58.614110634403723	-0.00015180753765508119	-1	
32.960529954566056	59.312858710427378	-0.00015179479116006237	-1	
15.789003393790228	30.017690386663539	-0.0060850792038658697	-1	
16.133249770789227	29.743395834176923	-0.0059710498894492139	-1	
15.998248506203595	29.952222467253414	-0.006066483091706756	-1	
16.207214390342923	29.835241278794637	-0.0060019849519082607	-1	
16.289060792778972	29.802092928254698	-0.0059985748638550062	-1	
16.172090195008089	29.81067049974558	-0.0059907812888443336	-1	
16.337327148693156	29.932334226541215	-0.006026028530350518	-1	
15.045717892661074	27.859705198254503	-0.0053801449035387229	-1	
15.072792507658667	27.695420723487665	-0.0053119504778454622	-1	
15.003161239558196	27.749726646166241	-0.0052891979419548828	-1	
15.006877468442212	27.792430532685845	-0.0053240547207367827	-1	
15.226517243043288	27.308563072629248	-0.0053620109733994491	-1	
15.021825612834025	27.421692137832565	-0.0052481463790584101	-1	
15.013526968707858	27.612250802742253	-0.005249450888064798	-1	
14.85161131660009	27.772793619991045	-0.0050607476368814989	-1	
14.738967591130109	27.826982097661517	-0.0049433455450261727	-1	
14.947054885033019	27.790980034572161	-0.0052198987026941413	-1	
14.513680140190145	27.935359053002465	-0.0047260441091204024	-1	
14.06310523831022	28.15211296368436	-0.0043073001106753083	-1	
14.533532719310029	30.410497903124273	-0.0061297073052221174	-1	
13.626586755795167	28.362104882398196	-0.0039015230120395682	-1	
13.81056373379197	29.303245133006463	-0.0045921789991734104	-1	
16.505134060419937	26.833345540322249	-0.0057221994228285646	-1	
16.522888689684553	26.818727586302344	-0.0057296843808135964	-1	
17.120965769660405	30.608978785243259	-0.006110362737820469	-1	
17.103211030042083	30.623596605229068	-0.0061108103519649948	-1	
17.025142009979099	30.507771945760343	-0.0061002767985612284	-1	
17.088667209102354	30.596721151260326	-0.0061085441519912352	-1	
14.850548258571962	34.38337332753887	-0.0062141635518303279	-1	
15.225951854605828	35.762592529922998	-0.00624523282560997	-1	
14.475144662538098	33.004154125154741	-0.0061795043639579312	-1	
14.851761076500365	31.36629271896523	-0.006140876480010736	-1	
14.287442864521164	32.314544523962674	-0.006161691018935875	-1	
14.193591965512697	31.969739723366644	-0.0061533371637584391	-1	
14.478345742767939	31.490768513672062	-0.0061440575433759845	-1	
14.295622406454431	31.720544722702506	-0.0061483896934181118	-1	
16.121694104192866	30.096735066386344	-0.0060645190931998202	-1	
16.220997154463472	30.028003698125321	-0.0060476593651045277	-1	
17.039295466840667	30.616155947077857	-0.0061085197108815348	-1	
17.09225307889492	30.619437950724226	-0.0061102209311007264	-1	
15.601355450639693	37.141811732307133	-0.006271007961676618	-1	
15.976759046673559	38.521030934691261	-0.0062910066884827595	-1	
18.699237995599354	42.410459201409168	-0.0063287498797705019	-1	
18.278610105737602	41.387230075455562	-0.0063244028136943175	-1	
17.423911745458618	40.349234798672931	-0.0063148502271182568	-1	
16.352162642707423	39.900250137075389	-0.0063058221367246845	-1	
35.351266569907516	65.009906567409843	-0.00015174020317876722	-1	
35.353353183579124	63.632634166743735	-0.00015174954832838643	-1	
34.870338302274241	62.035850758065351	-0.00015176095198257678	-1	
34.123087685219957	61.141860096037881	-0.00015176854419268152	-1	
33.785883596005029	60.072219543821355	-0.00015178336810144191	-1	
19.85531044353035	44.277247053906081	-0.0052152840407235345	-1	
19.647473862042801	45.593292137056153	-0.0039625375376760343	-1	
20.410233661337973	43.06595397301033	-0.0063410799507068053	-1	
21.093620248139732	48.292592921083454	-0.0012533016317471384	-1	
20.302199131690479	47.603047449148889	-0.002028926627294524	-1	
20.645236936791942	49.842011011209081	-0.0001520983812643643	-1	
19.427272357387391	47.0231134175256	-0.0026818784417315272	-1	
22.009991470832254	50.059280208163571	-0.00015214500162106341	-1	
22.770968967651008	50.884473341528476	-0.00015210194678747909	-1	
19.389661006940141	43.223343050139093	-0.0063332174350144285	-1	
23.401842197078111	51.812928739708347	-0.0001520451891987439	-1	
24.464412588866907	54.648278815176724	-0.00015188072131446103	-1	
25.723086564113665	56.169497784867986	-0.00015183040076382131	-1	
23.856362132269631	55.799620317852821	-0.00015180061413968152	-1	
23.454095207303027	53.126085611435201	-0.00015194783819049481	-1	
26.789113591773575	56.652135716228152	-0.00015182835125353517	-1	
27.318757671024784	57.695605958162808	-0.00015179427749681523	-1	
28.684303725318799	57.517102555160839	-0.00015181830773888235	-1	
29.911459378621451	58.142137349271195	-0.00015180916613907622	-1	
31.054465464666254	59.187015745052783	-0.00015178806097077428	-1	
31.849255936375855	59.881623587075858	-0.00015177743450348055	-1	
32.682321416597276	60.529831774145237	-0.00015176999260194712	-1	
16.10287106241028	29.919488507548351	-0.0060515555179848348	-1	
16.210930619226954	29.877945165314237	-0.0060163494583713138	-1	
16.232467453391855	29.869878182346259	-0.0060151439020507532	-1	
16.207493618616962	29.886754547843292	-0.0060270314835886235	-1	
16.217876906746266	29.90727523905182	-0.0060281732011227959	-1	
14.985791876234972	27.710538159352591	-0.0052467259531422516	-1	
14.968037044223349	27.725155867117188	-0.0052388301826900392	-1	
14.957487185562236	27.758601300594112	-0.0052222586333616951	-1	
14.816293513322494	27.533286962721011	-0.0050919904172774142	-1	
14.936900687114365	27.679764155444381	-0.0051804126075008306	-1	
14.907933179335082	27.745699381155806	-0.0051285779490791395	-1	
14.856160341975997	27.678521063023673	-0.005097934252428821	-1	
14.609932444004469	27.643341303577806	-0.0049017206289247049	-1	
14.402753950756502	27.751849002876064	-0.0047068158277376176	-1	
14.194769625189894	27.858803989623311	-0.0045125860756610563	-1	
13.985991104002174	27.964200279701146	-0.0043174671309509629	-1	
13.776430068326023	28.068031976200047	-0.0041216602426489921	-1	
14.445274539635804	30.947534076691063	-0.006135919705781789	-1	
13.696552269656561	30.672369580764766	-0.0061317748590567359	-1	
13.566098243075707	28.170293269749322	-0.0039255586129976821	-1	
13.355007396291075	28.270978438842135	-0.0037294330320385978	-1	
13.190068273280115	28.572096801112032	-0.0034961457465428783	-1	
13.171622301772317	30.018329985451615	-0.0049167617969101294	-1	
12.753549790765064	28.782088719825868	-0.003095555380293782	-1	
17.099428986484252	30.617045904337171	-0.0061102612138719129	-1	
13.720373389790494	34.130190374720392	-0.0062004139877133418	-1	
14.15339172987419	35.723385956540412	-0.0062372363297717023	-1	
14.586410069957889	37.316581538360431	-0.0062677186964115129	-1	
13.287355049706797	32.536994792900373	-0.0061602304682298117	-1	
13.76866280300947	32.222958600375435	-0.0061562169033560479	-1	
14.146666516008466	31.797337323068628	-0.0061493095885023011	-1	
13.993908670601755	31.782562310709086	-0.0061480177098324996	-1	
14.291638075901727	31.553006411025478	-0.006144942404167849	-1	
14.181648270300911	31.423662786301438	-0.0061422920434606012	-1	
14.131398200134427	31.635652619726606	-0.0061459413864979077	-1	
14.123203791256348	31.711136122919616	-0.0061474028533998609	-1	
14.19828424246862	31.584125359702185	-0.0061452340256164008	-1	
16.161392085470563	29.922968787136501	-0.0060412656299630059	-1	
15.019428410041584	38.909777120180451	-0.0062908847732906807	-1	
17.90583158320478	42.537624616628023	-0.0063243990933572521	-1	
18.369088352542306	43.380732127267855	-0.0063266834991865303	-1	
17.37713984482653	42.028538920414249	-0.0063210380243446784	-1	
16.727566238741289	41.279469339459517	-0.006315521337372303	-1	
15.452446750125279	40.502972702000463	-0.0063071430513983104	-1	
34.099523579097422	65.675128410065525	-0.00015172053112338715	-1	
34.183148289319362	64.322175748405542	-0.0001517324025511904	-1	
34.169549454324937	62.966709382707243	-0.00015174576377141428	-1	
33.837263489818739	62.062153469064611	-0.00015175383728576649	-1	
32.873881577914084	62.085189417679779	-0.00015174535675722674	-1	
18.601597285592501	44.753688099779204	-0.0049213871332514968	-1	
17.888205292978171	45.466096810287098	-0.0043025928228223051	-1	
18.098002403145131	46.452220270356555	-0.003335099701419918	-1	
20.096866505468036	48.843731614801172	-0.0010706680547865187	-1	
18.973087337725687	48.658280097171343	-0.0014433754567337892	-1	
20.07074931610288	50.798242990275007	-0.00015196963602165023	-1	
19.387515675166778	49.883142992144414	-0.00047566010707726712	-1	
21.144561364593518	51.100473545695309	-0.00015200736835441547	-1	
18.469087739586115	50.743401522439058	-0.00015185622090664849	-1	
18.386031182566466	47.614558265157463	-0.0023238942448149196	-1	
22.242470765434923	51.922143646936512	-0.0001519919759806931	-1	
22.946773217622926	54.338412195169141	-0.00015185171667131831	-1	
24.983688292621739	57.100242053651016	-0.00015177031545050154	-1	
26.038137599138892	57.841454781370686	-0.00015176416338263227	-1	
22.526935071747058	55.613467185785495	-0.00015176415801634191	-1	
23.871852404329097	57.520736590193671	-0.00015172005574826364	-1	
22.740543770255826	57.231052640243838	-0.00015169452511987983	-1	
22.176126599722689	53.303607163434222	-0.00015188709180832114	-1	
26.788928376776106	58.738602340583142	-0.00015174667818790611	-1	
27.888707891439157	58.641205201894927	-0.00015176953233337695	-1	
29.480796990616167	59.14011548451964	-0.00015177502621561994	-1	
29.851262033025165	60.16196973206636	-0.00015175200390928162	-1	
31.217264936646693	60.727057986885598	-0.00015175382156501071	-1	
31.515552735117225	62.180713174460251	-0.00015172947253428085	-1	
16.214712621380233	29.884495890110855	-0.0060216776614330191	-1	
14.964255042070072	27.71860514232057	-0.0052223563282317908	-1	
14.950174576386326	27.725378702029378	-0.0051951875384105882	-1	
14.936094110702577	27.732152261738189	-0.0051683189855705027	-1	
14.932130314226884	27.705890972194673	-0.0051717561851841037	-1	
13.950745708335305	31.18464775104016	-0.0061373821061759554	-1	
13.278062044829827	30.803305419585012	-0.0061238351145868845	-1	
13.274398231012707	31.158718388960114	-0.006126679770957163	-1	
13.143169338479135	28.3700818501556	-0.0035337397427247777	-1	
12.930595921953264	28.467597958866008	-0.003339270786371177	-1	
12.464272564752431	30.374942100547226	-0.0047339459011655387	-1	
12.890918362561337	30.759087131624707	-0.0058065373959208478	-1	
12.31703130825001	28.992080638539708	-0.0027141715308164928	-1	
12.717299040170069	28.563521308959025	-0.0031460933164124444	-1	
12.503290627063947	28.657846533534965	-0.0029559470839275351	-1	
12.540395541079061	33.921821833441712	-0.0047575718583589997	-1	
13.120714688591217	35.14861633341301	-0.0051035688494600042	-1	
13.825931762507242	36.667830387012671	-0.0055098895305452393	-1	
14.152215771684235	38.29003554137141	-0.005391937612290793	-1	
13.535176498571722	37.570228088073613	-0.0048429565284002348	-1	
13.070845879664949	31.74039700199037	-0.0061386907080887062	-1	
12.034724873967333	32.83551508630854	-0.0044591108929768275	-1	
12.354456194558793	31.588130380060136	-0.0052375084833573091	-1	
13.693507798656842	31.734045194811582	-0.0061444900791015914	-1	
14.093038152309942	31.673053067339001	-0.0061464735503568976	-1	
13.993400670124663	31.682481059571458	-0.0061460342898532949	-1	
14.145326630414358	31.580843356055802	-0.0061449504997460568	-1	
14.091617151838591	31.485645120810279	-0.0061429866834703546	-1	
14.09974106650423	31.624934922770606	-0.00614557015897302	-1	
14.104930409035514	31.615244308378898	-0.0061454182958517612	-1	
14.123839513934353	40.008634636204711	-0.004784887942072589	-1	
17.509128377007492	42.60120732423745	-0.0063226074694407736	-1	
17.744491048662187	43.120706847855431	-0.0063238481783369259	-1	
17.348515698144471	43.538121204396631	-0.0063220777962842752	-1	
16.915268036758221	41.969078940651578	-0.0063188550590389785	-1	
17.009118935766686	42.313883741247622	-0.0063201270517136594	-1	
17.234062067695159	42.471697815138029	-0.0063212732139576082	-1	
15.885465090208976	42.096168283820482	-0.0063169122663351519	-1	
16.514471539501422	42.310960354899869	-0.006318785495009467	-1	
14.617861618322324	41.351369229836266	-0.0049615462083120992	-1	
32.835268002155075	66.3162512151182	-0.00015169651422177843	-1	
32.877484844634317	64.770670859006529	-0.00015171145859832057	-1	
33.179409404070704	63.622227296897158	-0.00015172810341453885	-1	
32.004252209944063	63.451679285962555	-0.0001517157333546152	-1	
17.262692880887769	44.675408168497789	-0.0051585704791006224	-1	
16.344574329830149	46.199022063758854	-0.0035051109788944647	-1	
17.116086769104204	47.3123961073386	-0.0025828607209749232	-1	
17.571807008357499	48.216847616032496	-0.0019056890306960047	-1	
18.3335097030665	49.678261300258661	-0.00082366576043060933	-1	
19.683701058597606	51.844478752651469	-0.00015185831934356697	-1	
21.205995570212767	52.45298183523915	-0.00015190236301175969	-1	
18.285705472476828	51.761039857194987	-0.00015176067466521481	-1	
17.345872913573618	51.097549796731712	-0.00015172471287777873	-1	
21.641637092872941	54.692554109709633	-0.00015177665273530285	-1	
24.825551954121803	58.27837090747115	-0.00015171781504226631	-1	
25.59948840085444	59.218889363648479	-0.0001517035482357883	-1	
21.711162093221578	56.679555242812597	-0.00015167821031297725	-1	
20.698306690357196	55.637571770005756	-0.00015168196054914383	-1	
24.025396228814859	59.196686433447837	-0.00015166050841764682	-1	
22.75971672565959	58.398703450275825	-0.00015164787012815625	-1	
21.300350202670053	58.109465350877919	-0.00015160104500410525	-1	
21.124464180019135	53.52449350199425	-0.00015182345912752185	-1	
27.026274150106868	59.884127337546538	-0.00015171433161037694	-1	
28.483169792346036	59.571590193104122	-0.00015174927991465329	-1	
30.04932821096077	61.633265729752068	-0.00015172054130962475	-1	
28.685040121953389	61.047893938630743	-0.00015171287967656943	-1	
30.472627195638701	63.056206379680454	-0.00015169978973143591	-1	
13.988573612150532	31.55916977983857	-0.0061437173518525973	-1	
13.06881693241646	30.868773338995137	-0.0061128078053116373	-1	
12.908464002133563	31.14294865880786	-0.0061142635789724524	-1	
12.962591294644024	31.34209810653536	-0.0061255341565113093	-1	
12.958572495167967	30.995666535521266	-0.0061079480360312849	-1	
12.743216322549022	30.87672334937567	-0.0058094497644677924	-1	
12.203707642926975	30.949667339820252	-0.0049580928245015936	-1	
11.628445270920047	29.247413955436262	-0.0021286942117709948	-1	
11.064152292515287	30.669610387209783	-0.0029779981038374559	-1	
12.964194376209775	30.901507298700199	-0.0061051009050315259	-1	
12.849188531873788	30.913720567196723	-0.0060262488155663598	-1	
12.911883098106433	30.917874278552731	-0.0060963668795006674	-1	
12.28858265637939	28.750568355109067	-0.0027679420168545549	-1	
12.073187141001045	28.841681585906784	-0.002578434179918506	-1	
11.857116132281602	28.931181128154016	-0.0023893385013852046	-1	
11.342161553346317	33.921126789303671	-0.003224242095918194	-1	
11.94060397010826	35.084423784120851	-0.0036146840154294649	-1	
12.091530823947622	36.125328575609657	-0.0034704289065210221	-1	
12.844846527699609	36.859342983257655	-0.004194248335920088	-1	
13.093399395078631	39.657727350793735	-0.0035902036149915795	-1	
13.123632744330328	38.569596519461896	-0.0039889815415666535	-1	
12.609591816527358	37.775540607787129	-0.0035947316676228406	-1	
10.838202116714157	32.835911717453669	-0.0029265971723131112	-1	
11.442219014097352	32.018973856239647	-0.0039412893577059141	-1	
12.737700104762952	31.055697957246807	-0.0058860444917041748	-1	
14.076859145197883	31.627243410886798	-0.0061454914563805483	-1	
14.094168631653613	31.594919555302052	-0.0061449754334279606	-1	
14.097754501446182	31.617636354765949	-0.0061454232062049599	-1	
12.90324012742202	40.729539934423066	-0.0029933322417413258	-1	
17.310776773908849	42.632998678042163	-0.0063218131609792767	-1	
17.271543172865005	42.80196612402699	-0.0063218170520647774	-1	
17.174189529815283	43.12632110191629	-0.0063216340256099573	-1	
16.838229370945555	43.616815742961009	-0.0063206886728242231	-1	
17.056044385270919	42.486286141545634	-0.0063206417489367226	-1	
16.931847799053681	42.576444160021595	-0.0063204121750429975	-1	
17.125996066373776	42.633382431794054	-0.0063211220264008097	-1	
17.211600972359527	42.648894354944531	-0.0063214515048537626	-1	
17.079507110023034	42.572487341694639	-0.0063208691871911365	-1	
14.905995574317181	42.506050066289852	-0.0049377975023797626	-1	
16.101974260250824	42.892766074730488	-0.0063193152205303525	-1	
16.69747681804775	42.770518469662221	-0.0063200789627026275	-1	
13.86931764276215	42.27656700724549	-0.0037007990382310597	-1	
31.558963748987114	66.933039726954974	-0.00015166853062283401	-1	
31.836754318081539	65.878958773447991	-0.000151683793836767	-1	
31.362446960770107	64.897487027739402	-0.0001516868525757531	-1	
30.473025446695313	64.191661993255579	-0.0001516814585041444	-1	
16.13430711336613	44.432633467410589	-0.0053625586555131133	-1	
16.453122659718595	43.872050681651238	-0.0060908039717588892	-1	
15.050480024711659	45.457359168547967	-0.0035899356471866591	-1	
15.115182045891864	46.844298504248322	-0.0024294423628946301	-1	
15.970410907187738	47.938085808647259	-0.0019271899297215462	-1	
17.367811700378351	49.20886544972614	-0.0012244242802057375	-1	
16.649339000833109	50.14498932872052	-0.00069401072544416991	-1	
18.850270143525698	52.627344404371357	-0.00015174389444444717	-1	
19.871933502725131	53.140851657786271	-0.00015177808284697251	-1	
17.412949946128435	52.31557987151615	-0.00015165079367985074	-1	
16.222658087561122	51.451698071024374	-0.0001515939810275688	-1	
20.415998997431402	54.332492081597046	-0.00015173619455035827	-1	
24.804676326486732	59.75836304138447	-0.00015166468835044395	-1	
25.90511095771685	60.763186611241274	-0.00015166262204750579	-1	
20.420196325135198	57.082629934156586	-0.00015160179130906476	-1	
19.458036536330702	56.13220352354891	-0.0001515916424528313	-1	
23.001506305708553	59.794844336487508	-0.00015160692039395076	-1	
23.592332190188767	60.822982569331536	-0.00015159513779501693	-1	
21.855628229639809	59.489710126028491	-0.00015157480667792996	-1	
21.004515082091668	59.030298690172692	-0.00015155523339858144	-1	
20.251677527479405	58.117706604159245	-0.00015155348458448521	-1	
27.899627530755602	60.403337766680139	-0.00015171592665582441	-1	
27.237187844090858	61.268481851103097	-0.00015167975597400876	-1	
29.177292140567559	62.297816101068697	-0.00015169264189327175	-1	
28.084258496793773	62.38355732605708	-0.00015167038940541196	-1	
29.337910814058354	64.219489673299819	-0.00015166016040660499	-1	
28.72100499545299	63.294749471604113	-0.00015166451212003521	-1	
12.881400355878334	31.043373934944107	-0.0061057988927817755	-1	
12.867868532750716	30.99358657301223	-0.0060967985140272128	-1	
12.831453944543822	30.946099320290482	-0.0060331644147579499	-1	
11.640381719367522	29.019061974362337	-0.0021986821335011849	-1	
11.422996028522654	29.105319207609178	-0.0020020570214145453	-1	
11.204971222449757	29.189948001812901	-0.0018011683081214612	-1	
10.939859233590084	29.502747272332812	-0.0014936633497121174	-1	
10.251273196260122	29.758080589229365	-0.00085792925197133454	-1	
10.487873277763372	31.691824058862601	-0.0026149717466347846	-1	
9.5626871589301601	30.013413906125912	-0.00024412707784976837	-1	
12.85235281723982	30.936499916137699	-0.0060696855323373721	-1	
12.859571820003092	30.934241258405262	-0.0060799694351260742	-1	
10.499940665440555	34.42290478524486	-0.0019851861056683377	-1	
11.198833523938664	35.66306243744333	-0.0024786944763655165	-1	
11.154352813913842	36.602779177937606	-0.0021177763515101257	-1	
11.111261511743008	37.541710490090416	-0.0017586721973642133	-1	
11.485306940580919	39.582341604862798	-0.0015686669982305334	-1	
11.770313174566057	38.211859559323479	-0.0023813297172070834	-1	
9.8835153800045887	33.127411345973542	-0.0016022386266639869	-1	
12.687038736720028	41.939710460897757	-0.0023144442617177119	-1	
11.692811128046655	41.216684039083788	-0.0012930498722856002	-1	
17.165183070843181	42.676620351902919	-0.0063213161654934527	-1	
17.16104917984002	42.787926044772796	-0.0063214142300406541	-1	
17.038720370980112	42.768631531145665	-0.0063210003400565769	-1	
16.652626930774908	43.260194476805765	-0.0063203383107342916	-1	
16.583086207346096	43.656163012243198	-0.0063201045729378872	-1	
17.072804195828763	42.620605486263031	-0.0063209209298202788	-1	
16.98213337627358	42.662976671931325	-0.0063206965243689309	-1	
17.102969834775152	42.658688541843652	-0.0063210773145666076	-1	
17.112425170810205	42.664790031846884	-0.006321115814368004	-1	
13.911283456703291	43.291702802132605	-0.0034143767114732421	-1	
15.620968041195145	43.291020116526177	-0.0055715921887971387	-1	
16.21022884527175	43.291064970185488	-0.0063197565359914267	-1	
12.903720462239633	43.422388010891176	-0.0020896070264611721	-1	
30.27107915067921	67.525267619264781	-0.00015163651453603088	-1	
30.634843386207155	66.619866238976485	-0.0001516534189758115	-1	
30.174780172992719	65.759390836466935	-0.00015165428849217645	-1	
29.458127341955784	65.151508859866752	-0.00015164815059217284	-1	
15.862438477603771	43.828533209923435	-0.0056722217808457273	-1	
16.254012416325462	43.798940282399776	-0.0061347115079390174	-1	
15.104098806995937	44.467296949617996	-0.0043942291629911357	-1	
16.455514625546364	43.675836646884299	-0.0063198017266277587	-1	
16.3917288346465	43.685673464204847	-0.0063195667140755717	-1	
16.327662704362481	43.718506647540089	-0.0062873363705327895	-1	
14.067529949742079	45.280714488119308	-0.002741759688085947	-1	
13.713864267277033	46.214692420435156	-0.001903937250242258	-1	
14.101974898284153	47.225135867178224	-0.0015758205946039537	-1	
14.440103544643312	48.253384299940514	-0.0012172606482447326	-1	
15.337292716032671	48.736571874713384	-0.0012955078510230164	-1	
15.542929909418072	49.73463599408138	-0.00082465651480580172	-1	
15.606024766732226	50.702730832368097	-0.00045480812066165847	-1	
19.450680240717734	54.053204431124442	-0.00015169592365826479	-1	
17.924488052191688	53.426351459745661	-0.00015162781415709218	-1	
15.975044147498302	52.624632274934058	-0.00015150409661303794	-1	
16.335525979352827	53.767934579190225	-0.00015148089694518916	-1	
15.099443261548622	51.805846345317036	-0.00015145627452494169	-1	
24.746760086939357	60.717218500631262	-0.00015163327218873136	-1	
25.501625330508393	62.129550932816997	-0.00015161603738040279	-1	
18.697434589857682	57.176688830442224	-0.000151507216221431	-1	
18.541840484205526	54.481984317257826	-0.0001516145808415749	-1	
18.193680459765172	55.940332202153158	-0.00015152473873784514	-1	
21.929806946296477	60.585236501274466	-0.00015154390924823169	-1	
23.068787994371561	61.981733840511986	-0.0001515462413077838	-1	
24.326949384169829	61.797796485259944	-0.00015159120470707889	-1	
20.831865691309847	60.570900481506364	-0.00015150070452691312	-1	
20.044235286498289	59.145690074164428	-0.00015150851804297005	-1	
19.06943391889099	58.414057561457092	-0.00015148405391807697	-1	
26.760616956488533	62.585221079122192	-0.00015163656766767447	-1	
27.648572457979203	63.587333958938828	-0.0001516361436029967	-1	
27.841391940356644	64.852925185799123	-0.00015161746379651315	-1	
12.854336709623102	30.943799211080361	-0.0060806095463757075	-1	
10.986319499610012	29.272943622002849	-0.0015993422037568375	-1	
10.767053093540525	29.354301424584239	-0.0013969304350469633	-1	
10.547184272169844	29.434016857597982	-0.0011943603648667447	-1	
10.326725337131581	29.512085460975371	-0.00099195630040103348	-1	
10.105688623076135	29.588502866787614	-0.00079090422396122829	-1	
9.8840864969805793	29.663264799490221	-0.00059249060888415803	-1	
9.4897817454594691	31.933080056089008	-0.0012633177915054572	-1	
8.8303607298846192	30.827222232632423	-6.3125357236343185e-005	-1	
9.4392356340573524	29.807805606740189	-0.00019608588516764407	-1	
9.6619313574567069	29.736367076162225	-0.00039490134075430939	-1	
9.2160117865809497	29.877576394247093	2.8872632097033907e-006	-1	
8.8533096054441707	30.20349104871125	0.00037351986241470112	-1	
10.300772414346012	35.382826234630933	-0.001420634657132269	-1	
9.5818931652075801	34.078948438375797	-0.00091999984552517625	-1	
9.2309898300458659	36.418417806988053	0.00028123494926623972	-1	
10.373281984266777	38.123805917223912	-0.00062783227403827085	-1	
10.523840742054045	40.397576804716358	-7.6671789787457505e-005	-1	
10.416068393012271	39.295891902131395	-0.00030055946197549068	-1	
8.9403482709153419	32.80055571575032	-0.00045310936147430723	-1	
11.840440484313049	43.397728645614592	-0.00075423557315879692	-1	
11.323660056464542	42.468153266665638	-0.00040871553164194995	-1	
10.464480982801003	41.656744029897915	0.00041341447204650488	-1	
17.112280860517927	42.68778765378029	-0.0063211447427150369	-1	
17.082074478526852	42.668295597964494	-0.0063210196203881529	-1	
16.264356137782212	43.490214417912995	-0.0063197353686841829	-1	
16.407960461994371	43.57920123586571	-0.0063198052282639377	-1	
17.104956399833199	42.665987109848309	-0.0063210928166834018	-1	
14.129684308292019	44.283954221696298	-0.0032765807616145334	-1	
13.161071275357045	44.35921566378385	-0.0020681867978749931	-1	
16.123161043650839	43.599290266747367	-0.0060977588298781428	-1	
28.972086787645196	68.09271757808736	-0.00015160085887518221	-1	
29.208806003357441	66.864073812657807	-0.00015162005722460194	-1	
28.707922097206602	65.717462805395371	-0.00015162382518410926	-1	
16.183430841908947	43.69627404956028	-0.0061465375551090938	-1	
16.297584557596675	43.698963269793282	-0.0062926528536286002	-1	
16.341646534756109	43.664067390415674	-0.006319377826761347	-1	
16.327943043746636	43.695510281525394	-0.0063191122560741384	-1	
16.320467322675956	43.696663160583164	-0.0063186700852820386	-1	
12.602459093038018	45.154091705693119	-0.0010868619503097716	-1	
11.965712529806899	46.224064390337112	1.0292164182295345e-005	-1	
12.805452387021887	47.143371033343385	-0.00061120424908767785	-1	
13.398294649901143	48.028961023883241	-0.0007552310805154542	-1	
14.380834236625132	49.453853203877863	-0.00071356905018951243	-1	
13.209240282997021	49.215792422100193	-0.0003398120141744872	-1	
14.500331217246165	50.86284137700973	-0.00033265687216070533	-1	
17.344940869383553	54.473616361072388	-0.00015153040192753819	-1	
14.94480603930799	53.273665024212363	-0.00015137581197934491	-1	
15.438311627569105	54.08875490003512	-0.00015139119020741532	-1	
16.959145150105272	55.606665509890853	-0.00015145523406149712	-1	
13.976228435536125	52.159994619609691	-0.00015131436918099182	-1	
24.730464970230557	62.949794646797699	-0.00015157491386470087	-1	
25.727370422615472	63.472927106690896	-0.00015159126951640707	-1	
17.360044504478459	56.910106395651582	-0.00015143571576975911	-1	
17.874696181567955	58.172965091736984	-0.00015142704209346357	-1	
21.833800029740004	61.679066100818076	-0.00015151031126193741	-1	
20.848351275074524	61.563021368089153	-0.00015147497373885533	-1	
23.620204160506226	63.136366311256609	-0.00015153667456941958	-1	
22.487190724082541	62.968472158782781	-0.00015150266541561961	-1	
19.866199923992344	61.704281240782464	-0.00015143055882911542	-1	
19.34355649612397	60.615600136889007	-0.00015143425885073857	-1	
19.188461383827711	59.639713875584341	-0.00015145329507601342	-1	
18.200327621921215	59.640110665099364	-0.00015140352995822616	-1	
26.690408763050765	64.436346821038768	-0.00015159682716209337	-1	
26.983640339189154	65.72617314550024	-0.00015158242005997144	-1	
8.6063001539692063	31.409771886314928	-7.7286769994980515e-005	-1	
8.4986208287011742	30.298529620003922	0.00069484454894609086	-1	
8.1439320519581795	30.393568191296588	0.0010173818110425265	-1	
8.9922723043744153	29.945675535015923	0.00020146604836662245	-1	
8.7680297056343601	30.012099218908102	0.00040263122994376105	-1	
8.5432965367067037	30.076843729526644	0.00060664771316998843	-1	
9.2214039094890214	35.338168390198753	-5.3471719488356551e-005	-1	
8.6042619624356984	34.451508077827789	0.00045118911856442911	-1	
9.5218645852100838	38.643416573928342	0.00062718008740311011	-1	
8.5580835985093771	38.386447642632199	0.001774304016475284	-1	
8.1834475930430717	36.369094301560132	0.001605070440999979	-1	
9.4478295845150555	41.054254557378655	0.0015077899100509973	-1	
9.3097132942423073	39.618044016450852	0.0012140957325381147	-1	
8.0434006545014434	32.29395750356948	0.00062771585274195088	-1	
7.8500838596319875	33.72640198708438	0.0012076439928002827	-1	
11.132050068953983	44.191047884750269	0.00041182751693677754	-1	
10.116532114247839	42.786126699769333	0.0012290013532155236	-1	
8.9837422723427718	42.261672557716125	0.0024940860911914376	-1	
16.291419784037444	43.589789141776748	-0.0063196360517959443	-1	
16.28540139020452	43.644890102737598	-0.0062929100732881894	-1	
27.662463316216947	68.635181381555071	-0.00015156190826484539	-1	
28.061292245696237	67.745952317274742	-0.00015158214100043015	-1	
27.688339243823314	66.845564122025351	-0.00015158396438665875	-1	
16.318483430292673	43.689363865640502	-0.0063191382131265305	-1	
11.042470916456512	45.328068696048305	0.00089589675369794843	-1	
11.530070968470211	47.390470906825698	0.00061765648346982186	-1	
10.701536285032734	46.41646399509316	0.0015183917307770587	-1	
12.368694514420172	48.30401582027433	1.4365772258184018e-006	-1	
13.636570738375179	50.154243150211855	-0.0003233791520785095	-1	
12.63226308800742	49.964927606302261	-1.6875297841971328e-005	-1	
13.245473847550885	51.09844516977153	-0.00014961143899156997	-1	
13.92159894512214	53.185535990295655	-0.00015127498619580226	-1	
14.206059449926739	54.295088763753903	-0.00015127181900326432	-1	
15.119217927097379	54.986584773470483	-0.00015133367814946816	-1	
15.261937937194061	55.950950750122935	-0.0001513170228348906	-1	
15.965648190727171	56.625608157463283	-0.00015135058826705846	-1	
12.826421725155654	52.414900630372081	-0.00015117075386200904	-1	
24.461016961594169	64.07820809425445	-0.00015154252243170698	-1	
25.644012516392205	64.519290431241529	-0.00015156787485591286	-1	
16.294663453777968	58.080577301517039	-0.00015133416908836263	-1	
17.101342618812481	59.114319681090294	-0.00015135737999083727	-1	
21.28867230490787	62.585421766447425	-0.0001514679254162951	-1	
20.263300182036954	62.844761001115621	-0.00015142203052311381	-1	
23.366410402291841	64.209167618567207	-0.0001515058765501043	-1	
22.308198511481859	64.35523870806523	-0.0001514675650047908	-1	
21.540182807900042	63.61274221104285	-0.00015145509710059289	-1	
18.658642002559169	61.690622358958919	-0.00015137758399937017	-1	
18.777699606590531	62.959718859766305	-0.00015135731447159633	-1	
17.973177867123631	60.76735668138938	-0.00015136492721416227	-1	
16.875914177746356	60.39468737455995	-0.00015131648539513617	-1	
25.89343993457021	65.714143508006657	-0.00015155377590187123	-1	
26.169697203359931	66.768829980779671	-0.00015154518467349091	-1	
7.813829023624371	31.289739578280432	0.00091930982877572469	-1	
8.3180853713847096	30.139905444424127	0.00081181947916726248	-1	
8.0924088102054803	30.201280835305315	0.0010174705953372826	-1	
7.8662794797449616	30.260966468224616	0.0012231337006222639	-1	
7.7892432752151848	30.488606762589257	0.0013400237124491759	-1	
8.0371038910620687	35.330652648224223	0.0014605118682029727	-1	
7.4303999036976407	34.588354347826382	0.0020032797024784311	-1	
8.0081887917363641	39.180804961249301	0.0027323307371165356	-1	
7.6645029808790985	37.744803468670227	0.0027099873099806536	-1	
7.1582433062980542	38.721478802687088	0.0036686060886966542	-1	
7.2046077765783822	36.745458699711563	0.002977868288533496	-1	
7.0631896795309697	35.709915356687787	0.0028290005605984621	-1	
8.2964655058925043	40.102913623084667	0.0026628254269155929	-1	
7.9498356304205364	41.171378571252504	0.0034516703059593256	-1	
7.0204080901683685	32.172949286928471	0.0018786000792898538	-1	
6.5613591865044141	33.267869499154578	0.0027329804961712147	-1	
9.9972549252728324	44.281218595490671	0.0018772338182462198	-1	
9.1271020918339918	43.54723983445183	0.0027371720010672023	-1	
7.6655288697691608	42.156642190746986	0.0041349766852825836	-1	
8.0162451044448844	43.120267043470477	0.0040058020185785503	-1	
26.342689293738584	69.152459976298474	-0.0001515198687680866	-1	
26.626295215351863	67.933784806024548	-0.00015154204703224784	-1	
9.9053115524125257	45.415871490161472	0.0023568608298175741	-1	
10.204488273849616	47.67867383638967	0.0018627691510849592	-1	
11.101507462317803	48.61189789812812	0.00089107520493906514	-1	
9.477436906728629	46.573449587665309	0.0029848289930249554	-1	
11.710487321271842	49.754129969677535	0.00038607442011949744	-1	
11.966442684976002	51.25646031928423	9.9099279835475045e-005	-1	
13.146680647301373	53.859495273868419	-0.00015117973390938973	-1	
14.150602165102194	55.5559758729488	-0.00015123750295152543	-1	
13.03075596757909	55.647448341176577	-0.00015114084169553561	-1	
14.542622312626738	56.608944496643481	-0.00015124733051420441	-1	
15.229894468090432	57.569473876059313	-0.00015127624883326727	-1	
11.676615014775184	52.669806641134471	-0.00015103327285437835	-1	
12.015363791710909	53.754328282227213	-0.00015106432109888594	-1	
24.901630877350023	65.261378195261145	-0.00015153319594738365	-1	
16.000251222473654	59.635685131452831	-0.00015128291990279283	-1	
15.45985507386448	58.727954702050283	-0.0001512677071421812	-1	
19.573799264088709	63.5910277639829	-0.0001513791525497168	-1	
20.26598998637747	64.334800310659134	-0.00015139306433862191	-1	
23.068264473871523	65.270498350263168	-0.00015147646702171749	-1	
21.539772100361095	65.097310146493385	-0.00015142690947004799	-1	
17.699481184338666	62.530140772235136	-0.00015131685315416748	-1	
17.111883192595876	61.529230736582541	-0.00015130690201190422	-1	
17.549078794235761	63.680997592357244	-0.00015129130688374984	-1	
18.801644367800598	64.359843373488332	-0.00015133417702599438	-1	
15.914258465299298	61.186508991345313	-0.0001512511489876781	-1	
15.337511157531235	60.376732444172468	-0.0001512325707592052	-1	
24.235195611891704	67.173606071211694	-0.00015148267540065132	-1	
24.019745572545848	66.178705887963133	-0.00015149125433331807	-1	
24.912505762363278	67.933537682707325	-0.00015149264950580667	-1	
7.4345544984721901	30.583645333881925	0.0016613603291590281	-1	
6.7251769449861998	30.77372247646726	0.0022774160720904881	-1	
7.6397100319114797	30.31895900377819	0.0014282916965454118	-1	
6.5021654412886587	34.828098540360273	0.00326854934199568	-1	
7.1746707505311402	40.160759477531982	0.0041109421233870473	-1	
6.1221348047761248	37.023537623103188	0.0044515634245180522	-1	
5.6044961904865742	38.014055612497351	0.0054280436740367305	-1	
6.0260890985795328	39.610312629592464	0.0053980290645952601	-1	
5.6293979561266223	35.446070675822156	0.0045821051187321304	-1	
6.4476820066724914	41.206569646687576	0.0053745825765824868	-1	
6.0011772855189154	30.896890356267289	0.0028927298704447	-1	
5.8348832632300738	32.108863002832166	0.0032649565444483669	-1	
5.2415964584397816	33.627438223081271	0.004507058755892494	-1	
8.3440541970872442	44.264316959099425	0.0039684669370773189	-1	
6.8692749147654508	42.802826663782682	0.0053578448606591321	-1	
7.2908678228584085	44.399083680877801	0.00534733637054272	-1	
25.013249002229259	69.644363550487611	-0.00015147515486271299	-1	
25.442023896339705	68.760735721613528	-0.00015149811352493868	-1	
8.1173549028831484	45.301607197252437	0.0045958750635270067	-1	
8.1769919173892056	45.887842409205405	0.0047043002761915512	-1	
9.8330719223298324	48.57744379896733	0.0018223554631037098	-1	
8.9446944482036024	48.181813902127864	0.0026744614949412203	-1	
10.138261349823217	49.500805572680292	0.0012470125398004817	-1	
8.2435969010701271	46.546942896503275	0.0043844182890787281	-1	
10.798346592646704	50.409643088125918	0.00064805852175713594	-1	
10.687837461391331	51.753308695919706	0.00025839285407203209	-1	
12.378050953397148	54.778665169248285	-0.00015109187692412666	-1	
12.526346985307786	56.523563345669551	-0.00015108982053643584	-1	
11.672406731026516	55.982460800294156	-0.00015102222732489782	-1	
14.017294707262012	57.540994427211686	-0.0001511920839578966	-1	
12.952127635782178	57.440469426015461	-0.00015111470642665523	-1	
14.42188254797605	58.53144626610986	-0.00015120501239378558	-1	
10.526808304394711	52.924712651896861	-0.00015090406024540729	-1	
10.574765688496987	53.934246687122972	-0.0001509148217138211	-1	
11.300604531162499	54.637536707987664	-0.00015098926455962237	-1	
14.344865249928663	60.321690501176768	-0.00015117576499071506	-1	
20.586719900721494	65.639311630666896	-0.00015138310066251139	-1	
19.492035510969949	65.578154530355931	-0.00015134258323311239	-1	
22.749222811990084	66.249301224475516	-0.00015144934928174218	-1	
21.769036972129239	66.564068389088845	-0.00015141108440698802	-1	
16.46277474031082	62.583232530043674	-0.00015125765001371532	-1	
16.53168994354921	64.005737362667901	-0.00015124105451334196	-1	
16.966544771647673	64.981153822649063	-0.00015124771891309626	-1	
18.153315587847892	65.601049157635259	-0.00015128909237917764	-1	
15.269900611744225	62.252607550884989	-0.00015120298409688823	-1	
14.846024594592325	61.268637145668649	-0.00015119263270308637	-1	
23.217260994741878	67.166243375360096	-0.00015145061450704255	-1	
23.754573879191856	68.639763785115974	-0.00015144791442948491	-1	
7.4127131432378786	30.37525519729077	0.0016322640156985005	-1	
7.1853015141722638	30.429851898997235	0.0018332580559266361	-1	
6.9574878683674157	30.482746054218808	0.0020315311997709	-1	
6.7292849519688973	30.533934703533987	0.0022303784661371951	-1	
6.5007055329019199	30.583414982944124	0.0024294630516246856	-1	
6.2717624001569705	30.631184124033631	0.0026275671725909415	-1	
4.761310374300658	34.821541578307126	0.0054954895691095044	-1	
5.1829032823936156	36.417798595402239	0.0054625138390405441	-1	
4.3307346117193601	37.202148898738926	0.0054511080942555405	-1	
4.6952351620740682	38.584289563407829	0.0054212138238644639	-1	
5.0597357124287754	39.966430228076732	0.0053955686590572158	-1	
5.4242362627834826	41.348570892745634	0.0053752286691483809	-1	
5.7887368131381907	42.730711557414537	0.0053600270631597941	-1	
6.0424683630742715	30.67723945412494	0.0028267222875555126	-1	
5.8128362506270976	30.721578396427958	0.0030291820482986351	-1	
5.5828789107040038	30.764198470184304	0.0032334716280921433	-1	
5.2771776260516328	31.020058236067314	0.0035347205220572775	-1	
4.9061128307771753	32.905051976425582	0.0046705571648321649	-1	
4.3930943695044835	32.537607779931584	0.0048935078604054015	-1	
4.5531779665843501	31.143226115867339	0.0041741145997536743	-1	
4.4451156932309379	33.624348815485789	0.005508997083427042	-1	
4.5505139202541791	34.02341306975957	0.0055061327308027147	-1	
4.4966771021109189	33.26387341561373	0.005324792768950661	-1	
7.5016642769048891	45.197212189425358	0.0053443437331888114	-1	
6.1532373634928961	44.112852222083433	0.0053497544589574432	-1	
6.8535282941666065	44.899602295610265	0.0053456481121914026	-1	
23.674630270679224	70.110711603482173	-0.00015142827770883575	-1	
7.6070625039281285	45.596276443699132	0.0053434335703378992	-1	
7.8365780802644469	45.819673479800223	0.0051235452385430778	-1	
7.8328747952984461	45.933798798600399	0.0051719973145748117	-1	
7.8230824752343464	46.058001151558557	0.0051587406880612158	-1	
8.616776971964498	49.871883308110739	0.0018003564121981657	-1	
7.693586762645892	48.606840528115299	0.003032749485193548	-1	
7.3877735116713321	47.32138483880189	0.0042435937368389331	-1	
9.5225204518935662	50.280875391624612	0.001196455100566753	-1	
7.6872031459279331	46.22087173628767	0.005117463969570751	-1	
9.4291339984766687	51.270281651019225	0.00076232084865046233	-1	
8.9992944221770301	52.213925556823746	0.00038600717874586696	-1	
11.050506816202526	57.231579764137095	-0.00015097269520816993	-1	
10.722743377201471	56.289023503426705	-0.00015094191361942209	-1	
12.880285424830459	58.458252592714963	-0.00015110222436608831	-1	
11.161528406963825	58.288323823495709	-0.0001509828385951358	-1	
13.316400419018906	59.380666593874601	-0.00015112323278091696	-1	
9.3770015940142422	53.179618662659237	-0.00015077574902932743	-1	
9.7307946867095314	54.490278904815206	-0.00015083714250476417	-1	
9.8294184927302553	55.844263087770521	-0.00015086282944969979	-1	
13.837535032048224	61.3179698775646	-0.00015113701309009636	-1	
12.988372574634607	60.77170250977116	-0.00015109283025327479	-1	
20.001247905316486	66.56629417995282	-0.00015134753117702649	-1	
18.899326628964616	66.712877706942265	-0.00015130394471341439	-1	
22.234287939350434	67.487713761760503	-0.00015141366328550731	-1	
20.488986476186927	67.565207747858906	-0.00015135167430222219	-1	
21.385246574541085	68.161692154907513	-0.00015137539538257857	-1	
15.525297346789028	63.648372096995637	-0.00015119911319660934	-1	
15.536315737169231	65.119382571096253	-0.00015118410601567306	-1	
17.010666221153816	66.342650678626441	-0.00015123363712083162	-1	
17.836259012145014	67.426171298922227	-0.00015125397012018637	-1	
14.25838056079159	62.747432832737935	-0.00015114635160458611	-1	
22.404706461383181	68.507780800884007	-0.00015140571457174796	-1	
22.743542175520208	69.543852524100728	-0.00015140446812757178	-1	
3.966234061364653	35.820008234070023	0.005482422628563452	-1	
4.1874675366393994	34.79023213452404	0.0054995632138288911	-1	
3.4522601120981489	36.694688035011538	0.0054675105520827954	-1	
3.6284130923281475	38.126500049871751	0.0054336875954676261	-1	
3.7008036596142269	39.585676469521587	0.0054033866670371855	-1	
4.1799432348130185	40.491029969402547	0.0053878709716957207	-1	
4.4793736260921309	41.67461117020148	0.0053709485938351455	-1	
4.7172418471909916	42.645428544443455	0.0053601813919813132	-1	
5.0850671944712786	43.655418231643154	0.0053515200180864562	-1	
5.3526092093899802	30.805097290806074	0.0034380388864259886	-1	
5.1220400302465974	30.844272570009259	0.0036425777903753231	-1	
4.8911842735911737	30.881722115941798	0.0038464977368611463	-1	
4.4024126134398776	33.111634967457952	0.0053519922210418175	-1	
3.6022054703375663	32.582447497471676	0.0052940846450378731	-1	
4.2156807857229524	33.083610034486696	0.0053922585896509405	-1	
3.8291783071170671	31.266393995667364	0.0047775591390230524	-1	
4.4286647084606985	30.951435723476699	0.0042503305559027354	-1	
4.6600548557750061	30.91744383330618	0.0040498331615442008	-1	
4.197026777898639	30.983695884611258	0.0044458823864558595	-1	
4.3924165797193178	33.424816688348898	0.0055097833243175675	-1	
4.1363153673583204	33.599181791965258	0.0055101824291828166	-1	
4.0080969768487709	34.329243202878793	0.0055065742687133053	-1	
4.3660670229635095	33.325050624780459	0.0055100001025877249	-1	
4.3606845766802635	33.215835131679817	0.0054776091490726245	-1	
4.3528922445856049	33.27516759299624	0.005510017038267194	-1	
6.9248201313000202	45.389093936782906	0.005344097857358259	-1	
7.208499276606906	45.790740854956454	0.0053432869377260921	-1	
6.3354876386702497	44.803922554417873	0.00534607277829942	-1	
4.8638743402881204	44.981697690484708	0.0053416473087825071	-1	
5.965224909472596	45.086352311434993	0.0053441450339712822	-1	
6.4266127762589251	45.149457720585104	0.00534463273799499	-1	
6.6248117530186823	45.338206144915162	0.0053441063033182147	-1	
22.327324296044281	70.55133301206493	-0.00015137954612929659	-1	
7.6597616174397487	45.79580857083603	0.0053430547052045604	-1	
7.7188737366252855	45.940284269453038	0.00531643844405842	-1	
7.6861111741955579	45.895574634404468	0.0053428234287642307	-1	
7.7353593876929647	45.993204589482424	0.0053160890273270993	-1	
7.7190826373684089	46.025168724469815	0.0053107798635254116	-1	
7.0544624122511719	49.763317133322836	0.0024468527616020785	-1	
7.8261145843114353	51.056340954137497	0.00133773828580838	-1	
6.3974693847484527	47.567482172854611	0.0044129730415563067	-1	
6.2814953776226146	48.581294873159514	0.0036099035277470386	-1	
7.2260734814923877	46.192385151062055	0.005342934860928939	-1	
6.744805289652076	46.379376845125662	0.0053422863200009163	-1	
7.5870246253726235	46.052141380514342	0.0053428292990756535	-1	
7.4667075774125431	46.098889304030251	0.0053429294655865014	-1	
7.6471831493526627	46.028767418756388	0.0053426687728399978	-1	
7.9892968119562333	52.339626712730706	0.00049628592706536985	-1	
8.2093537226040674	53.333342421232999	-0.00015065387924156722	-1	
9.2658389792151628	57.920606138030919	-0.00015084593539239834	-1	
11.989001673750993	58.954898495499869	-0.00015103885101828309	-1	
10.401962749441999	59.031353979356368	-0.00015093425563372618	-1	
12.269123318971406	59.984076148275832	-0.00015105376293065065	-1	
8.387687932331314	54.687925228208329	-0.00015071260761695331	-1	
8.7720306782967388	55.685672932355438	-0.00015077092685425878	-1	
8.3633517381900884	57.473647360739456	-0.00015077353493756889	-1	
8.0857372824732963	56.505563902153369	-0.00015073297778008123	-1	
13.292773362459641	62.168099067478565	-0.00015110105599128268	-1	
12.120625090976116	61.692239447195334	-0.0001510402171036192	-1	
18.921217177534334	67.992886031201721	-0.0001512887441596659	-1	
20.483521361800083	68.504932127788109	-0.00015133957267667305	-1	
21.112472580272879	69.20316714731247	-0.00015135334819513509	-1	
14.123044688402127	63.865336708160442	-0.00015113061331029578	-1	
14.57189523350905	64.782875368587241	-0.00015114404512072004	-1	
15.519080215675151	66.556172470406949	-0.00015116963014339158	-1	
14.245586578256004	65.750794097989427	-0.00015112218920043733	-1	
16.78816737497969	67.368476692600396	-0.00015121362556239047	-1	
17.954420251671614	68.743621345790018	-0.00015124431297456294	-1	
16.875614740282312	68.585949842323117	-0.00015120492076903101	-1	
12.57272553183296	63.572038063277617	-0.00015105723992989181	-1	
21.453368126832512	70.117424389456602	-0.00015135469810744775	-1	
3.783983786187298	35.128937901735569	0.0054976737653137393	-1	
3.2993135866694123	35.071972550042076	0.0055052270430340422	-1	
3.6928586485986212	34.783402735568345	0.0055042702155658875	-1	
3.7722007483740954	34.521460693736799	0.0055068428837553177	-1	
2.750136837489511	37.520007725137056	0.0054506861775032757	-1	
2.4579057015571677	36.493458611374265	0.0054814154808095787	-1	
2.5553295220998344	38.569413380565948	0.0054244302415222719	-1	
2.6698938121793097	39.610291370067714	0.005401127873170185	-1	
2.7599425634913826	40.637555809856373	0.0053815298960358804	-1	
3.5524349236704866	41.300642847088817	0.0053740552714485936	-1	
3.6913643895224721	42.32457017039161	0.0053604207497754677	-1	
4.0665508264882915	44.214755137048591	0.0053434127193238241	-1	
4.3291365969799909	33.19666160262274	0.0054949726587970741	-1	
3.9025136659439275	33.315476036306407	0.0055118853930758568	-1	
3.3461462526806796	31.302794900729271	0.0051566593110947134	-1	
2.6913235324553328	32.282636565402534	0.0055796434084238586	-1	
3.4746225805983912	33.411327386035623	0.0055153785116520831	-1	
4.2234319799530793	33.243587524009499	0.0055103015968126891	-1	
4.1164592086166936	33.267550361441806	0.0055107070341376824	-1	
4.2769183656212695	33.231606105293352	0.0055101267255732748	-1	
3.9651540242026577	31.014222511757801	0.0046398389403816444	-1	
3.7330594206249104	31.04301389695528	0.004832463149616226	-1	
3.5007559528300258	31.070068429329226	0.0050205530505441067	-1	
4.2753802901628628	33.322320874576612	0.0055101614540437752	-1	
3.5106236903647292	33.982070014637493	0.005514258930962905	-1	
3.722600064123601	34.434533787570494	0.0055083801713477617	-1	
3.6651247790882469	34.325329557761677	0.0055101239117025247	-1	
4.3377859199386659	33.217971240170307	0.0055097980796119808	-1	
4.3397174662076994	33.225284561212014	0.0055099361419535834	-1	
4.3304047512894623	33.219624686577198	0.0055099460007263529	-1	
6.6245294216571509	45.43828828709222	0.0053438023899033986	-1	
6.8137512224875136	45.88580313189599	0.0053429498342570806	-1	
6.6283510763246012	45.558081576558308	0.0053434752607448115	-1	
7.5798900335550874	45.94467557789114	0.0053429025403449511	-1	
3.6849163618033809	45.409432575703214	0.0053331075917449596	-1	
5.0112144651043362	46.078154052383503	0.0053370098495450716	-1	
5.7619072813729417	45.791579326248545	0.0053408766461113923	-1	
6.1372536895072436	45.648291963181066	0.0053423510546206998	-1	
6.3107133465472307	45.398600283613149	0.0053435481636964393	-1	
6.4721753450532633	45.322225303668716	0.0053440353710660013	-1	
6.5248205957062533	45.446929173692588	0.0053436793330234392	-1	
6.4949566294504324	45.408609095210522	0.0053437684207502884	-1	
20.971825463004485	70.966066093234218	-0.00015132926005020713	-1	
7.7124607309513671	45.995340697972914	0.0053423012383237633	-1	
7.6797526564430951	45.985014860033736	0.0053425246607738718	-1	
7.7143922772204006	46.002654019014621	0.0053418724929894315	-1	
7.7073416733327011	46.005393456998441	0.0053422786597587006	-1	
5.8044404426833438	49.737004976536255	0.0028470997936441487	-1	
6.4020074143097672	51.053954569776238	0.0016933187716592119	-1	
6.9807962142248554	52.202431604860493	0.00075746421346475836	-1	
5.0900167794966045	47.8229852989408	0.0046443297142025382	-1	
5.78226890597145	46.753360233252877	0.0053388838267480598	-1	
5.2966856864371135	48.851098955456081	0.0037131180493900871	-1	
6.6105288956747366	45.831205608491402	0.0053427981000714704	-1	
6.1960440360040403	46.199915094832534	0.0053411625738182811	-1	
7.0417058511938935	53.487066179806746	-0.0001505413976408406	-1	
7.3617295589515903	54.483118908764894	-0.00015061184622986552	-1	
9.4804586426449617	58.83749695255262	-0.00015087142027557041	-1	
7.834885570817729	58.330956452464079	-0.00015075554460062165	-1	
11.271414182782872	60.361238257534389	-0.00015099264574228144	-1	
10.358872038379172	60.008682831171747	-0.00015093636071097325	-1	
7.7187730142568611	55.510703153882076	-0.00015067736516769588	-1	
7.0138455943009888	56.563882666523497	-0.0001506552195394151	-1	
11.654041136252701	62.798720543976856	-0.00015101322311795079	-1	
10.870870464302063	61.888421305848773	-0.0001509717981647041	-1	
19.664387765643518	68.965509948960815	-0.00015130479868984793	-1	
20.007483839360358	70.168791534300013	-0.00015130391092234066	-1	
13.128811801021504	64.876665963902624	-0.00015107754084205504	-1	
15.953239666887706	68.004653138057776	-0.00015117451366171731	-1	
14.218786222616064	67.140234661097011	-0.00015111135056767089	-1	
13.474622136557311	66.430902029629777	-0.00015108464849153527	-1	
18.503140763158729	69.94717545956793	-0.00015125223718988714	-1	
17.008390103904382	69.668101558684768	-0.00015119984801999629	-1	
15.716541860240234	69.321167262199353	-0.00015115416577220152	-1	
12.158029052419689	64.51962623491255	-0.00015103436844146769	-1	
11.155405713875824	64.26537644815285	-0.00015098784956297067	-1	
2.8211439762963764	34.589886855412942	0.0055230580544857587	-1	
3.2067690388247194	34.510978388919099	0.0055156104709827005	-1	
2.0498938512396925	34.747703788400621	0.005541502273501424	-1	
3.4799001944516799	34.618608754968008	0.0055094929883199714	-1	
3.6472960798042831	34.610635152484733	0.0055072226876815263	-1	
3.6315974772657853	34.476187647883179	0.005509034998493585	-1	
3.6245147954071144	34.524251360942927	0.0055085787206185623	-1	
1.6138649053636878	37.851859353185823	0.0054422535221545342	-1	
1.463448516350649	36.39842697606165	0.0054934531072748597	-1	
1.1868194592959189	35.438503817828618	0.0055380770278283574	-1	
1.6572993041275719	39.415269911939035	0.0054002938776787834	-1	
1.4901262772485409	40.63755658990862	0.0053730772812509691	-1	
2.0183886976701615	42.320245434807994	0.0053502294903008075	-1	
2.8525573282017649	43.2195703930619	0.0053458180507695479	-1	
2.6193776300229699	45.310926883479418	0.0053263312893796618	-1	
2.2705075313783269	44.299311435497145	0.0053310532794052477	-1	
3.2682566181685617	31.095384595181859	0.0052064810302499707	-1	
3.0355744249498011	31.1189609780768	0.0053859155842587055	-1	
2.8631141982442911	31.339195805791178	0.0055224487165797609	-1	
2.6188404099073219	33.603030085494041	0.0055325678430705287	-1	
2.3800821438079041	31.375596710853085	0.0058236854826945071	-1	
1.6251621960085474	32.1388860649528	0.0059065201996177574	-1	
2.963792322380332	34.02398796471698	0.0055235859957955633	-1	
3.5391241265084203	34.313177105082495	0.0055118491730012315	-1	
3.4301637235344451	34.304514388043209	0.0055135046887640421	-1	
3.6227040802067201	34.428425818100905	0.0055096684038882801	-1	
3.5915516974172403	34.409087281244126	0.0055102718965550296	-1	
6.5406373512401661	45.492865163284421	0.0053435565561706479	-1	
6.5320584770508923	45.635955519943117	0.0053431479951207188	-1	
6.524223884987391	45.524848969788408	0.005343442931996842	-1	
3.509828832567127	46.65130350465342	0.0053261341700869816	-1	
2.5295796103803134	46.336546957876038	0.0053200369693747777	-1	
3.8571961386102016	47.501327009507307	0.0053257696676292845	-1	
6.3249268935743936	45.576648281647337	0.0053429676287160242	-1	
6.4433879117526756	45.703361581760852	0.0053428262068876539	-1	
6.4851435573049843	45.48459026837773	0.005343512170247023	-1	
6.4187634956079709	45.540826440880465	0.005343240369153783	-1	
6.5177379138476041	45.494992886752335	0.0053435218970216266	-1	
19.608631162553017	71.354758663532493	-0.00015127788934612754	-1	
4.6171573285440601	50.128931067625793	0.0028401070508646052	-1	
5.2558509859406044	51.08102225543302	0.0019203801531074937	-1	
5.6999481438555781	52.318294436063404	0.0008782684731285206	-1	
4.2766867219423181	48.803701876365487	0.0040609311054390579	-1	
5.8740579797837196	53.6407899383805	-0.00015044339730104295	-1	
6.6838012901468273	55.2799560782966	-0.0001505855646980813	-1	
8.7873721821349822	59.474977559271558	-0.00015083488507512593	-1	
6.6921653681970428	59.285003398941122	-0.00015070534260847431	-1	
6.8497954664641698	58.312430273084779	-0.00015069150927631082	-1	
7.6968193780013117	59.85367526569776	-0.00015077525777870744	-1	
6.3928728148197056	57.439522818979874	-0.00015063828610583285	-1	
9.7575020476364731	60.780293243364824	-0.0001509053924890187	-1	
8.9124881485823693	60.395154781130017	-0.00015085295072842368	-1	
5.9774486718656643	56.284178736238047	-0.00015057105596434181	-1	
10.639131123676005	63.271761512946135	-0.00015096234959739127	-1	
9.195554925384263	61.669267889005553	-0.0001508806809000199	-1	
9.6656089163130794	62.610070596490765	-0.00015091117984249936	-1	
18.752372103143703	70.889341359460175	-0.00015125200729125036	-1	
12.459441058215939	66.593199125172305	-0.00015104089381650789	-1	
11.782419763752689	65.632917223700886	-0.00015101461055880335	-1	
14.672232936558411	68.453874419587152	-0.00015112038161456387	-1	
13.336165729243094	68.213661138387934	-0.00015106922313599759	-1	
17.305145433103544	70.883641670737092	-0.00015119984139844078	-1	
15.606773566788432	70.654278740091826	-0.00015113947682477512	-1	
14.25134544397325	69.931288871970168	-0.00015109411838475404	-1	
10.676771814036284	65.235372541007024	-0.00015096625532366818	-1	
9.5912290239206204	63.666364200823551	-0.00015091304949721757	-1	
9.7277243710248591	64.716439230126483	-0.00015092283120430539	-1	
3.3995815700888885	34.471524155672185	0.0055125491197369966	-1	
1.5874898742345211	34.406734230931725	0.0055689794491395155	-1	
1.2786437261830088	34.905520721388299	0.0055612313827830915	-1	
1.7630582392162524	33.794732784952458	0.00556385642887845	-1	
3.579676477553202	34.462977934050173	0.0055098861985418282	-1	
3.4959878357209733	34.451797039048728	0.0055112164012993394	-1	
3.6017335110099449	34.437867569401121	0.005509850525830068	-1	
0.49998404107841776	36.662457864041571	0.0054822661039707309	-1	
0.49998501784495969	38.252497597686819	0.0054227738678289264	-1	
0.49998355269514683	35.867437997218943	0.0055221692143133452	-1	
0.4999833085035113	35.469928063807629	0.0055464666024002797	-1	
0.89301866365466631	34.984429187882142	0.0055722443643547058	-1	
0.69143558897767365	35.221484237815709	0.0055608281652325285	-1	
0.49998599461150162	39.842537331332068	0.0053796343798110944	-1	
1.0538824042607873	42.22759659154049	0.0053421781062261585	-1	
0.4999869713780436	41.432577064977323	0.0053478990903375089	-1	
1.2722738994961675	43.817636191027752	0.0053256863392484787	-1	
1.553677945870729	45.407675751806181	0.0053162703115994005	-1	
2.8027223917139423	31.140796258918321	0.0055567036433612476	-1	
2.5697135465037122	31.160889216025133	0.0057072616588069308	-1	
2.3365609261354461	31.179238725198751	0.0058421666959358421	-1	
2.1032775754696837	31.195843759786385	0.0059486256694218087	-1	
1.897050089371517	31.411997615914995	0.0060290126913074196	-1	
0.89988191821086772	32.116162079102267	0.0060717945764144094	-1	
0.89988622794710382	32.737616331286198	0.0059558114542000986	-1	
1.3984638226948727	31.44957067383481	0.0061369101443665731	-1	
1.0993399554915693	31.63882723614071	0.0061249342734174652	-1	
3.5402094712605292	34.422475934488503	0.0055108580494565703	-1	
3.5998046428141572	34.43055354156882	0.0055099476813456451	-1	
3.5923941013530603	34.432069922425264	0.0055100280179178635	-1	
6.5196667820433918	45.502306914584636	0.0053435032306688541	-1	
6.4728255759906883	45.541628907833513	0.0053433209504988944	-1	
6.5126000976415463	45.505004600113587	0.005343487021317722	-1	
2.0084432000299173	47.224452956923336	0.0053120153606751189	-1	
1.4708801605553756	46.393706936889835	0.0053103673017876052	-1	
3.0334008049232617	48.232393927995901	0.0049511995226211095	-1	
1.9321233712489505	48.249293785761743	0.005307854479024105	-1	
18.238241609482031	71.717268094888908	-0.00015122593063938034	-1	
3.5789484784933467	50.396501705316545	0.0028607378203162281	-1	
3.9917581528848611	51.385976230105655	0.0019136371004740886	-1	
4.7149903924556096	52.09190159359057	0.0012029749244587828	-1	
4.7064101083735448	53.794513696954255	-0.00015035438051352429	-1	
2.7798804095345164	49.304226470996305	0.0040565316812124748	-1	
5.4168724344152324	54.679565891895521	-0.00015045848356539854	-1	
5.6012124202379994	59.071639745231778	-0.00015063938143823762	-1	
6.7564327940455504	60.523294892181546	-0.00015073565741118393	-1	
5.4592122572530366	57.879584874182491	-0.00015059449346184239	-1	
8.2009847589503604	60.991932001899521	-0.00015082027104443903	-1	
4.9208276120949916	56.998949522267246	-0.00015052929605548831	-1	
4.9023865299149296	55.691187539827901	-0.0001504704189594916	-1	
8.3109636894595109	62.238090211110382	-0.00015084024704185208	-1	
8.551497029345601	63.46575032691721	-0.00015086274195218809	-1	
11.642822277759311	67.569856443397967	-0.00015100429871252029	-1	
10.653746069543274	67.111461274338737	-0.0001509649635676204	-1	
10.118454064122133	66.161797994218858	-0.00015094289454883395	-1	
13.641733420597543	69.153474863182097	-0.00015107589549370466	-1	
11.792126193029599	68.834148375952765	-0.00015100621596281076	-1	
12.859555950364205	69.757478055533397	-0.00015104291441805074	-1	
16.861159658832232	72.053461366955702	-0.00015117367960738431	-1	
16.020949423068561	71.544842836524396	-0.00015114755659565078	-1	
14.56529826998155	71.43506191620466	-0.00015109560396331858	-1	
13.091220187774836	71.140814556727477	-0.00015104390876562589	-1	
8.836621209383198	64.37604535448709	-0.00015088174653426578	-1	
8.9214455485958304	66.186672611908179	-0.00015089345637376469	-1	
8.2989313715682158	65.163968240035587	-0.00015086302118634816	-1	
1.3351671538707177	33.890584134681667	0.0055955036972733883	-1	
1.0865708869203583	34.12538419055695	0.0056217899081071315	-1	
0.67517192035674278	34.26872309934766	0.0056493502968966783	-1	
0.89989053768333993	33.359070583470128	0.005828418841982424	-1	
0	36.941333333333333	0.005466576616597124	-1	
0	36.231999999999999	0.0054992297510606161	-1	
0	37.650666666666666	0.0054393726110113089	-1	
0	38.359999999999999	0.0054140286593153657	-1	
0	39.069333333333333	0.0053940892504686392	-1	
0	35.522666666666666	0.005540564791490221	-1	
0.49998318640769357	35.271173097101972	0.0055602655385861158	-1	
0.34099408001958226	35.20675768826861	0.0055662021675153307	-1	
0.70020613239049645	35.023883421129057	0.0055752705126402282	-1	
0.60648022824908354	34.882310169821686	0.0055901031751560415	-1	
0.53092097060210242	35.090102329203617	0.0055736207164469864	-1	
0.49998312535978473	35.17179561374914	0.005567702710591961	-1	
0.60379986675841146	35.043610537752514	0.0055759878041169268	-1	
0	39.778666666666666	0.0053751465754924557	-1	
0	40.488	0.0053598933262384851	-1	
0.49998794814458558	43.022616798622572	0.0053249120439602888	-1	
0	41.197333333333333	0.0053456682522064472	-1	
0	41.906666666666666	0.005333910071588119	-1	
0.49998892491112751	44.612656532267827	0.0053097356868704428	-1	
0.49998990167766943	46.202696265913076	0.0053009334468097731	-1	
1.8698765466813085	31.210703390738381	0.0060362551683830748	-1	
1.6363708985292802	31.223816786660208	0.0060953222672248545	-1	
0.89987976334274977	31.805434953010305	0.0061211361669636366	-1	
0.5038958427923006	31.917594701551163	0.0061128788979036962	-1	
0	32.685333333333332	0.0059787163363012675	-1	
0.4521976335385034	33.524868726197163	0.0057973928026561466	-1	
1.4027736956259991	31.235183213858974	0.0061386266902866181	-1	
1.1491706893565501	31.468357202794721	0.0061590686061509699	-1	
1.1690980077063429	31.244802036384467	0.0061628464033552741	-1	
0.8998786859086908	31.650071389964324	0.0061427055286138238	-1	
0.95096077508718735	31.541222148522138	0.0061549376359590832	-1	
1.0245241226873893	31.477750467274674	0.0061641571787058435	-1	
1.2577503837613124	47.511027683058295	0.0053044457473486323	-1	
0.49999039006094043	46.997716132735704	0.0052986098129580821	-1	
0.96958698756832362	48.623277173888972	0.0052988024495254464	-1	
1.7971138395029052	49.225889523444984	0.0044262792627969014	-1	
1.2162566176909062	48.112679671222992	0.005302314436862173	-1	
2.5336781768894991	50.635000466451409	0.002877520825701647	-1	
3.9841821458227966	52.789980957144081	0.0007211329953882269	-1	
2.8764852874026716	52.238884844758125	0.0013273244585589319	-1	
4.0734386893431038	54.834291903596601	-0.00015036911667919037	-1	
3.3522532757686307	53.853637461111788	-0.00015025582014583681	-1	
4.641917197397289	58.509985884905227	-0.00015057043043756316	-1	
4.9550128580879758	59.976144310870808	-0.00015063082747960341	-1	
5.1819284771740168	60.924359625989837	-0.00015066579298413359	-1	
5.9774671249084452	61.488027295785045	-0.00015071532390484866	-1	
7.1886257705840357	61.685493392992662	-0.00015077738362702842	-1	
3.473104928756706	57.513848483995538	-0.00015047016707100719	-1	
3.7532095815797706	56.008704460945545	-0.00015041388020027349	-1	
6.9353645697151034	62.886225206794379	-0.00015078225994396622	-1	
7.5609036814077175	63.685004529232337	-0.00015081957689514654	-1	
10.533791807772328	68.194978164728013	-0.00015095931018452088	-1	
9.4989828824156533	67.532017868100795	-0.00015091932383174092	-1	
10.656209663022143	69.395826434415568	-0.0001509618304332553	-1	
11.53614683631084	70.222103185365427	-0.00015099169276896676	-1	
12.13254357386873	70.988068650266641	-0.00015101008897959426	-1	
15.477890621373689	72.363215115919218	-0.00015112165466061621	-1	
14.088942078185509	72.646415679767301	-0.00015107014404288634	-1	
13.268913821793495	72.106444168353519	-0.00015104459778746246	-1	
11.812545594320977	71.904580218702293	-0.00015099432869778394	-1	
7.7470606718762021	66.419628174580325	-0.00015084802026938641	-1	
8.3039177859735371	67.818662739270124	-0.00015087449413426173	-1	
7.1808946118591264	64.625717393645516	-0.00015081237346093024	-1	
6.574382121113878	65.70824349876743	-0.00015079761998130814	-1	
1.1212216111979496	33.938509809546275	0.0056181102613110379	-1	
0.89989269255145787	33.66979770956209	0.0057598751176559972	-1	
0.96530828702997895	33.994747169044331	0.0056455603563731012	-1	
0.88809003008888643	34.078030894948959	0.005653126864388726	-1	
1.0142488398615663	33.962472646978576	0.0056345909457073693	-1	
0.51831048206399355	34.017226434736287	0.0056978213777833797	-1	
0.40583044292869169	34.617387834308296	0.0056205305068441876	-1	
0.81470870948629315	34.019269450848064	0.0056752859065488147	-1	
0	34.813333333333333	0.0055995624938062778	-1	
0.17239930826121624	34.974559363754494	0.0055860086618096496	-1	
0.48004121082159157	35.122106884323088	0.0055718354924646852	-1	
0.3718113437514507	35.100853443092966	0.0055745946826038619	-1	
0.55161523666589007	35.034016549815796	0.0055778210307769315	-1	
0.50968048920064224	34.933076522880285	0.0055873453756187423	-1	
0.37099882039566384	34.803771945755031	0.0056015526223138967	-1	
0.50739360112632514	35.063337654375978	0.0055761867167757693	-1	
0.49998306431187584	35.072418130396315	0.0055755243828874076	-1	
0	43.325333333333326	0.0053148890327806998	-1	
0	42.616	0.0053235885655283982	-1	
0	44.034666666666666	0.0053082411987205001	-1	
0	44.744	0.0053023772204691053	-1	
0	45.453333333333333	0.0052985924501198055	-1	
0	46.162666666666667	0.0052952198721338429	-1	
0	46.871999999999993	0.0052934750597385853	-1	
0.77432665389304067	31.60735245598385	0.0061494283890513217	-1	
0	31.975999999999999	0.0061278503573167003	-1	
0.53981619077205667	31.507603478317954	0.006168727291928658	-1	
0	33.394666666666666	0.0058278547352220451	-1	
0	34.103999999999999	0.005693626990391068	-1	
0.77434233048683243	33.867881947971298	0.0057158634657465826	-1	
0.93535690889641609	31.252672716064744	0.0061758292685925257	-1	
0.89987814719166126	31.572389608441334	0.0061524866087128991	-1	
0.96220083935280876	31.482447099514651	0.0061654106175177215	-1	
0.9257367708199532	31.518397492619378	0.0061591351535516788	-1	
0.91972744970956699	31.438655114873939	0.0061668634577346009	-1	
0.88240397562700756	47.654315046125788	0.0053006882268045192	-1	
0.49999063425257589	47.395226066147011	0.0052977747995855209	-1	
0.0070506038876992734	48.997260562016187	0.005292369899910985	-1	
0.63569882136135203	49.189586884215956	0.00485073341611295	-1	
0.66180914006941449	48.236780864343523	0.0052974977980864016	-1	
1.0710828462395066	49.892857142857139	0.0039787917904736837	-1	
0.69084437841266122	47.899377784287672	0.0052984608101484115	-1	
2.0952712013186705	51.567280845103284	0.0020718848143666405	-1	
2.0766386021710233	52.88656597382591	0.00081083085617061521	-1	
2.8198444394854927	55.046900938553911	-0.00015030445103095759	-1	
1.9980964431637156	53.912761225269328	-0.00015017903322720187	-1	
3.6850234724309754	59.094991798476052	-0.00015054295053728258	-1	
4.2909381597694445	61.320262690265402	-0.00015063558354563766	-1	
3.4720243173524499	60.19613160782297	-0.00015056954248131413	-1	
4.7332270927891846	62.63884946084351	-0.00015068286068772234	-1	
5.8524535543307419	62.600897386728235	-0.00015072980713634615	-1	
3.0536046744656895	56.657144722316602	-0.00015040850259250314	-1	
2.6078538864962129	58.782608695652172	-0.00015048340686899236	-1	
1.9377686253613438	57.547823125893927	-0.00015040104309401258	-1	
2.2311638296676319	56.173913043478265	-0.0001503413066649595	-1	
5.9881516434075603	64.283541443424326	-0.00015075969029856195	-1	
9.642807582345748	68.892471551801677	-0.0001509251744418447	-1	
10.008889572989041	70.414648989689596	-0.00015093632425508825	-1	
10.855616917506504	70.977508148225184	-0.00015096463000712588	-1	
12.694823694402443	72.902959139996824	-0.00015101963382973331	-1	
11.296047032196762	73.132751359745839	-0.00015097043969607466	-1	
10.422508427719889	71.897385675059994	-0.00015094635996868209	-1	
6.6529979861838813	67.246834303773724	-0.00015081176050575699	-1	
7.2775255501550848	68.112858133430834	-0.00015083814418318401	-1	
8.7012548508366496	69.520029014316663	-0.00015089120111424156	-1	
7.6766349481511176	69.449319105998939	-0.00015085543435440127	-1	
5.7908055725591154	65.197705451434132	-0.00015076290759308018	-1	
5.4697683575896994	66.782147848755628	-0.00015076675431149761	-1	
0.89989376998551696	33.825161272608071	0.0057231844301460898	-1	
0.90854422283465408	34.009398568365334	0.0056585762589001845	-1	
0.90727606852518294	33.986435484410876	0.0056605377038712644	-1	
0.88517196701004364	34.006474936699277	0.0056663397355370976	-1	
0.89989430870254639	33.902843054131061	0.005701333132794935	-1	
0.87720991043167673	33.984307040554341	0.0056752385202304169	-1	
0.88176125277960626	33.941684070645735	0.0056888780672858224	-1	
0.40795117820439836	34.98974721879005	0.0055837588232679819	-1	
0.47729809877191809	35.068636096749813	0.0055761694993323114	-1	
0.49914065572940824	35.041871394051284	0.0055780844713288003	-1	
0.49998305966522777	35.064854035232422	0.0055761600964985428	-1	
0	47.581333333333333	0.0052927402732194512	-1	
0.88174455255169681	31.533548843433017	0.0061571921922469117	-1	
0.79428914413967711	31.521334168867661	0.0061590351379050886	-1	
0	31.266666666666669	0.0062503218377628674	-1	
0.23387193889166139	31.265791983582915	0.0062222856336557044	-1	
0.46773079267712547	31.263167983268424	0.0061997033670775645	-1	
0.70156347698205479	31.258794812536248	0.0061856122123426808	-1	
0.84499698244907029	31.408062536119303	0.0061689558324323429	-1	
0.89987760847463183	31.49470782691834	0.0061619639602798464	-1	
0.93103919768551846	31.484795415634643	0.0061652540065696227	-1	
0.91545837685187348	31.485969573694632	0.0061646242052156549	-1	
0.90576048052349267	31.461244731575963	0.0061652918313043229	-1	
0.69473077155985508	47.725958727659531	0.0052988677336730638	-1	
0.49999075634839363	47.593981032852675	0.005297393309298121	-1	
0.34100172910161075	47.658396637021049	0.0052958458030928331	-1	
0	49	0.0052923453423363255	-1	
0	49.357142857142854	0.0048537287318283608	-1	
0	48.290666666666667	0.0052925014212292934	-1	
0	49.714285714285715	0.0044315236574178195	-1	
0.58019869012855252	50.25	0.0037100838191403028	-1	
0.57981248301831556	47.908207536562244	0.0052974988488046233	-1	
0.42360395510956883	47.911224309473575	0.0052961865449925715	-1	
1.0710828462395066	51.678571428571431	0.0021186616996198976	-1	
0.56111964787542523	47.798404876146336	0.0052975531275598498	-1	
0.60089416952627894	47.761780568426403	0.0052979698926959263	-1	
1.0565428715557303	52.75	0.0010343178179146985	-1	
1.5495252722988058	55.101585109020931	-0.00015024285908660131	-1	
0.99904822158185802	53.956380612634661	-0.00015013473084766143	-1	
3.567119106179109	62.507855444316611	-0.00015063479531993122	-1	
2.7353738538217298	61.680107231402431	-0.00015058343650515925	-1	
1.9377686253613435	59.525420803096168	-0.00015048472159768074	-1	
1.8475806285726049	60.521739130434788	-0.00015051693501869578	-1	
4.9818585716611956	63.750249008674842	-0.00015071238978617074	-1	
3.93888100764168	64.207659511568778	-0.00015068127312041808	-1	
1.2676833642264735	58.782608695652172	-0.00015043133667147222	-1	
0.95803175338383695	57.815357506457559	-0.00015037646731607142	-1	
1.1687947080460739	56.664375204654867	-0.00015032400918951259	-1	
8.9534811061187511	71.535229911886006	-0.00015089774703189675	-1	
8.4927187324521665	70.569514778982153	-0.00015088366968820448	-1	
9.8931253630640388	73.335708018336533	-0.00015092281675363424	-1	
9.0880551580853908	72.610430231572792	-0.00015089936146291087	-1	
5.7121127058179644	68.768453093467187	-0.00015078821549597676	-1	
5.0165785637559885	67.9698283050339	-0.00015076094465167269	-1	
6.7373574385971606	69.033863216451408	-0.00015082298542964785	-1	
7.42983517754781	70.446282349726488	-0.00015084831813410145	-1	
4.9560372785718698	65.619372619439318	-0.00015073725027798401	-1	
3.8289877000423802	66.836369402599999	-0.00015071309374053529	-1	
0.89989489987597948	33.988088930817767	0.0056667669417025442	-1	
0.89989484741957593	33.980524835654052	0.0056730848636175734	-1	
0.13528473932568194	47.775694790277278	0.005293862855620942	-1	
0.87719261903033974	31.490925936654914	0.006162012560429999	-1	
0.89987755601822816	31.487143731754628	0.0061631722944811285	-1	
0.49999081739630252	47.693358516205507	0.0052972094417435989	-1	
0.48004896390602458	47.74304727013228	0.0052969457149013395	-1	
0.37181912294810771	47.764300844334294	0.0052959561908309891	-1	
0	50.071428571428569	0.0040074205319237761	-1	
0	50.428571428571431	0.0035946360135146668	-1	
0	50.785714285714292	0.0031902578765768126	-1	
0.58019869012855196	51.321428571428569	0.0025555986428618021	-1	
0.51161467043670428	47.820144464397039	0.0052970842930838745	-1	
0.47730591755090174	47.796518061075716	0.0052968287718269729	-1	
0.58019869012855019	52.035714285714292	0.0017986665491905374	-1	
0.50705756749270514	47.797602409193267	0.0052970845220009413	-1	
0.57354326898102803	53.107142857142854	0.00070258163680121991	-1	
0	54.869565217391312	-0.00015016689618013195	-1	
0	55.739130434782609	-0.00015022632145065645	-1	
0	54	-0.00015009996623297617	-1	
0	53.642857142857146	0.00018977547915424172	-1	
2.5724522090052639	63.130434782608695	-0.00015061331207076375	-1	
1.3964531766494608	62.260869565217405	-0.00015055449744565775	-1	
1.0418481454794482	61.24080956729923	-0.00015051411208285241	-1	
0	60.086956521739133	-0.00015044356140770667	-1	
3.7810451848500617	65.661596738722011	-0.00015069769372293412	-1	
2.8189434627398593	64.223017982619609	-0.00015064367382153698	-1	
0	59.217391304347835	-0.00015040921738234048	-1	
0	58.347826086956523	-0.00015037088127513502	-1	
0	57.478260869565219	-0.00015032794801123669	-1	
0	56.608695652173914	-0.00015028008343926323	-1	
7.4638302449617964	71.49175279697765	-0.00015084946711481389	-1	
7.6687174687987634	72.517513659066083	-0.00015085442962379643	-1	
8.4865734794816809	73.511754642216005	-0.00015087718221504221	-1	
4.7164297118268772	69.12926422266213	-0.00015075898598489152	-1	
5.864196627507277	70.293871203117391	-0.00015079833256361104	-1	
4.0073293130793761	67.838394000792164	-0.00015072838210452124	-1	
5.7782489208874885	71.280854882704631	-0.00015079746089712292	-1	
2.7122422276570122	68.119465409930712	-0.00015069384953488691	-1	
1.9377686253613591	66.481942542226605	-0.00015065337619724842	-1	
2.6078538864962342	65.739130434782609	-0.00015066228824808751	-1	
1.8475806285726082	67.478260869565219	-0.00015066348349485222	-1	
0.49999087844421142	47.792735999558332	0.0052970317455047142	-1	
0	51.142857142857146	0.0027932760484378357	-1	
0	51.5	0.0023997039609707478	-1	
0.49999088309085948	47.800300094722225	0.0052970185271787821	-1	
0	51.857142857142854	0.0020138637367712268	-1	
0	52.214285714285715	0.0016358549822446924	-1	
0	52.571428571428569	0.0012647213584656156	-1	
0	52.928571428571431	0.0008993969162155224	-1	
0	53.285714285714292	0.00053992562815681944	-1	
0.90127949405597152	63.130434782608702	-0.00015056223085944097	-1	
1.3964531766494614	64	-0.00015059585428655133	-1	
0	62.695652173913047	-0.00015052712993428649	-1	
0	61.826086956521742	-0.00015050244276228542	-1	
0	60.956521739130437	-0.00015047459330597607	-1	
1.9377686253613591	64.914412872016911	-0.00015062924467423912	-1	
6.5184258264925727	71.939385019033764	-0.00015082008625637942	-1	
7.0769075060093778	73.660826632283971	-0.00015083393797764928	-1	
5.9146855429146861	72.779221948863579	-0.00015080159992726056	-1	
4.0625724858059273	70.132684228632186	-0.00015074463028199491	-1	
3.5769038267414199	68.76066995029619	-0.00015072303352176987	-1	
4.7936899860529421	71.391161255513467	-0.00015076911865304142	-1	
4.8824653186044067	72.713268880356424	-0.00015077258349415864	-1	
1.9377686253613271	68.867110768950383	-0.00015067989337016579	-1	
0	67.043478260869563	-0.00015061323701708542	-1	
1.2676833642264835	65.739130434782609	-0.00015062470028823812	-1	
1.0168691719759348	68.091184771026207	-0.00015064983564836232	-1	
0	63.565217391304344	-0.00015054906961947949	-1	
0	64.434782608695656	-0.00015056843390835454	-1	
0.89111417356933187	64.836915810995279	-0.00015059905888977312	-1	
5.6646447099007258	73.782869287596839	-0.00015079285526879401	-1	
2.6078538864961911	70.086956521739125	-0.00015070536217775578	-1	
3.2979765184864265	71.455137499832446	-0.0001507287466580958	-1	
3.3830119042494569	72.759388423334727	-0.00015073304243998732	-1	
4.2503033112955668	73.877837825439883	-0.00015075474392872639	-1	
0.95593796809884168	69.121740262737944	-0.00015065829007267648	-1	
1.2676833642264631	70.086956521739125	-0.00015067269188542972	-1	
0	66.173913043478265	-0.00015060038528192336	-1	
0	67.913043478260875	-0.00015062437721629791	-1	
0	65.304347826086953	-0.00015058552458833239	-1	
0	68.782608695652172	-0.00015063382161755012	-1	
1.9377686253613273	70.829768629183135	-0.00015069231055033991	-1	
1.8475806285726015	71.826086956521749	-0.0001506940671341055	-1	
2.834402293062662	73.945697397759972	-0.00015071938422216535	-1	
2.0981353115096786	72.998958099458036	-0.00015070220258612329	-1	
0	69.652173913043484	-0.00015064157473203017	-1	
0	70.521739130434781	-0.00015064762165137012	-1	
0	71.391304347826093	-0.0001506522236857677	-1	
1.0566927068737855	72.608238398751439	-0.00015067858957677424	-1	
1.4174612103624895	73.986423103952802	-0.00015068723770687788	-1	
0	72.260869565217391	-0.00015065551353628056	-1	
0	73.130434782608688	-0.00015065744869075781	-1	
0	74	-0.00015065809396532334	-1	
0	0	-2.3013611324483177e-005	-1	
0	0.71818181818181814	-2.3013611287144185e-005	-1	
0.71818181818181814	0	-2.3013611223992279e-005	-1	
0	1.4363636363636363	-2.3013609119304439e-005	-1	
1.7954545454545463	1.7954545454545456	-2.3013733173869277e-005	-1	
1.4363636363636363	0	-2.3013609099491911e-005	-1	
0	2.1545454545454548	-2.3013563552621606e-005	-1	
0.97332535885167515	2.3529904306220093	-2.3013650850354932e-005	-1	
2.3529904306220097	0.97332535885167448	-2.3013621469755467e-005	-1	
2.3293383553088653	2.6919936797363078	-2.3014049188635793e-005	-1	
3.2318181818181824	1.4363636363636358	-2.3013630437008622e-005	-1	
2.1545454545454548	0	-2.3013563500155542e-005	-1	
0	2.8727272727272726	-2.3013413843121354e-005	-1	
1.4363636363636363	3.2318181818181824	-2.3013727897716553e-005	-1	
2.8727272727272726	0	-2.3013413839114031e-005	-1	
3.3653813288811656	2.8162084076662963	-2.301450316966574e-005	-1	
2.6243530707445561	3.987826019256222	-2.3014628297450481e-005	-1	
3.5909090909090913	0	-2.3013151036640336e-005	-1	
4.6681818181818189	1.3914772727272731	-2.3013015290800782e-005	-1	
0	3.5909090909090913	-2.3013151036070279e-005	-1	
1.3914772727272724	4.668181818181818	-2.3013248122271171e-005	-1	
4.8001054471467057	2.8201286718182441	-2.3014599904402755e-005	-1	
4.0318090175953074	4.0318090175953083	-2.3016371978558891e-005	-1	
2.0121573020042414	5.3866766615733539	-2.3013593357545502e-005	-1	
2.9616194179963751	5.3871552211076228	-2.3015585329022778e-005	-1	
4.3090909090909095	0	-2.3012717709759597e-005	-1	
5.0272727272727273	0	-2.3011924548386333e-005	-1	
5.7454545454545451	0	-2.3010771429969964e-005	-1	
5.739559656387125	2.0129614781522456	-2.3012454307979212e-005	-1	
0	4.3090909090909095	-2.3012717675816076e-005	-1	
0	5.0272727272727273	-2.3011924486260932e-005	-1	
1.3907532991202356	6.1045454545454554	-2.3011575277811587e-005	-1	
5.9215485496263236	3.1750711179449262	-2.3015155790631117e-005	-1	
5.3896813254676772	4.5144155603854221	-2.3019080343749514e-005	-1	
4.1252792509747174	5.2058008897411732	-2.3018304566278927e-005	-1	
2.6844345106147629	6.8587589959510105	-2.3013929128416127e-005	-1	
4.1952673897215931	6.3814263661694888	-2.3020132607488541e-005	-1	
6.4636363636363647	0	-2.3009117943931456e-005	-1	
6.8227272727272732	1.4122610497337329	-2.3009110371392113e-005	-1	
7.0977786507364797	3.1851469009860676	-2.3013354818595141e-005	-1	
0	5.7454545454545451	-2.3010771347497144e-005	-1	
0	6.4636363636363647	-2.3009117913432734e-005	-1	
1.1667268205130601	7.540909090909091	-2.3007351831611783e-005	-1	
6.4358234179635154	4.1545720177297634	-2.3018683411766769e-005	-1	
5.0264131852767457	5.7420499979930133	-2.302203380452522e-005	-1	
6.0637745276706916	5.5887955724184835	-2.3024808821810568e-005	-1	
2.1538502326198277	8.2590909090909097	-2.3008090217747024e-005	-1	
3.5175105931453077	7.9750955077468921	-2.3016851962437479e-005	-1	
4.5320264686497191	7.4554678047757657	-2.3023166232519869e-005	-1	
5.6029011929404708	7.1087705103542973	-2.3029590889170854e-005	-1	
7.1818181818181825	0	-2.3006843857121576e-005	-1	
7.8074269201095987	2.2501534002549417	-2.3007885864449577e-005	-1	
8.2590909090909097	1.166726820513057	-2.3002803276077176e-005	-1	
8.2848019467953904	3.3492788134720106	-2.3011352803021593e-005	-1	
7.1751260635274798	4.9775739929064109	-2.3023571951259249e-005	-1	
0	7.1818181818181825	-2.3006843854280638e-005	-1	
0	7.9000000000000004	-2.3003737649453109e-005	-1	
1.1667268205130599	8.9772727272727266	-2.3000133757093509e-005	-1	
7.1532633426362224	6.2381861925982633	-2.303263555555618e-005	-1	
2.5035295296408164	9.341307402361064	-2.3005163629228823e-005	-1	
3.6891641012038683	9.3573972259054923	-2.3014812705737692e-005	-1	
4.3763701697603903	8.5702515531772381	-2.3022867061991545e-005	-1	
5.3766517820138766	8.8723892485138052	-2.3033191463567255e-005	-1	
6.4093495320889859	8.2504037839365783	-2.3041524093141879e-005	-1	
7.3407188690289438	7.4849746759431843	-2.3043577658780327e-005	-1	
7.9000000000000004	0	-2.3003737649453109e-005	-1	
8.9772727272727266	2.1538502326198223	-2.3001473269936247e-005	-1	
8.6181818181818191	0	-2.2999704007294021e-005	-1	
9.336363636363636	0	-2.2994448996544775e-005	-1	
9.6954545454545453	1.1667268205130576	-2.2992088519140442e-005	-1	
9.6604476131487438	3.1281204320712384	-2.3002225905785209e-005	-1	
8.7259324017745161	4.4634455477504851	-2.3018390210212933e-005	-1	
8.098757175557612	5.1676214513310041	-2.3025334314602078e-005	-1	
0	8.6181818181818191	-2.2999703966622599e-005	-1	
0	9.336363636363636	-2.2994448962408453e-005	-1	
1.0908027433098026	10.065484945442561	-2.2991405223841069e-005	-1	
8.4015072698816127	6.0606807147343211	-2.3034391359240174e-005	-1	
8.2407250089198296	7.048107987805821	-2.3045207707488955e-005	-1	
2.1246116653466185	10.413636363636364	-2.2994488116316775e-005	-1	
3.1643735984835342	10.266917074818327	-2.300530859185238e-005	-1	
4.4372838119311613	10.355775653939508	-2.302075523722815e-005	-1	
5.998165180008499	10.151847031075178	-2.3044559343795492e-005	-1	
7.0927879427507978	9.2435012111750119	-2.3056561947328349e-005	-1	
8.3529094208771379	9.1138333985450881	-2.3072039371898305e-005	-1	
10.772727272727272	2.7053151516894949	-2.2988599128043927e-005	-1	
10.054545454545455	0	-2.2987900650957709e-005	-1	
10.772727272727273	1.0807019939428515	-2.2980344424288661e-005	-1	
10.319011694513877	4.1191924259074622	-2.3007449863878095e-005	-1	
9.6849937421685421	5.0434107732011162	-2.3021811166773385e-005	-1	
9.3199520231037702	5.9011592285326024	-2.3033527215229848e-005	-1	
0	10.054545454545455	-2.2987900643276428e-005	-1	
0	10.772727272727273	-2.2979648856023752e-005	-1	
1.1667268205130601	11.850000000000001	-2.2969926758084482e-005	-1	
9.1159975200638854	7.5326300061713232	-2.3056867023062484e-005	-1	
2.4606502880152377	11.486547223793515	-2.2986362066687897e-005	-1	
3.5577075410457786	11.240528823381545	-2.3002799577471197e-005	-1	
5.209516291014924	11.335622369191702	-2.3029920504228565e-005	-1	
6.9065434993287456	10.580740922834583	-2.3062901611598705e-005	-1	
7.8714414596091462	10.301325340509033	-2.3078786049853295e-005	-1	
9.5736910036357479	8.7755846609791863	-2.3081767434878661e-005	-1	
9.2078496200142173	10.048604566888974	-2.3100344074133902e-005	-1	
11.790748759688171	2.8212355176907158	-2.297650385827338e-005	-1	
11.850000000000001	1.1667268205130599	-2.2965204437572686e-005	-1	
10.772727272727273	0	-2.2979648848007222e-005	-1	
11.49090909090909	0	-2.296990477570623e-005	-1	
11.636048936629042	4.8049909935242407	-2.3005604639943769e-005	-1	
12.235167510154225	3.7444349833546267	-2.298160530593381e-005	-1	
10.679846328722361	5.5595761036888973	-2.3025321501151375e-005	-1	
9.9504802920276134	6.5877609845522151	-2.3044340418457046e-005	-1	
0	11.49090909090909	-2.296990477570623e-005	-1	
0	12.209090909090911	-2.2957968071416009e-005	-1	
1.1138075872470401	12.968950691634301	-2.2949187970572511e-005	-1	
2.1538502326198277	12.56818181818182	-2.2967567888233443e-005	-1	
10.393582815320345	7.7679300904736222	-2.3068028035080195e-005	-1	
3.3030400554316861	12.377288280502178	-2.2987215639472057e-005	-1	
4.806269977055865	12.32616539807583	-2.3016504026904866e-005	-1	
5.8753836424889743	12.298253891905626	-2.3042477748042611e-005	-1	
7.3230398232246552	11.494869991172743	-2.3077011321086036e-005	-1	
8.6916907461056265	11.327231913213959	-2.3109634390458478e-005	-1	
10.677752006251223	9.5073420670342195	-2.3111778707922484e-005	-1	
10.010438739380993	10.924476895719636	-2.3135109798189293e-005	-1	
12.56818181818182	2.1538502326198277	-2.2957764473255496e-005	-1	
12.95067778326959	3.0640851746930506	-2.2959391376117771e-005	-1	
12.209090909090911	0	-2.2957968062779827e-005	-1	
13.286363636363637	1.1667268205130596	-2.2936702095108965e-005	-1	
11.673574523628211	6.2236839263770536	-2.3034159227691369e-005	-1	
12.756099205833053	5.2837492940327166	-2.3002475759873098e-005	-1	
13.72605766251929	4.3910453236694531	-2.2966966516321441e-005	-1	
11.64479195993955	7.4185506509676884	-2.3063053315129637e-005	-1	
0	12.927272727272729	-2.2943765196214047e-005	-1	
0	13.645454545454545	-2.2926848972876863e-005	-1	
1.5259336373256431	14.004545454545454	-2.2929436389756535e-005	-1	
2.9346323493409976	13.888935196911696	-2.295450294990576e-005	-1	
11.733394223149745	8.8939887212898547	-2.3105610493651966e-005	-1	
4.1535429244116839	13.173355150456576	-2.2992967212309911e-005	-1	
5.5611349053430468	13.42576731066559	-2.3027090498710286e-005	-1	
6.7881938503406323	13.030931380793751	-2.3067221555306353e-005	-1	
7.9613421766899579	12.496803989247386	-2.3102367300450661e-005	-1	
9.0625076943465306	12.942602299766071	-2.3145711925478093e-005	-1	
10.156044233047323	12.103502201279852	-2.3166390524503704e-005	-1	
11.172287142747452	11.17228714274745	-2.3168949470958428e-005	-1	
12.103502201279854	10.15604423304732	-2.3153399353264162e-005	-1	
13.863322529197335	2.0432102970495869	-2.292797864017229e-005	-1	
13.937675242173913	3.0899082108406017	-2.293810967824988e-005	-1	
12.927272727272729	0	-2.2943765163966649e-005	-1	
13.645454545454545	0	-2.2926848955947889e-005	-1	
14.517343680352317	1.2226244194576368	-2.2903170943486438e-005	-1	
12.787558880947183	6.6567818104114629	-2.3037682431447015e-005	-1	
13.780684833675348	5.7081465568975469	-2.2998494357617585e-005	-1	
14.847143408417356	5.4039182645455659	-2.2968396922689182e-005	-1	
15.261628055367282	4.0893409126198277	-2.2920273687356358e-005	-1	
12.580116018560213	8.0144177929326776	-2.3080878630989907e-005	-1	
0	14.363636363636365	-2.2907270513196644e-005	-1	
0.96583948373272166	14.830546582820185	-2.2900500858073651e-005	-1	
1.9637492729708979	14.916156616529683	-2.2911231559455043e-005	-1	
3.2753857157257498	14.774310200697348	-2.2941911103645101e-005	-1	
4.4862946078511499	14.228708660130795	-2.2985227235771911e-005	-1	
12.942602299766072	9.0625076943465288	-2.3119396696544598e-005	-1	
6.6773685355030548	14.319663035179065	-2.3059237273359388e-005	-1	
5.4039182645455703	14.847143408417349	-2.300517064129831e-005	-1	
7.900000000000003	13.683201379794127	-2.3107895058138965e-005	-1	
10.081158096925472	13.138021019536836	-0.00037638697967806815	-1	
9.055892507615658	14.214903857130636	-0.00041403785950874425	-1	
11.499678243138526	12.549696626298417	-0.00063705601855753506	-1	
12.277518182587656	11.250272650270807	-0.00043125415130861169	-1	
13.618946447472188	10.475993132450689	-0.00056880501259301802	-1	
15.559962497592888	2.7436412071374994	-2.2883616984765562e-005	-1	
14.363636363636365	0	-2.2907270482801385e-005	-1	
15.081818181818182	0	-2.2884370728235809e-005	-1	
15.73987622984958	1.3770607354129989	-2.2861818849724982e-005	-1	
13.683201379794134	7.9000000000000004	-2.3073973766786055e-005	-1	
14.319663035179071	6.6773685355030521	-2.3021085085086331e-005	-1	
16.360136985647038	5.1890373768806848	0.00027724504746654937	-1	
15.402453835764451	6.3799052725991352	2.9845193961989065e-005	-1	
16.594904526849437	3.6790017606716807	0.00040217384222751595	-1	
0	15.081818181818182	-2.2884370725999558e-005	-1	
0	15.800000000000001	-2.2858078355379006e-005	-1	
1.3770607354130051	15.739876229849578	-2.287401929120228e-005	-1	
2.7436412071375051	15.559962497592885	-2.290664103443291e-005	-1	
4.089340912619833	15.261628055367275	-2.2952291463069279e-005	-1	
13.881326050678453	8.8433800074595688	-0.00019845290825180799	-1	
7.6360320544102889	14.668681097501066	-0.00019090207897904331	-1	
6.4499210014437143	15.571486757920455	-8.4273408411986804e-005	-1	
4.9729637728203535	15.772226054217567	6.3682462241963569e-005	-1	
10.866241239119576	13.815871724746852	-0.00086380685046839759	-1	
10.033960080121412	14.346093299774973	-0.00073458692854098582	-1	
9.7395088762096425	15.287966611194053	-0.00087141779896605096	-1	
8.107117338186562	15.573627507914429	-0.00041740407692253536	-1	
13.094405964451209	11.998812390466327	-0.00095888578300879466	-1	
11.936164758961439	13.559594563353222	-0.0011605298804297946	-1	
13.873812563662426	11.415532210129602	-0.00096224726427807388	-1	
14.69432181843443	9.361315433259259	-0.00044783433324725204	-1	
14.922220316939669	10.657246727294387	-0.00090266849953108612	-1	
16.837187119228329	2.3706820782764542	0.00051707984177865095	-1	
15.800000000000001	0	-2.2858078353521137e-005	-1	
16.778260869565216	1.0414232836795465	0.00047583616786068183	-1	
15.361856726180251	7.9450641690479316	-0.00017506484902885921	-1	
16.967619763518059	5.9713987166432325	0.0003334539574330372	-1	
17.436066685789605	4.9518536803605588	0.00060708615300529166	-1	
16.439884704010087	6.8096232082509731	9.8087185069157141e-005	-1	
16.26803007379436	7.7259378249064126	-9.8326094645008119e-005	-1	
17.956830237431358	3.9809334216238854	0.00091227080290837723	-1	
18.1667722463602	2.6405742380209452	0.0011137186593673913	-1	
0	16.452173913043477	0.00030028024059134848	-1	
0.99280815546479961	16.684274905843676	0.00040390705570426814	-1	
2.1681008138429942	16.468360673550617	0.00030332584635789313	-1	
3.6400183559483361	16.41906175166211	0.00025853115536116447	-1	
5.2720108553607608	16.747967063872764	0.00017293433478891127	-1	
6.9368163095557556	16.746956014220366	-0.00015400745161910187	-1	
4.3498899954675414	17.110093217529368	0.00038991316031113669	-1	
11.743784813033079	15.292128553396841	-0.0016766730578405356	-1	
10.740561144459418	15.812890669285693	-0.0013954378851955525	-1	
9.0915567571480462	16.392214998297323	-0.00082439929434574002	-1	
10.050620428903066	16.954975465676249	-0.0013040440820633282	-1	
8.1042294573552187	17.11651727242236	-0.0005097101999191919	-1	
13.547745125985978	13.090697536785738	-0.0015418172398758603	-1	
14.562987336423483	12.103084788669879	-0.0014161793426188938	-1	
12.904177422983349	14.082438521007889	-0.0017188741276896941	-1	
12.688903148368938	15.037334224486592	-0.0020024711087172947	-1	
16.193047007479787	10.316108680323143	-0.00092831335906198419	-1	
15.909285276904393	9.0685321266993721	-0.00046962551863274438	-1	
15.762304016088155	11.249127248150918	-0.0012830764327128505	-1	
18.082608695652176	1.2864860263766542	0.0011164109298459467	-1	
16.452173913043477	0	0.00030028024062231959	-1	
17.104347826086958	0	0.00062252527515746004	-1	
17.756521739130434	0	0.00094395435358700917	-1	
17.956939981539193	5.9227150686744539	0.0006003960992997248	-1	
17.355829807948776	7.3739234022368878	0.00011943746915252323	-1	
19.081137554165974	4.9517607055221937	0.0012121605616183318	-1	
16.944131056299401	8.3678521120808806	-0.00022828281255531999	-1	
19.558962873567676	3.54525598751979	0.0016968561516025099	-1	
19.202453795266933	2.570334907986314	0.001632489884414619	-1	
0	17.104347826086958	0.00062252527522070578	-1	
0	17.756521739130434	0.00094395435360551823	-1	
1.6876349991620359	17.430434782608696	0.00072104578213167824	-1	
3.0207591351496776	17.495194428755585	0.00065388408805170761	-1	
6.1048225191570875	17.420821195535623	0.00011336173879263789	-1	
4.2148311118260731	18.091521426499263	0.00069221965833014007	-1	
7.2067553613926547	17.922902038716781	-0.00014536121805552732	-1	
11.878646712135041	16.236713631095256	-0.0020408043207354926	-1	
11.15879161808922	16.863002178344999	-0.0018371653993154522	-1	
9.1974531195931668	17.668143056393657	-0.00096906282423769266	-1	
10.749902742375165	18.658440486672646	-0.0018770561357657829	-1	
7.8768510422560363	18.926240427658307	-0.00031988685173911074	-1	
14.264393824434311	14.030986966241539	-0.0022152332610558831	-1	
15.212492847600348	13.05428631428328	-0.0020333607987534281	-1	
16.028731765261472	12.241638924160245	-0.0018034743294502529	-1	
13.631379763663158	15.301732877010389	-0.0025445323997042826	-1	
12.745003010685148	16.636532921278295	-0.0026237371922530547	-1	
17.27976939177745	9.6898166610904433	-0.00069292052102489616	-1	
17.139323631690328	10.70208896571669	-0.0011575608392495999	-1	
18.408695652173915	0	0.0012736514982534092	-1	
19.38695652173913	1.0594932602347515	0.0018096590109605098	-1	
18.491538061457447	6.6909108978539482	0.00056366929262513098	-1	
19.396857829667884	6.4536008552757744	0.00092698513968930186	-1	
18.402521295930764	7.6225739026342287	0.00023856489236040505	-1	
18.022994899118931	8.679458764538353	-0.0002251627999607956	-1	
20.508981544893377	4.6524184690560251	0.0019442890777625849	-1	
19.952422868634656	5.552702906002513	0.001422206684978005	-1	
20.611757583992894	2.9961035133275207	0.0023620199754368176	-1	
21.024603966469108	3.8530672112219349	0.0024263695387340754	-1	
20.03913043478261	1.9558904148721545	0.0021420845121317734	-1	
0	18.408695652173915	0.0012736514982581418	-1	
1.0551634403076056	18.734782608695653	0.001379949348292322	-1	
2.1637877236690954	18.362828320081437	0.0010965637260167518	-1	
3.1151943073096482	18.799754673580335	0.0011453956840502366	-1	
6.1054727380229723	18.491478716438742	0.00031822285683048629	-1	
4.1205302033266893	19.15289629201407	0.0010731132907422073	-1	
6.8706615153846258	19.199822193605023	0.00018158147238649003	-1	
12.098274215947432	17.775004758053871	-0.0025669253605062701	-1	
9.3464021408277507	19.146646907105161	-0.0010612000571699432	-1	
11.752981800117841	18.718706363183429	-0.0025260919204029265	-1	
10.247040792336174	19.474309876550468	-0.0015963566382738914	-1	
11.304681555202404	19.670658419744587	-0.002313775259732784	-1	
8.2184520912637957	20.409188360066189	-0.0002567337460192449	-1	
14.54996545921254	14.966281611327423	-0.0027930989483641454	-1	
15.621913921051354	14.130862431421596	-0.0027292529634883669	-1	
16.825416608543392	13.449469169176984	-0.0026420981038495278	-1	
17.278302826688908	12.355363358647194	-0.0020455364460404035	-1	
14.343738190104418	16.529758708639299	-0.0034734265714073745	-1	
13.578483778931387	17.093924000630572	-0.0032718434825081493	-1	
13.38363014575172	18.024476982541902	-0.0034726993943171732	-1	
18.534001864057906	9.679417653184748	-0.00060247238151727714	-1	
17.920782092165023	11.360680572702616	-0.0015127711251643149	-1	
19.060869565217391	0	0.0016195128161587602	-1	
19.713043478260872	0	0.0019837741911326767	-1	
20.691304347826087	1.0594932602347513	0.002590111830372068	-1	
19.515444805520065	7.9710533263725267	0.00037517201465300185	-1	
20.851363632641789	6.5301688589694162	0.0014603651717480317	-1	
20.681055689263747	7.93379859964144	0.00076464807084418093	-1	
19.860285349485096	9.085109719111891	-7.1365590397263608e-005	-1	
21.442452656256979	5.1989800833872151	0.002263528362439207	-1	
21.669565217391302	2.4566703358765349	0.0031200470171253939	-1	
21.90226546281292	4.2198630847921246	0.0028580781428895054	-1	
21.669565217391302	1.4156075528054819	0.003226454260408137	-1	
0	19.060869565217391	0.0016195128162246151	-1	
1.0076066540024913	19.755260220212325	0.0019267065276575013	-1	
1.9464388052319104	19.38695652173913	0.0016119919580313889	-1	
3.1490435292449881	20.310975009909761	0.001833757997347141	-1	
5.7417470831501998	19.577746625231956	0.00072345580863779335	-1	
4.6975005406821486	20.048728026382925	0.0012564875319281844	-1	
6.6861650624167153	20.226089900144839	0.00050733240047300479	-1	
13.272118230608063	18.970255968493372	-0.0036685175517339129	-1	
9.3760126312022543	20.308224824427558	-0.00098223193180905989	-1	
12.446876810254391	19.445555238026845	-0.0031290672617267979	-1	
10.535201739356232	20.388353787284046	-0.0017670015322374514	-1	
11.821578370670693	20.587175473454444	-0.0027393353337583429	-1	
7.2513630441170029	21.584162666936226	0.00061465394713252079	-1	
8.4691577989218896	21.910178864720919	-7.19329521822611e-005	-1	
15.351385649251093	15.52668584999342	-0.0034492335399928377	-1	
16.879829849475726	14.831407914506949	-0.0035578945565960239	-1	
17.689883864292383	14.104058078142705	-0.0032374699182732636	-1	
18.171640684276156	13.132615520704412	-0.0026235721470603932	-1	
15.911332538357019	16.833578363958267	-0.0045427115765473494	-1	
14.901321538201296	17.848846199008019	-0.0044883421353736803	-1	
14.146151001291992	19.348408732937816	-0.0044763182777558582	-1	
19.097347987589167	10.83735476424642	-0.001170665508216141	-1	
19.212546547141219	12.885359035700509	-0.0024999807965239403	-1	
19.738846278736236	11.953892784435137	-0.0018412192208854244	-1	
20.365217391304348	0	0.0023720345193195846	-1	
21.017391304347825	0	0.0027818735245884962	-1	
21.669565217391302	0	0.0032184152570520746	-1	
22.197386925546343	5.9736878754373812	0.0023581445677522119	-1	
21.943936777702657	7.2979427976391058	0.0015876191688290928	-1	
21.240884724856379	9.5391748784703978	3.5659089394152568e-005	-1	
21.969410104899858	8.6275866968534078	0.00083749196773204965	-1	
20.461941244015929	10.408076078773068	-0.00070525058496986989	-1	
22.983081984038922	5.0071224383556245	0.0032542997427392568	-1	
23.300000000000001	1.9558904148721545	0.0043915665727865859	-1	
22.791696270677537	3.2055271278189039	0.0037452775041832962	-1	
22.647826086956517	1.0594932602347513	0.0039560824830799568	-1	
0	19.713043478260872	0.0019837741912357011	-1	
0	20.365217391304348	0.0023720345193923606	-1	
1.3829395910742106	20.691304347826087	0.0024166999250006351	-1	
2.3443238492144047	20.864884860724128	0.0023231592771219083	-1	
4.0931332850171893	21.182810027257634	0.0019768255213893	-1	
2.728790055694013	21.762980413732212	0.0027513014634131063	-1	
5.0975128059294432	20.989978479498749	0.0014944377442732621	-1	
5.7890268594059968	21.743483981591098	0.0014824705752806055	-1	
13.980426723594356	20.446557485645929	-0.0045740862388546815	-1	
9.7296071120819683	21.934223718693673	-0.00097695878722883333	-1	
13.041838880962654	21.040230864665705	-0.0037933964681842376	-1	
11.055801397919186	22.051986121615673	-0.0020201150326320436	-1	
12.385214536882909	22.12492426856145	-0.0031894671993775207	-1	
7.5999397960962654	23.013254912523642	0.00090142060189481676	-1	
6.0951767499223148	22.94689381193897	0.0018553739156943699	-1	
8.9662324256551482	23.068724263704613	-9.8506122033577018e-005	-1	
16.408593399557535	15.847120840201711	-0.0040830121836150047	-1	
17.472804952307627	16.143466215146269	-0.004735590754602244	-1	
18.31054292882332	14.993199575104072	-0.0040018310522519952	-1	
19.349832047465739	14.579312437384608	-0.0038023534681553613	-1	
16.574716953572889	18.286017533521086	-0.0061099445319762703	-1	
17.333483592717585	17.559625746856081	-0.0059520113607049799	-1	
15.783522871562662	18.976947171766046	-0.0058361695799955138	-1	
15.096020592676217	19.740924670272403	-0.0054940773239919201	-1	
20.529961277879995	12.708773381555835	-0.0023087169900045694	-1	
19.965567835638421	13.645345695973807	-0.0030676964997857193	-1	
21.439063687908277	12.10112178247928	-0.0017203349457309207	-1	
21.31539333933106	11.044006233004492	-0.00096368372552776309	-1	
22.321739130434779	0	0.0036828609844475569	-1	
23.085492877656957	6.6050917538600773	0.0025255632758818683	-1	
23.221598444879234	7.6862385128306725	0.0019629600408923773	-1	
22.350035248091196	9.9018418869495211	0.00013458947609935182	-1	
23.252414686677092	8.977588171500205	0.0011269599133845543	-1	
23.82192061091699	4.0862993135601906	0.004210125970221616	-1	
24.132570005062153	5.4869586173009139	0.0037534400102037951	-1	
24.47604387552952	2.8093998320304783	0.0052449154101994484	-1	
23.952173913043477	1.0594932602347515	0.0050531890685147378	-1	
22.973913043478262	0	0.0041776791441782346	-1	
0	21.017391304347825	0.0027818735246329701	-1	
1.0131366633551557	21.635166092509834	0.0030742927272273072	-1	
4.7659820262340089	21.99277326718601	0.0021094164862967696	-1	
3.7553144345691858	22.422681064386087	0.0027811597345575138	-1	
1.0594932602347513	22.647826086956524	0.0037631674234800444	-1	
1.9558904148721545	23.300000000000001	0.004008754816383314	-1	
15.043665963725834	20.76736511887405	-0.0057144236694949193	-1	
13.998783013514497	21.514361134258152	-0.0047502344194964036	-1	
10.201311018907807	23.073017687976989	-0.0011100557501707695	-1	
11.164214218966741	23.842545924955385	-0.0018117980935425586	-1	
12.263854166731623	23.387060144863931	-0.0029700425232257852	-1	
13.363494114496506	22.931574364772473	-0.0041282982282457728	-1	
8.0393403965769483	24.074061801518987	0.00099659270404291699	-1	
6.8113283605545316	23.961314753082206	0.0018633302272984961	-1	
5.5837237269200113	24.078414373176305	0.0027558519798551633	-1	
4.8049024496228316	23.045033253708141	0.0026352801121784877	-1	
8.964934323436978	24.753517485138296	0.00050480848927033132	-1	
10.06457427120186	24.298031705046842	-0.00065352001449764136	-1	
18.733819067449105	16.802830804659941	-0.0057278020319747828	-1	
19.379003227141297	15.697602863514817	-0.0047785905856671529	-1	
20.928909392696067	14.950398688034625	-0.0041548536881454651	-1	
17.180679586553051	19.144027514724723	-0.0072975956849325755	-1	
18.959756176891034	17.76877906361241	-0.0067878773670244398	-1	
18.496754988962707	18.646123646073164	-0.0076103937781152684	-1	
16.793818704888515	20.327230419244444	-0.0074646073859912484	-1	
21.361240290702725	13.623190164850216	-0.0029663153854855586	-1	
22.387056007437412	12.493793058253777	-0.0018546381239436184	-1	
22.368545627764302	11.197817472601647	-0.00081392321202953058	-1	
24.159948582906683	6.7866075309094569	0.0030304818745641939	-1	
24.187327160751202	8.0862564445179963	0.0021924244455509613	-1	
23.298027567620323	10.294513162724016	0.00017686069896431076	-1	
24.298031705046842	10.064574271201861	0.00075461057015397271	-1	
24.753517485138296	8.9649343234369798	0.0018403558019053428	-1	
25.255549636420287	4.1415926085666408	0.0053344716117118976	-1	
25.098298720934118	5.8869765489882351	0.0041939479096434274	-1	
25.926963672837211	2.729466959387004	0.0066939584762972055	-1	
25.256521739130434	1.5836707319527401	0.0063493544715229333	-1	
24.278260869565216	0	0.005280067411484143	-1	
23.626086956521739	0	0.0047062982798210242	-1	
24.930434782608696	0	0.0059174417513406571	-1	
0	21.669565217391302	0.0032184152570351853	-1	
0	22.321739130434779	0.0036828609843584585	-1	
2.7246396989188404	23.875113374309347	0.0041553554559987356	-1	
3.6551683064668627	23.638792902139638	0.0035707814308967587	-1	
0	22.973913043478262	0.0041776791440727955	-1	
1.0594932602347513	23.952173913043477	0.0047770656955717838	-1	
2.3234635619809962	24.747345317191172	0.0050173615148179744	-1	
16.662413957791149	21.565117024498107	-0.0076076335869972424	-1	
15.562774010026267	22.020602804589561	-0.0064454546137993358	-1	
14.463134062261386	22.476088584681019	-0.0052866158211827335	-1	
10.997077677449395	24.994168347512407	-0.0012326889491993493	-1	
12.096717625214275	24.538682567420945	-0.0023909488294672817	-1	
13.196357572979155	24.083196787329488	-0.0035491813687652828	-1	
15.0075316197135	23.332983933353962	-0.0054568501434906127	-1	
7.8652943756720965	25.209003265229754	0.0016632152174561885	-1	
6.7656544279072151	25.664489045321215	0.0028217341699496908	-1	
5.8830372518821683	25.08878841643444	0.0031449051515791541	-1	
4.5123517799139901	24.328410470234331	0.0035689281172947224	-1	
9.8974377296845066	25.449654127603853	-7.438758167735135e-005	-1	
8.7977977819196287	25.905139907695311	0.0010839780731610382	-1	
20.148838390344448	16.719926307098884	-0.0058419035767521563	-1	
20.827381603065646	15.962347005627949	-0.0051063573309992503	-1	
22.476088584681019	14.463134062261386	-0.0035916516278413431	-1	
22.020602804589561	15.562774010026267	-0.0046878885961882961	-1	
18.342238193641027	19.938221653173102	-0.0089544743372226565	-1	
19.763859076151167	18.349745623577547	-0.0075117045889604812	-1	
19.72025882578809	19.089329085188798	-0.0082689142861085037	-1	
19.230006668542057	20.021401775612652	-0.0093330535146606344	-1	
17.76205390555603	21.10963124440665	-0.0087901967763283299	-1	
22.931574364772473	13.363494114496506	-0.0025031861909817366	-1	
23.387060144863931	12.263854166731623	-0.0014169986329668565	-1	
23.842545924955385	11.164214218966741	-0.00033116104462193642	-1	
25.664489045321215	6.7656544279072159	0.0040118619914997818	-1	
25.209003265229754	7.8652943756720983	0.0029260969004269804	-1	
25.449654127603853	9.8974377296845084	0.001297502329340064	-1	
24.994168347512399	10.997077677449388	0.00021174453218784388	-1	
25.905139907695311	8.7977977819196269	0.0023832451028009804	-1	
26.575460605504119	4.5663745323774547	0.0061844031505274306	-1	
27.030946385595577	3.4667345846125723	0.007275381177522273	-1	
26.119974825412665	5.6660144801423344	0.0050977682571440655	-1	
27.486432165687038	2.3670946368476904	0.0083930663341558742	-1	
26.8607263942204	1.785841736414381	0.0080966440344985915	-1	
25.582608695652176	0	0.0065913627850280434	-1	
26.234782608695653	0	0.0072833256938890341	-1	
26.950240931593072	0.84093031303221455	0.0082551256106043434	-1	
3.0591169966639695	25.415540234002119	0.0052347188288302459	-1	
4.0489079953724652	25.32618587379244	0.0045623840546260216	-1	
0	23.626086956521739	0.0047062982797434882	-1	
0	24.278260869565216	0.0052800674116665024	-1	
0.9981601783184193	24.948613811754885	0.0056920038797584911	-1	
2.4913039232287519	26.231174181584546	0.0062979886220910471	-1	
1.271833484248988	25.908695652173915	0.0065530934410909947	-1	
16.495277416273797	22.716739447055122	-0.0070239049674126813	-1	
17.594917364038679	22.261253666963665	-0.0081821727883260604	-1	
11.929581083696924	25.69030498997796	-0.0018118726756616069	-1	
10.829941135932041	26.145790770069414	-0.00065360283933956528	-1	
13.029221031461805	25.234819209886503	-0.0029701069536917039	-1	
14.128860979226687	24.779333429795045	-0.0041282864015850414	-1	
15.228500926991568	24.323847649703591	-0.0052864093106002458	-1	
16.32814087475645	23.868361869612137	-0.0064440587568905068	-1	
7.6981578341547472	26.360625687786769	0.0022424236925864269	-1	
6.5985178863898684	26.81611146787823	0.0034009638530658227	-1	
5.6660144801423344	26.119974825412665	0.0039805299541658722	-1	
9.7303011881671608	26.601276550160868	0.00050470542350246513	-1	
8.6306612404022793	27.056762330252326	0.0016631102541676526	-1	
21.10963124440665	17.76205390555603	-0.0069738281647411474	-1	
21.565117024498107	16.662413957791149	-0.0058032016408916427	-1	
23.62771100723803	14.295997520744033	-0.0030455431995693658	-1	
23.172225227146576	15.395637468508921	-0.0041342618184923938	-1	
22.716739447055122	16.495277416273801	-0.0052328768349825926	-1	
18.311873879438473	20.881888354360918	-0.0093918191458644586	-1	
18.7967245073302	20.358177048366411	-0.009624084252157928	-1	
18.635898910941304	20.482908468138756	-0.0096130634632716379	-1	
20.881888354360918	18.311873879438473	-0.0075837625402786994	-1	
20.462565154143839	18.596108151362706	-0.007859101319218454	-1	
20.287088044840161	18.874260756672154	-0.0080564139325879792	-1	
20.27993309229176	19.322383724524087	-0.0083410117345937371	-1	
20.128609166042228	19.53743593529985	-0.0085527792316722646	-1	
19.418661394187122	20.220142767257922	-0.0095110427736198409	-1	
19.850782101088459	20.141523520584972	-0.0092790599989486348	-1	
19.160860888108211	20.474449001175216	-0.0098683904518691249	-1	
18.709153887920429	21.042335893504049	-0.0096988172960738375	-1	
24.083196787329488	13.196357572979155	-0.0019598199087943742	-1	
24.538682567420942	12.096717625214271	-0.00087403500275661254	-1	
26.360625687786769	7.6981578341547463	0.0034689852057540678	-1	
26.816111467878223	6.5985178863898639	0.004554742060748314	-1	
26.145790770069414	10.829941135932041	0.00075465586270388784	-1	
26.601276550160868	9.7303011881671591	0.0018404007804146911	-1	
25.690304989977957	11.929581083696924	-0.00033110744014615056	-1	
27.056762330252326	8.6306612404022776	0.0029261293631202101	-1	
27.27159724796968	5.4988779386249824	0.0056405369373542028	-1	
27.727083028061134	4.3992379908601018	0.0067263892879232921	-1	
28.182568808152592	3.2995980430952221	0.0078123012638671137	-1	
27.71417505573276	1.8172746629652503	0.008965596649764691	-1	
28.108547986713017	1.6498088178906356	0.0092570739918282439	-1	
27.606783026042194	1.3701950729807495	0.0090974200242813965	-1	
26.88695652173913	0	0.0078943969319755468	-1	
27.53913043478261	0	0.0084726581192107586	-1	
27.744007325883146	1.125717284649167	0.0092702576945527752	-1	
27.928471636546938	0.71756806382710514	0.0091914527364127564	-1	
3.4667345846125719	27.030946385595577	0.0063051366815474619	-1	
4.5663745323774538	26.575460605504119	0.0051403357438751154	-1	
0	24.930434782608696	0.0059174417516843552	-1	
0	25.582608695652176	0.0065913627854767426	-1	
2.3670946368476895	27.486432165687038	0.0074990516632234862	-1	
1.4473512140829796	27.209882280365449	0.0078376193508387891	-1	
0	26.234782608695653	0.0072833256944355848	-1	
0	26.88695652173913	0.0078943969328384538	-1	
17.427780822521331	23.41287608952068	-0.007598478550102027	-1	
18.527420770286213	22.957390309429222	-0.0087327345222979035	-1	
19.251365598389892	21.575130342926425	-0.0099516201326119158	-1	
19.229382778840225	22.327284040215414	-0.0095664763263107553	-1	
12.725253018121338	26.679047761919755	-0.0029035742004572557	-1	
11.884700846177024	27.307533667301378	-0.0021412910045232447	-1	
10.904693124433251	27.683176253207506	-0.0011778312768773863	-1	
9.996024584864335	27.491181849737156	-7.1159752060986011e-005	-1	
13.748805511254405	26.411209654322374	-0.0039362294286739907	-1	
15.110586764336178	25.65268586119047	-0.0050675360830562295	-1	
15.972168479890657	25.059487473555027	-0.0057221377110444381	-1	
16.922537263032343	24.622444505757947	-0.0064186148786131297	-1	
7.5310212926373969	27.512248110343783	0.0028215489303102001	-1	
6.4313813448725154	27.967733890435237	0.0039798752332514831	-1	
5.4988779386249824	27.271597247969677	0.0045596873132337018	-1	
9.4497227174118628	28.242244187618759	0.00024313111114786674	-1	
8.4060760716295064	28.37843722381929	0.0013832755772163934	-1	
22.261253666963665	17.594917364038679	-0.0063483690326952983	-1	
21.058821563852074	18.703968417769126	-0.0078827482087990442	-1	
24.779333429795045	14.128860979226687	-0.0025022829931221464	-1	
24.323847649703591	15.228500926991568	-0.0035823209777803631	-1	
23.868361869612137	16.32814087475645	-0.004666162971675606	-1	
23.41287608952068	17.427780822521331	-0.0057588662585601608	-1	
18.58678386637969	20.768016909338058	-0.009698623345079831	-1	
18.859897151554989	20.551650603546225	-0.0098941708383695672	-1	
18.927301822468291	20.514293557114193	-0.0098647382910134612	-1	
18.724238859850303	20.711081186826625	-0.0098581898046449391	-1	
18.825479978469858	20.62060273749351	-0.0099480316724307981	-1	
20.768016909338058	18.58678386637969	-0.0078966492030397503	-1	
20.620219627706621	18.754230877652233	-0.0080807385775865607	-1	
20.560393706423252	18.796825126136902	-0.0081008538174043264	-1	
20.568904773413344	18.909920159724841	-0.0081770258017493797	-1	
20.484316280087224	19.078694816337109	-0.0081931747621471606	-1	
20.535556529467851	19.384052536588165	-0.0082137932669604247	-1	
20.531237422158313	19.244972370024648	-0.0082131077428758085	-1	
20.563306711818949	19.524371965952383	-0.0082135238838805438	-1	
20.186138690527049	20.021443316000262	-0.0088861090001948508	-1	
20.472333446728729	19.809368189840569	-0.0084527181342177338	-1	
19.311579943892738	20.472377083462543	-0.009841561463307941	-1	
19.46117732035054	20.49084737248441	-0.0098241925501243096	-1	
19.606866301407159	20.529515801703546	-0.0098162538397344092	-1	
20.010062918277107	20.599630216793212	-0.0095861996460212401	-1	
20.272378184319145	20.518729519249323	-0.0092707501433226397	-1	
19.745932976999764	20.587662051446848	-0.0097967430583240679	-1	
19.134748455347072	20.559415166342642	-0.0099660778835158215	-1	
19.244972370024648	20.531237422158313	-0.0099243865516526579	-1	
19.102888515862315	20.541830841637964	-0.0099407912852996477	-1	
19.200285731279216	20.578770056587132	-0.0099854410093059773	-1	
19.010420346249884	20.559404647243817	-0.0099451489705029376	-1	
19.061471209157375	21.11668473302273	-0.010004076265941757	-1	
18.966524014541115	20.887461928070881	-0.01002181001923275	-1	
18.852836243773606	20.778554340202415	-0.0099571965113017663	-1	
25.234819209886503	13.029221031461805	-0.0014168679964326734	-1	
27.512248110343783	7.5310212926373952	0.0040118372940070582	-1	
27.967733890435237	6.4313813448725154	0.0050974660337219186	-1	
26.905668207927022	12.261619425000696	0.00072877700206279146	-1	
27.683176253207463	10.90469312443323	0.0019574243390587283	-1	
27.892054599471678	9.620804794531761	0.0026917515659841094	-1	
26.648451499581906	13.286427800795423	0.00013256432629191702	-1	
28.550541144349364	9.0019510446529409	0.0033209846591769122	-1	
28.423219670526692	5.331741397107634	0.0061824579056080553	-1	
28.878705450618149	4.2321014493427516	0.0072632605540283142	-1	
28.868692132189828	1.64314980874401	0.0094848453095485105	-1	
29.334191230709607	3.1324615015778701	0.0083167320255743225	-1	
29.385000911264189	2.1905469893647727	0.0090944317279511369	-1	
27.828046500755626	1.542364676024029	0.0092592576487710784	-1	
27.884982223267059	1.4049096825534184	0.0094137060452554478	-1	
28.023625029782142	1.3616883246384675	0.0095092680776054581	-1	
28.181023717334281	1.3583082248952334	0.0095707676840174963	-1	
28.410246522286133	1.4532554195114924	0.0095484289766266748	-1	
27.892592579703155	1.269343475967919	0.009508345459150901	-1	
28.191304347826094	0	0.0088472534411345918	-1	
28.128339835952961	0.37154337953605554	0.0090513246438165534	-1	
27.93606401676794	1.0494264728048155	0.0094231107676501624	-1	
27.950275786330238	1.1383419711907845	0.0095106531915313593	-1	
28.086315005057546	0.88090269034460933	0.0094236801099558485	-1	
28.024788004696973	0.92327631944358579	0.0094131730383860569	-1	
28.11479222367252	0.74814061111641861	0.0093307456832033824	-1	
4.3992379908601018	27.727083028061134	0.0057187859828927035	-1	
3.2995980430952212	28.182568808152592	0.0068782936329352031	-1	
1.8172746629652499	27.71417505573276	0.0081107908358156126	-1	
1.665132628293704	28.116538434900857	0.0084109621068312844	-1	
1.5423646760240288	27.828046500755626	0.0084238240211451394	-1	
0.52044377876628856	27.518434697301249	0.0083154250118091799	-1	
1.0098287971967368	27.696738775051202	0.0084349328004194018	-1	
1.3098278571423942	27.819998570605605	0.0085803374103862549	-1	
0	27.53913043478261	0.0084726581244230874	-1	
18.103785770608209	24.917723426748434	-0.00650324822050406	-1	
18.535902713083125	24.597973709456671	-0.0066744854450278938	-1	
18.962373440030312	24.270731211087089	-0.0068471864023371869	-1	
19.077240744168655	22.729647419383493	-0.0092854866005232448	-1	
19.383068044335033	23.936095612874755	-0.0070235068304461369	-1	
19.441259987622409	22.033575952830127	-0.0098741031381876024	-1	
19.59805607327414	21.370745165066047	-0.0098934475679922623	-1	
19.400649851388497	21.047337833665981	-0.0099490014585138058	-1	
19.883479843338524	21.619933427078347	-0.0098038234658734975	-1	
19.534922131861244	22.397606653412229	-0.0097265877948388337	-1	
19.489605724580485	22.558840251849198	-0.0096157790644180313	-1	
19.352150731109873	22.615775974360631	-0.0095085215437848876	-1	
19.53620718223867	22.262798757781976	-0.0098122798192555507	-1	
13.501831321103618	27.682856626014409	-0.0040555852233545037	-1	
13.016642461613577	27.914279840728881	-0.0036002229852035144	-1	
12.034518757469664	28.35154948633523	-0.0027040910595170688	-1	
12.52748860673468	28.137200095392174	-0.0031489073385425133	-1	
11.537883077210124	28.557262720657121	-0.0022576552725750601	-1	
11.037732845995279	28.754277136113888	-0.0017983557090506161	-1	
10.534220414430626	28.942532720206049	-0.0013291952709732564	-1	
13.982907391978076	27.443000945001792	-0.0045082909625476604	-1	
14.932136303587216	26.938286979893448	-0.0052840958394319675	-1	
14.459724133805471	27.19478586005501	-0.0049403596465914055	-1	
15.400000000000036	26.673582436560768	-0.0055033102521867107	-1	
15.863172707229705	26.400752861625119	-0.0056610153027973047	-1	
16.321513338382747	26.119881361617974	-0.0058165854558675381	-1	
16.774882278462869	25.831053492719114	-0.0059857389378020131	-1	
17.666154239612254	25.229882964101002	-0.0063318913302791643	-1	
17.223141426899037	25.534357234695339	-0.0061589664975858771	-1	
6.9442420592841732	28.924849852988565	0.002801372295088143	-1	
5.331741397107634	28.423219670526692	0.0051376662219268475	-1	
5.9460544139676434	29.225791159945018	0.0038258197614594513	-1	
9.5177234267484074	29.292540701890804	-0.0003944523536854859	-1	
10.027499157280452	29.121972128459028	-0.00085972444952457953	-1	
9.0050485054603175	29.454186483661573	7.0625748781734583e-005	-1	
7.9716265891576636	29.750515449703382	0.0010177001926019048	-1	
8.4896305591636008	29.606860234900303	0.00054080559940955346	-1	
22.957390309429222	18.527420770286213	-0.0068399708455465129	-1	
22.33039085403226	19.07290180185203	-0.0075740410425136221	-1	
20.793047018749288	18.870291769547418	-0.0081730775467449522	-1	
20.711081186826625	18.724238859850303	-0.0080603159801098147	-1	
21.11668473302273	19.061471209157375	-0.0082097560778652441	-1	
20.887461928070881	18.966524014541115	-0.0082283527449719569	-1	
21.575130342926425	19.251365598389892	-0.0081510473230527701	-1	
25.363278126171583	15.542636825530238	-0.0017715333769142162	-1	
25.960987581148597	14.255877720507053	-0.00080526837496962245	-1	
24.870250512159679	16.461259717318246	-0.0027562429316148572	-1	
24.91772342674841	18.103785770608194	-0.0026771521724251843	-1	
24.597973709456653	18.535902713083111	-0.0032685827365066876	-1	
25.22988296410098	17.66615423961224	-0.0020932435673877998	-1	
18.865036260295351	20.628543569026892	-0.0099955498239755504	-1	
18.92642477858185	20.608860624544327	-0.0099909569924626854	-1	
18.987232615044068	20.587450918668264	-0.009979282503578114	-1	
18.792966356585609	20.682613325570909	-0.00993906059788628	-1	
18.839746857925135	20.649758409372875	-0.0099870142072462486	-1	
18.860320548528403	20.640947046655899	-0.010008628267051765	-1	
18.827330104953262	20.668379394943052	-0.009980253829311508	-1	
20.651879894598533	18.820495788138182	-0.0081740005712442245	-1	
20.682613325570909	18.792966356585609	-0.0081432623451601037	-1	
20.631739964153546	18.856506850086042	-0.0082089043520645645	-1	
20.608518842234488	18.876425176192217	-0.0081971335244828414	-1	
20.587450918668264	18.987232615044068	-0.0082083801741382988	-1	
20.559404647243817	19.010420346249884	-0.0082003613552952548	-1	
20.629498982001106	18.933365123150161	-0.0082281274647188936	-1	
20.560684114866618	19.124181761487076	-0.0082052121947260043	-1	
20.536056463586057	19.150972487712686	-0.0082032675678640823	-1	
20.595005584402099	19.065090450434539	-0.0082133813248032837	-1	
20.567908930216738	19.368010999016477	-0.0081955191172531066	-1	
20.552996226713748	19.274141165742069	-0.008203813192311624	-1	
20.565617711717866	19.413109610410338	-0.0081976805195628534	-1	
20.573418555353076	19.401785421667658	-0.0081921181188240166	-1	
20.581094835720613	19.336432533401336	-0.008188787208760229	-1	
20.562266389705201	19.263984665842372	-0.0082002765228138576	-1	
20.578770056587132	19.200285731279216	-0.0082004807101318609	-1	
20.575663373762218	19.260884467417025	-0.0081951079819245279	-1	
20.59317345814388	19.504074522127095	-0.0081879437149742287	-1	
20.597044506970164	19.54906507016608	-0.0081917843520598818	-1	
20.603230716291964	19.53678414079052	-0.0081841947068451784	-1	
20.601936615565926	19.470994699477021	-0.0081777116539516713	-1	
20.609905253973725	19.659605803236762	-0.0082239645828360089	-1	
20.537048067877681	19.960239504841294	-0.0084853969187777475	-1	
20.543960691482315	20.478764991668491	-0.0089502963424874325	-1	
20.668713224680619	19.862186343930702	-0.0082725894741346433	-1	
20.67448411325967	19.787234897925014	-0.0082154592940147098	-1	
19.274141165742069	20.552996226713748	-0.0099484541289401578	-1	
19.387175317934915	20.540089752671189	-0.0099066193432806766	-1	
19.336432533401336	20.581094835720613	-0.0099702084966918052	-1	
19.413109610410338	20.565617711717866	-0.0099327268258420694	-1	
19.526848387731949	20.568222931008588	-0.0098931105594252961	-1	
19.470994699477021	20.601936615565926	-0.0099552740106603147	-1	
19.54906507016608	20.597044506970164	-0.0099191785069755074	-1	
19.661389734396966	20.615112889288014	-0.0098784290908013623	-1	
19.601465590953669	20.640907153198722	-0.0099406031662060013	-1	
20.086504614370924	20.720732582732271	-0.0096282983374263789	-1	
19.881163854341686	20.662033319715338	-0.0097623305595226691	-1	
19.930530167690534	20.718725378415634	-0.0097790065218880048	-1	
20.184873301365815	20.841793139088679	-0.0095982785360604825	-1	
20.359071702512821	20.976718941290414	-0.0094555048712413464	-1	
19.679474952031661	20.646691190736838	-0.0099038252434840886	-1	
19.788293107203653	20.679886156305891	-0.0098596024079585544	-1	
19.725414781983478	20.697280501237984	-0.0099260868949175834	-1	
19.139686995141403	20.581876739412046	-0.009992725934285223	-1	
19.125948840666631	20.569981963093628	-0.0099780111100919028	-1	
19.263984665842372	20.562266389705201	-0.0099614589717470867	-1	
19.260884467417025	20.575663373762218	-0.0099784785034156068	-1	
19.124701740083761	20.583676310549315	-0.0099943864398865934	-1	
19.065090450434539	20.595005584402099	-0.010002020615138883	-1	
19.225844999039968	20.612859031740012	-0.0099825593206918205	-1	
19.132652799190247	20.605256210899817	-0.0099937981044898073	-1	
18.99929518085839	20.594052806131398	-0.009991397699018658	-1	
19.00547916078532	20.606334858254883	-0.010009705299268539	-1	
19.222186711613464	20.742350027555716	-0.0099828148795958731	-1	
19.029434586904774	20.749688794703811	-0.010010016383996807	-1	
18.871576819924854	20.658239123119031	-0.01003039949321843	-1	
28.823986496865825	7.4543897593262454	0.0043495761086042341	-1	
29.013762167994813	6.425704883225392	0.0050881637166738667	-1	
28.137200095392132	12.527488606734655	0.0019202914136312399	-1	
27.914279840728845	13.016642461613554	0.0016747195792252661	-1	
28.351549486335188	12.034518757469641	0.0021623137979569847	-1	
28.754277136113839	11.037732845995256	0.0026498365188610817	-1	
28.557262720657079	11.537883077210097	0.0024042965745538773	-1	
28.942532720206007	10.534220414430605	0.0028977007863417877	-1	
29.121972128458982	10.027499157280433	0.0031443032086826534	-1	
27.44300094500176	13.982907391978054	0.0011806130096166331	-1	
27.682856626014374	13.501831321103596	0.0014270218857589778	-1	
27.194785860054981	14.459724133805452	0.00094123924124926424	-1	
29.292540701890754	9.5177234267483861	0.0033873627746702968	-1	
29.45418648366152	9.0050485054602962	0.0036292893870381996	-1	
29.60686023490025	8.4896305591635794	0.0038734783100016429	-1	
29.376738332983074	5.4446566258386815	0.0058175289833452123	-1	
30.420800890330252	4.8181815232391125	0.0055923746480500769	-1	
30.500256517240373	4.2865315095700174	0.0058382359854468871	-1	
29.327137742093527	1.8330441979765271	0.0093934639332740322	-1	
29.028575301130743	1.1436716467749997	0.0094027390669543468	-1	
29.473170588429845	1.4529353745943763	0.0092868578978837161	-1	
29.561934120755335	2.5826415276954298	0.0088219037707833771	-1	
30.570421470552727	3.7535757768785438	0.0060800965315921073	-1	
30.631274377342827	3.2194766686437282	0.0063226062094108573	-1	
29.732741288289635	2.1702765472835979	0.0091110440099027613	-1	
29.650775456366969	2.0242236375864793	0.0092251682818851495	-1	
29.675805565778202	2.3077315407542085	0.009018797299147523	-1	
29.556360547045379	1.9279913925927861	0.0093178395626153168	-1	
27.913450084522772	1.3361821858181144	0.0094922994050988217	-1	
27.927684015150636	1.3018184374504611	0.0095325278113961177	-1	
27.951800912382431	1.2633610302789751	0.0095816223371878347	-1	
28.128087892791779	1.2164034156994248	0.009558074919415363	-1	
28.249407286445109	1.0603612495479036	0.0095272272832049136	-1	
28.342246075037107	0.99721714196611988	0.0095101605208018358	-1	
28.536038670782915	0.87913663103275663	0.0094744590872414217	-1	
27.923296960208326	1.2798714420546866	0.0095412563262217212	-1	
27.92617811064601	1.2469879766761098	0.0095436162031638325	-1	
27.931614182019246	1.2590930715864115	0.0095599598608757594	-1	
28.843478260869571	0	0.0089333735500484318	-1	
28.721402187963967	0.32983695111871758	0.0091491348571549891	-1	
28.250347582435975	0.72808667624857459	0.0093854538406811325	-1	
28.380707957403949	0.65241171831792988	0.0093697389215640168	-1	
28.520158554246649	0.59519233646343295	0.0093519947170121933	-1	
27.988900766276704	1.1223388733184825	0.0095308255071176549	-1	
28.033049895926116	1.0174858762923318	0.0094896343240039385	-1	
28.043922848742692	1.0818133658683839	0.0095491529617077412	-1	
27.974487621602727	1.1651336824951954	0.0095482579516454925	-1	
27.992003396535495	1.1357352943919634	0.0095441846249931499	-1	
27.975169491914315	1.1993477533936108	0.0095699247832689086	-1	
28.154386074650031	0.91168297138496457	0.0094965634858606603	-1	
28.160852139153008	0.8758716012752954	0.0094694145859295677	-1	
28.128040096798276	0.97473561418459265	0.0095301687681516398	-1	
28.068012270425164	1.0073914922757106	0.0095129764006806772	-1	
28.232839885658358	0.81523361492988333	0.0094574670269143412	-1	
4.2321014493427516	28.878705450618149	0.0062916323937192162	-1	
3.1324615015778701	29.334191230709607	0.0074202746949746179	-1	
2.3033925984375907	29.276549000426986	0.0081336982433483206	-1	
1.4532554195114924	28.410246522286133	0.0087368785140340532	-1	
1.3595932752726663	28.046215821704024	0.0086992173867542159	-1	
1.4049096825534184	27.884982223267059	0.0085868719343873325	-1	
1.3583082248952334	28.181023717334281	0.0087541701029065101	-1	
1.64314980874401	28.868692132189828	0.0086828429569181451	-1	
0.8436057328496791	27.926915286606832	0.0085800726659485335	-1	
0.47153912435867557	28.062470720338844	0.0086393994145958879	-1	
0.98462618309837224	27.900964627469616	0.0085949533704588552	-1	
1.1825765437884228	27.859071002385914	0.0086320664588510222	-1	
1.1205685969608585	27.906334177510693	0.0086509553647952132	-1	
1.2652752031660011	27.901651847878089	0.0086964466898385509	-1	
1.2941751972544528	27.911689305710684	0.0086985917229277527	-1	
1.3361821858181144	27.913450084522772	0.0086694892053454844	-1	
0	28.191304347826094	0.0088472534439104928	-1	
18.240935662809882	25.106494058769407	-0.0065032499048670424	-1	
18.052630988540198	25.242232313513622	-0.0064299649644551701	-1	
18.428219758964463	24.969351098759144	-0.0065764932167231092	-1	
18.614472798481717	24.830811106614643	-0.0066498539377152924	-1	
18.799684360526907	24.690881833631472	-0.0067234394536537659	-1	
18.983844082535828	24.54957110883532	-0.006797619750197448	-1	
19.166941660794599	24.406886838543922	-0.0068718673365356382	-1	
19.348966851016161	24.262837005924716	-0.0069466177947466023	-1	
19.797858378345452	23.594168848064573	-0.0072147764807530728	-1	
19.602905965313404	22.824353543654812	-0.0089861243062056857	-1	
19.52990946891342	24.117429670548187	-0.0070208704684570165	-1	
19.709759390769079	23.970672967936924	-0.0070950289144018847	-1	
19.690853645560544	22.147935196870556	-0.0097657637374791925	-1	
19.914895153714284	21.071044050399625	-0.009878470511312118	-1	
20.026290531986206	21.2687550691311	-0.0098411421496360993	-1	
19.607958957538191	20.991979470571771	-0.0099230767236858468	-1	
19.434873536908022	20.702838366111092	-0.0099567585893800634	-1	
19.551941409582398	20.735950601725744	-0.0099420631885623837	-1	
20.045833360560746	21.826517367201056	-0.0097229314790452624	-1	
19.94854893336473	22.031540091437396	-0.0097023731354136163	-1	
20.1427485862373	21.577326997672241	-0.0097689691464486975	-1	
20.134745308102072	21.455929903394843	-0.0097962662574751537	-1	
20.134147085870158	21.698683172428005	-0.0097387230870542921	-1	
19.558333221315792	22.530372390593481	-0.0096653154300406583	-1	
19.63115437685493	22.492021562733825	-0.0097162035561147164	-1	
19.575049173871395	22.602116723287686	-0.0094957250819910303	-1	
19.660668308756847	22.330991661901603	-0.009737638266022218	-1	
13.673620888711708	27.858569051004444	-0.0041206765790384797	-1	
13.464858703948334	27.960067200572009	-0.0039256161682587228	-1	
13.881618036061916	27.755512217912248	-0.0043153770526288644	-1	
13.255343161990451	28.060000987805918	-0.0037299514142611731	-1	
13.04508598520696	28.158364821423014	-0.003535262330462256	-1	
12.834098937461134	28.255153197978863	-0.0033413045057992278	-1	
12.196876815660204	28.536011874846967	-0.0027674730155262798	-1	
12.40998248805607	28.443982007165207	-0.0029577252478352085	-1	
11.9830887295011	28.626445156161118	-0.0025775222681086074	-1	
12.622393823452441	28.35036070217566	-0.0031485546691136764	-1	
11.768630190995983	28.715276791376656	-0.0023862263649828378	-1	
11.553513199073802	28.802501810374466	-0.0021937267752724057	-1	
11.337749789503894	28.88811533292543	-0.001997243313877801	-1	
11.121352034222586	28.972112568963453	-0.0017987505076464715	-1	
10.904332040657767	29.054488818853471	-0.0015980213571563534	-1	
10.686701951051486	29.135239473654398	-0.0013964343364531067	-1	
10.468473941780584	29.214360015376997	-0.0011949489709722494	-1	
14.088838508584054	27.650902467312608	-0.0045088121426064736	-1	
14.295270712318073	27.544745652108258	-0.0046985290751427877	-1	
15.112886517348986	27.104767825818509	-0.0053267688115235948	-1	
15.315205033930354	26.990966498931996	-0.0054224973220884974	-1	
14.9097224366189	27.217052644266573	-0.0052039009355908748	-1	
14.500903097407475	27.43704771175998	-0.0048843711132037339	-1	
14.705724158745511	27.327814671954357	-0.00505489431295548	-1	
15.516666666666792	26.875655030777327	-0.0055057021003174118	-1	
15.717260143804632	26.758839873017013	-0.0055747091574893312	-1	
16.115797787763803	26.52072471562008	-0.0057034882673329982	-1	
15.916974242163413	26.64052756144482	-0.0056397337435035748	-1	
16.31371965645279	26.39943803849734	-0.0057699612777261716	-1	
16.510728774526072	26.276674316051317	-0.0058396551754098186	-1	
16.706814119347637	26.152440416897242	-0.0059122563885192101	-1	
16.901964719966472	26.026743291906548	-0.0059856314651207066	-1	
17.096169657730382	25.899589973817978	-0.0060597784970965385	-1	
17.863316271778867	25.376558268453064	-0.0063565029435798054	-1	
17.673002104661094	25.509464408067018	-0.0062827777628767373	-1	
17.481699135241204	25.640943296273257	-0.0062084777278765988	-1	
17.289418066896896	25.770987576844099	-0.0061341940892320496	-1	
7.4511943844697885	29.88510836930077	0.0014943280710677451	-1	
6.9284924737910636	30.010597995385329	0.0019645874307950236	-1	
6.4036800771870084	30.126946102601295	0.0024299358968620766	-1	
5.8769170575975993	30.234117250188131	0.0028971919310986686	-1	
5.3483638721414728	30.332078792776091	0.0033714931638207757	-1	
9.589827392102622	29.514453889026573	-0.00039452048283155581	-1	
9.3687935770868442	29.585359296242018	-0.00019555460261484723	-1	
9.8103246574509448	29.441897151732721	-0.00059335647382302245	-1	
10.030273036336833	29.367693143901032	-0.00079284657572085905	-1	
10.249660222675445	29.29184601723664	-0.00099320213572586121	-1	
9.1472355792184761	29.654609406230215	3.8812000710968126e-006	-1	
8.9251657946403498	29.722200344455992	0.00020373117987276977	-1	
8.032017699681635	29.975898142504413	0.0010175718544473366	-1	
7.8075759015379864	30.035138360252677	0.0012222716194552482	-1	
8.2560101074192271	29.914980776928303	0.00081283845200414784	-1	
8.4795405924029961	29.852389671843493	0.00060829997080417975	-1	
8.702596648129699	29.78812832921464	0.00040553430968223768	-1	
22.729647419383493	19.077240744168655	-0.0073614992304393114	-1	
23.936095612874734	19.383068044335023	-0.0044471239178757614	-1	
24.270731211087071	18.962373440030301	-0.0038359234846553564	-1	
22.262798757781976	19.53620718223867	-0.0079808588243640323	-1	
22.403350620364563	19.465459445890744	-0.007818182905546386	-1	
22.033575952830127	19.441259987622409	-0.0080599897794629994	-1	
22.615775974360631	19.352150731109873	-0.0075937020630000556	-1	
20.658239123119031	18.871576819924854	-0.0082366737005121846	-1	
20.932380999361282	19.188413423668113	-0.0081994229501107779	-1	
20.970651886686468	19.441580032539491	-0.0081699959627525194	-1	
20.758700440742512	19.012619400015964	-0.008221294940266452	-1	
21.034519669442425	19.665689523389407	-0.0081445549416511599	-1	
21.551934460057069	19.884640961905021	-0.0080768155952908038	-1	
26.40075286162509	15.863172707229687	0.00018777438666749873	-1	
26.673582436560743	15.400000000000015	0.00049647101768190006	-1	
26.119881361617949	16.321513338382729	-0.00029161243790526312	-1	
26.938286979893427	14.932136303587194	0.00072179155077888154	-1	
25.534357234695317	17.223141426899023	-0.0014885901352780404	-1	
25.831053492719089	16.774882278462854	-0.00088106950751566909	-1	
25.106494058769329	18.24093566280985	-0.0026720257781138496	-1	
24.969351098759066	18.428219758964435	-0.0029207398315958611	-1	
25.242232313513536	18.052630988540162	-0.0024224577821939527	-1	
24.830811106614561	18.614472798481692	-0.0031687575308623978	-1	
24.690881833631398	18.799684360526882	-0.0034116712820696608	-1	
25.509464408066926	17.673002104661048	-0.0019168225344989554	-1	
25.376558268452975	17.863316271778828	-0.002171371077577978	-1	
25.640943296273164	17.481699135241154	-0.0016579042211140767	-1	
18.875851725526804	20.648839803945702	-0.010029351226233829	-1	
18.990878520773517	20.610158160056518	-0.01001151983009589	-1	
18.861693853320912	20.654145464315196	-0.010021912956519011	-1	
18.868682166024801	20.651250810415142	-0.010030383491904032	-1	
20.654145464315196	18.861693853320912	-0.0082280566365219958	-1	
20.637989443680407	18.868212754596399	-0.0082260481135593855	-1	
20.648839803945702	18.875851725526804	-0.0082357802113307045	-1	
20.594052806131398	18.99929518085839	-0.0082134832692171509	-1	
20.610158160056518	18.990878520773517	-0.0082210845491939456	-1	
20.606334858254883	19.00547916078532	-0.0082195744818853861	-1	
20.62932705393758	19.005999139382006	-0.0082200120448653966	-1	
20.568867031160089	19.135233019018909	-0.0082055145960245775	-1	
20.583676310549315	19.124701740083761	-0.0082073816569211439	-1	
20.581876739412046	19.139686995141403	-0.0082060772065483314	-1	
20.634176835990864	19.04832896349545	-0.0082157386568939839	-1	
20.604725588286524	19.137071360387893	-0.0082064750420270307	-1	
20.58626861554653	19.396889876230706	-0.0081837741169574346	-1	
20.575921055894693	19.27597519057197	-0.0081939279524658667	-1	
20.588578750818165	19.411804955863325	-0.0081826512309876431	-1	
20.586913573484075	19.404426424837808	-0.0081832110204535322	-1	
20.614291315986531	19.309724330665201	-0.0081908188031942809	-1	
20.611446702975147	19.362888751104855	-0.0081863219918333705	-1	
20.575276097957151	19.268438641964867	-0.0081945156708822537	-1	
20.605236770399699	19.230628446401241	-0.0081978016112568813	-1	
20.598200927138091	19.270272666794767	-0.008194314428785503	-1	
20.61529448031369	19.530184443090718	-0.0081728404122061466	-1	
20.619614035275315	19.544646039487869	-0.0081717421041876542	-1	
20.640907153198722	19.601465590953669	-0.0081668842575569021	-1	
20.616959657647779	19.537562974116234	-0.0081722898942335181	-1	
20.631187135553279	19.440015004902843	-0.0081796787691321843	-1	
20.6356082384034	19.493071590483314	-0.008175325861280433	-1	
20.636729984900761	19.635430556132132	-0.0081838172923979664	-1	
20.646691190736838	19.679474952031661	-0.008190954890418739	-1	
20.651147528370334	19.666466052501075	-0.0081787854895606082	-1	
20.698616295229776	19.93115611111218	-0.008292394938548265	-1	
20.843583064700315	20.182594800646811	-0.0083744920482196998	-1	
20.804076474198148	20.043690363138129	-0.0082847419021690166	-1	
20.923461611624507	20.295818550889141	-0.0084163952849165852	-1	
20.857393281807244	20.89656210631065	-0.0086969607566367707	-1	
20.713632939234479	19.801909966652907	-0.0081805753395680792	-1	
20.752434743686692	19.853391890200573	-0.0081742363588950331	-1	
20.697767134806	19.759632186653235	-0.0081738011767819481	-1	
20.716276392041259	19.788415428151758	-0.0081684524348415045	-1	
20.697280501237984	19.725414781983478	-0.0081561217942694025	-1	
19.27597519057197	20.575921055894693	-0.0099769424873239788	-1	
19.401785421667658	20.573418555353076	-0.0099458618876353804	-1	
19.396889876230706	20.58626861554653	-0.0099634563856469474	-1	
19.357111959245213	20.618346624163671	-0.0099675061180513995	-1	
19.305203904411044	20.60651018605067	-0.0099734946198668031	-1	
19.411804955863325	20.588578750818165	-0.0099619382927893484	-1	
19.53678414079052	20.603230716291964	-0.0099316366514467704	-1	
19.530184443090718	20.61529448031369	-0.0099486306047741144	-1	
19.486409064827505	20.641657286963586	-0.0099526001926990831	-1	
19.436596212532308	20.622862948186043	-0.0099585224468675335	-1	
19.544646039487869	20.619614035275315	-0.0099471413972589857	-1	
19.666466052501075	20.651147528370334	-0.0099167917211363636	-1	
19.658285142419469	20.662200271122128	-0.0099340728793721415	-1	
19.564538024781871	20.656954650126302	-0.0099437884785563632	-1	
19.611327755349389	20.682356786597239	-0.0099379798424551746	-1	
20.044043693842404	20.802218271971462	-0.009741593882891926	-1	
19.801909966652907	20.713632939234479	-0.0098865549503672438	-1	
19.840533333658438	20.770006530872223	-0.009911209920230743	-1	
19.90594965803766	20.78976635925444	-0.0098723225870092097	-1	
19.947703578467827	20.791910734707788	-0.0098311618026626219	-1	
20.193461501248617	20.988166664501275	-0.009691114567656629	-1	
20.047866238502056	20.89402369378978	-0.0098109797174059828	-1	
20.101689415518468	20.962538355367723	-0.0097977447014364043	-1	
20.215537998604827	21.060120769639287	-0.0097090782206565116	-1	
20.412029674436997	21.134050573008771	-0.0094460230568857145	-1	
19.672023863402664	20.668448780637718	-0.0099326019008662662	-1	
19.788415428151758	20.716276392041259	-0.0099007674154722447	-1	
19.778805700564291	20.726112221838246	-0.009919472965018784	-1	
19.729541031961674	20.739686968392856	-0.0099234670490208326	-1	
19.686646027272744	20.708150227968289	-0.0099292820232668791	-1	
19.132132820593561	20.58226401521712	-0.0099935552584229526	-1	
19.268438641964867	20.575276097957151	-0.0099777109258549455	-1	
19.265823007211356	20.598124946831621	-0.0099779544408635339	-1	
19.041876843176492	20.627903847868158	-0.010005706741355999	-1	
19.267657032041257	20.621049776012566	-0.0099776762135554906	-1	
18.99804808027552	20.607747153587077	-0.010010609513881212	-1	
19.00169398600497	20.630454394975327	-0.010010873001386726	-1	
19.314387258549427	20.685975279584621	-0.0099718375331264483	-1	
29.750515449703329	7.9716265891576432	0.0041210551571546385	-1	
29.885108369300717	7.451194384469769	0.0043686301574208412	-1	
30.010597995385265	6.9284924737910458	0.0046128302774963333	-1	
30.126946102601231	6.4036800771869906	0.0048547748164524803	-1	
28.350360702175468	12.622393823452374	0.0019205049951364829	-1	
28.255153197978675	12.834098937461066	0.0018156273413393023	-1	
28.443982007165015	12.409982488055999	0.0020243551106618289	-1	
28.158364821422829	13.045085985206892	0.0017101018750450168	-1	
28.06000098780574	13.255343161990387	0.001604193543041072	-1	
28.536011874846771	12.196876815660133	0.0021278834415745765	-1	
28.626445156160919	11.983088729501029	0.0022311491283687236	-1	
28.71527679137645	11.768630190995912	0.0023349341228071077	-1	
28.972112568963251	11.121352034222515	0.0026497570182320265	-1	
28.888115332925224	11.337749789503825	0.0025441035787615897	-1	
29.054488818853262	10.9043320406577	0.0027559460969108899	-1	
28.80250181037426	11.553513199073732	0.0024389163407088372	-1	
29.135239473654185	10.686701951051418	0.002862353094952213	-1	
29.214360015376773	10.46847394178052	0.0029684084427451306	-1	
29.291846017236416	10.249660222675377	0.0030743874361606875	-1	
29.367693143900805	10.030273036336768	0.0031793934015900737	-1	
29.441897151732494	9.8103246574508791	0.0032836384671216141	-1	
27.650902467312445	14.088838508583986	0.0011804361324033244	-1	
27.544745652108091	14.295270712318011	0.0010765441724858175	-1	
27.755512217912077	13.88161803606185	0.0012857497835552362	-1	
27.858569051004274	13.673620888711641	0.0013916702074221272	-1	
27.960067200571832	13.464858703948268	0.0014977635443874141	-1	
27.437047711759821	14.500903097407413	0.00097393259991695894	-1	
27.327814671954201	14.705724158745452	0.00087564968139853432	-1	
29.514453889026342	9.5898273921025581	0.0033873832878194353	-1	
29.58535929624178	9.3687935770867821	0.0034909618521707215	-1	
29.654609406229969	9.1472355792184157	0.0035946612655525473	-1	
29.722200344455743	8.9251657946402894	0.0036984638577411437	-1	
29.788128329214388	8.7025966481296386	0.0038032573622846064	-1	
29.852389671843238	8.4795405924029357	0.0039085444353990076	-1	
29.914980776928044	8.2560101074191667	0.0040147451822978852	-1	
30.234117250188064	5.8769170575975824	0.0050978580860916081	-1	
30.33207879277602	5.3483638721414568	0.0053444781964309624	-1	
30.651261503135817	4.8546828984151711	0.0055924485865764305	-1	
30.686716640519869	4.6252783270006192	0.0056981373549870916	-1	
30.614091431426662	5.0838158509164462	0.0054862442159522035	-1	
30.720454859868209	4.3956149718304518	0.0058033460427362243	-1	
30.752474273531618	4.1657056825412466	0.0059072206791281777	-1	
30.782773090027806	3.9355633225295672	0.0060108568993030654	-1	
29.584491307115027	1.7374190268596379	0.0092667124890930975	-1	
28.86796230055954	0.80985878608251638	0.0094217158468510222	-1	
29.477193031387685	1.0738510148072076	0.0092840016665162867	-1	
29.197743242417317	0.81472128245233755	0.0093649035965427709	-1	
29.081874106178972	0.77763152339016928	0.0093868912010720267	-1	
29.409048476176707	0.93421858653076817	0.0093113090336937061	-1	
29.699990755674211	1.585555888098203	0.0091935105158543143	-1	
29.698732362603089	1.3181856996314991	0.0091906548984057191	-1	
29.646752049290537	1.2081886360896397	0.0092168443935350675	-1	
29.735250596919425	1.434236229670492	0.0091722942921436679	-1	
29.981257320972432	2.2984072557711968	0.0084624181132879651	-1	
30.811349614141719	3.705200768232253	0.0061138221412288755	-1	
30.838202247020327	3.4746309084059903	0.0062170649894829283	-1	
30.863329486262113	3.2438666434061822	0.0063206474165325797	-1	
30.88672992600112	3.0129208844651778	0.0064271773296215046	-1	
30.682796701225769	2.6843968766278716	0.0066061782765244282	-1	
29.823602847409632	2.1402845294816748	0.0089749760489586036	-1	
29.761209149545344	2.1015490505482934	0.0091538644749555292	-1	
29.785583351997225	2.0229385872090444	0.009201369816429314	-1	
29.692587518532289	1.8882037509694556	0.0092320554391923954	-1	
27.941917945778489	1.2674546890828091	0.0095733215180165039	-1	
27.944812599678546	1.2604663763789199	0.0095816056313512629	-1	
27.948177404796503	1.2536918932129073	0.0095803762390410697	-1	
28.05077093482085	1.1214904501624638	0.0095533460819905557	-1	
28.02416087318262	1.1517075301111117	0.0095592741349061448	-1	
28.098944931208685	1.0412878584182845	0.0095397873502831854	-1	
28.205575076736871	0.95699318687077595	0.0095211223843691736	-1	
28.170217773848371	0.98076702812309713	0.0095268552285741499	-1	
28.277019252674748	0.96654265362185832	0.0095146684787435765	-1	
28.381648267936761	0.89658652903546265	0.0094964714824735084	-1	
28.481506513843602	0.83200164985932856	0.0094789546607288722	-1	
28.601129537933641	0.79286825862626387	0.0094610892135307493	-1	
28.719401619843097	0.76435472498500689	0.0094429806722044398	-1	
29.495652173913047	0	0.0082853307618474224	-1	
28.866100557837779	0.43067902735163599	0.0092030880198124745	-1	
29.152914613832905	0.32320488121521707	0.0089735601893653136	-1	
28.743364246836553	0.55733817840245548	0.0093391213581697618	-1	
28.668369652758987	0.55215809418716844	0.0093333317095671935	-1	
28.269229192684755	0.81494629380698824	0.0094778214577770827	-1	
28.351496821639675	0.73636300130595467	0.0094394030122015114	-1	
28.335841474889619	0.79969669799457321	0.009494492720863338	-1	
28.387586320251234	0.74103336630822469	0.0094602200470087338	-1	
28.479788127685406	0.67438411019806632	0.0094220220455006696	-1	
28.455654658426848	0.73499617731061573	0.0094766883123165828	-1	
28.514905538806971	0.68392516126217673	0.0094425627079536487	-1	
28.615323979500431	0.63045149107899401	0.0094052953510051652	-1	
28.583161948603369	0.68721284048760412	0.0094590016282261047	-1	
28.009782307963679	1.1319759193818479	0.0095579566997164248	-1	
28.069261856850844	1.0210856131261128	0.0095246936677081222	-1	
28.078063389521706	1.0316508123549202	0.0095404547728463063	-1	
28.00216157903213	1.1450036135743142	0.0095600570730923033	-1	
28.005526384150087	1.1382291304083016	0.009559002937354245	-1	
28.168136188935886	0.91152558896319569	0.0095059037209593699	-1	
28.168693117560171	0.92968908043772058	0.0095220546723690409	-1	
28.225954290905737	0.88010915425721892	0.0095122805658558046	-1	
28.1795460790193	0.91920053654510947	0.0095202453414558585	-1	
28.087387076036386	1.0197821479314648	0.0095385516705008312	-1	
28.266737811466804	0.82846973389180345	0.0094893477834956438	-1	
28.272362502792177	0.84101777196932848	0.0095042788283005823	-1	
4.8181815232391276	30.420800890330327	0.0038460686249062268	-1	
4.2865315095700316	30.500256517240452	0.0043193546307585253	-1	
2.5826415276954298	29.561934120755335	0.0079502983702569238	-1	
3.7535757768785571	30.570421470552809	0.0047744545410449632	-1	
3.2194766686437397	30.631274377342905	0.0052391280290841318	-1	
1.8330441979765271	29.327137742093527	0.0085945123540592892	-1	
2.077402771858555	29.605719518060706	0.0083733203423918528	-1	
2.3077315407542085	29.675805565778202	0.0081763497835220696	-1	
1.9279913925927861	29.556360547045379	0.0085207746383037797	-1	
1.1349749590640572	28.472622568623066	0.0087060000486243565	-1	
1.2633610302789751	27.951800912382431	0.0087625231201740716	-1	
1.2346657443990194	28.122569956139401	0.0087468500761392239	-1	
1.0765517995140879	28.231883272412411	0.0087242361455250918	-1	
1.0108224241455523	28.910379224961957	0.0086460938842157706	-1	
1.1245369656450535	29.232857553378668	0.0085967868213948067	-1	
0.94282501956372233	28.030432131815505	0.0086640333561732105	-1	
0.87728728499137187	28.066291601464581	0.008655891800317915	-1	
0.77695802450342211	28.183562719905826	0.0086766026599784506	-1	
0.15167779147482696	28.496552580052004	0.0088256685320141099	-1	
0.69079502082173982	28.30715588292729	0.0086878615388183179	-1	
0.56380812408120062	28.377796597194774	0.0086969797212548584	-1	
1.0952973031842745	27.980091583264308	0.0086993740675756267	-1	
1.0174858762923318	28.033049895926116	0.0086976477050824622	-1	
1.2469879766761098	27.92617811064601	0.0087305279155077808	-1	
1.1896617955913953	27.955668404696052	0.0087309768107941207	-1	
1.1315252138715042	27.983527089999594	0.0087226167252965475	-1	
1.2590930715864115	27.931614182019246	0.0087421377196427747	-1	
1.2674546890828091	27.941917945778489	0.0087539352586910382	-1	
0	28.843478260869571	0.0089333735497726784	-1	
19.888506554002049	23.82257510911046	-0.0071671699283297153	-1	
20.066140957730447	23.673144380125851	-0.0072269513060461144	-1	
20.24265266333116	23.522389141614067	-0.0072803746366428375	-1	
20.206618092907668	23.245055070861426	-0.0073609054044338181	-1	
20.17232016245574	22.85647780601883	-0.0081724635603440451	-1	
19.827136187381303	22.627191104490979	-0.0091424012508037247	-1	
19.648654705788495	22.605099677323388	-0.0094206361655793727	-1	
19.730255827941171	22.329231341262155	-0.0097060597336204417	-1	
19.858176464267387	22.228084421992275	-0.009681228445877944	-1	
19.941435164076903	22.139375370222297	-0.009675448056290864	-1	
19.947778675647292	21.006902514902297	-0.0098815650751651139	-1	
20.014121866638959	21.113858913546295	-0.0098630936667045317	-1	
19.861387252846114	20.925174931063204	-0.0098975982266630465	-1	
20.110286337393632	21.336753287769998	-0.0098207205859403481	-1	
20.075259822898577	21.215863943805456	-0.009843944880442837	-1	
19.663410123605566	20.784695168129875	-0.0099277796093131688	-1	
19.767203227742112	20.848164046279813	-0.0099133092368923169	-1	
19.397419246513589	20.632154483827769	-0.0099626847508477463	-1	
19.524460757865494	20.66082504771914	-0.0099478671984046581	-1	
19.646415023112262	20.706527389328162	-0.0099333420959871552	-1	
20.11719834397412	21.816393053244873	-0.0097091417711930115	-1	
20.068076999168422	21.932273093313597	-0.0096908929677824249	-1	
20.019999016820275	22.041045256605099	-0.0096765205566911369	-1	
20.204333750040995	21.5262750370552	-0.0097746499343403653	-1	
20.202110216541904	21.65649255791628	-0.0097401387446502553	-1	
20.221401734047628	21.562742162290984	-0.0097643394815161814	-1	
20.213135220338753	21.615336954570932	-0.0097507166730932699	-1	
20.188805289959799	21.396967598104723	-0.0098026827104579321	-1	
20.210679908087865	21.430770976379158	-0.0097943573044161798	-1	
20.209652045758453	21.484001521397033	-0.0097835558787788685	-1	
20.182176109684562	21.785194454655301	-0.0097031969960467406	-1	
20.21405362217892	21.694944116568728	-0.0097266004758514209	-1	
20.198702446600169	21.745923414643727	-0.0097124246469970331	-1	
19.599531286498518	22.532637960310133	-0.0096410861864272938	-1	
19.627060718051094	22.501904529337768	-0.0097069413471986936	-1	
19.634049030754984	22.499009875437714	-0.0097093968092316837	-1	
19.640823513920996	22.495645070319753	-0.0097077899363721444	-1	
19.708644592210948	22.430711720301623	-0.0096881664323567422	-1	
19.695167653740292	22.468652983201942	-0.0096846126939343826	-1	
19.733170830959423	22.398780060246661	-0.0096849170664217877	-1	
7.5826972704793816	30.09269811569018	0.0014267476653249645	-1	
7.3573943884376742	30.148574188355653	0.0016294612073119736	-1	
6.9055663171110213	30.255262874709601	0.0020310057117281111	-1	
7.1316798610815058	30.202763451989679	0.0018312259092410394	-1	
6.6790664075512991	30.30606951917914	0.0022305021179137604	-1	
6.4521928050445254	30.355180542772775	0.0024297223801787128	-1	
6.2249582031409556	30.402593197734753	0.0026291951097729611	-1	
5.9973753155887248	30.448304831332837	0.0028295908217832806	-1	
5.7694568756225015	30.492312886006729	0.0030313955811440579	-1	
5.5412156352510742	30.534614899511155	0.0032350677512440243	-1	
5.3126643645438714	30.575208505053659	0.0034386070131742007	-1	
5.0838158509164852	30.614091431426971	0.0036424797992697161	-1	
23.594168848064555	19.797858378345442	-0.0050265323508709376	-1	
22.824353543654812	19.602905965313404	-0.0070087231947700045	-1	
24.117429670548123	19.529909468913399	-0.0044017752302804242	-1	
23.970672967936867	19.709759390769062	-0.0046460800768939716	-1	
24.262837005924656	19.34896685101614	-0.0041503807296257283	-1	
24.406886838543855	19.166941660794578	-0.0038977420919092177	-1	
24.549571108835249	18.983844082535803	-0.0036540697636616658	-1	
22.315734582324477	19.678111991434466	-0.0079218068043253997	-1	
22.492021562733825	19.63115437685493	-0.0078532846187923441	-1	
22.184627539870753	19.819597617920095	-0.0079458416964279261	-1	
22.558840251849198	19.489605724580485	-0.0077157197811816665	-1	
22.530372390593481	19.558333221315792	-0.0077769869536573871	-1	
21.90778380433332	20.015378776101141	-0.0080021165233210758	-1	
22.602116723287686	19.575049173871395	-0.007584739354713624	-1	
20.651250810415142	18.868682166024801	-0.0082366947622294941	-1	
20.743831719442028	19.308959519035696	-0.008189516515857212	-1	
20.709450569808492	19.208014843153652	-0.0081997687394811634	-1	
20.745090112513182	19.576329707502389	-0.0081657274367068506	-1	
20.708571878196846	19.460279177463413	-0.0081764541618745204	-1	
20.797070425825751	19.686326771044236	-0.0081548446321000907	-1	
21.049816563045567	19.898219441054351	-0.0081251874092635769	-1	
20.943274118118591	19.88011528426431	-0.0081334414752605288	-1	
21.17087818641566	19.964221611523875	-0.0081108530124872295	-1	
21.351013883071872	20.053952835719667	-0.0080890821961620528	-1	
21.60336777358717	20.142303926123798	-0.0080553585842484988	-1	
21.724420855273138	20.130160682148841	-0.0080361283206455709	-1	
21.481788681995248	20.137850674773212	-0.0080714181059865133	-1	
26.640527561444681	15.916974242163358	0.00025021463197520412	-1	
26.520724715619952	16.11579778776375	7.9079621696678912e-005	-1	
26.758839873016871	15.717260143804577	0.00038456448865948766	-1	
26.875655030777182	15.516666666666731	0.00050173922668738963	-1	
26.990966498931854	15.315205033930294	0.00059949577856924241	-1	
26.276674316051196	16.510728774526019	-0.00036303691124675244	-1	
26.399438038497216	16.313719656452736	-0.00012783008708547268	-1	
26.152440416897129	16.706814119347587	-0.00061753164535564202	-1	
27.104767825818364	15.112886517348926	0.00069182625358121992	-1	
27.217052644266424	14.909722436618837	0.00078191849781176538	-1	
25.770987576844	17.289418066896847	-0.0013983699921265942	-1	
25.899589973817879	17.096169657730332	-0.0011372469353331017	-1	
26.026743291906442	16.901964719966422	-0.00087610360306185245	-1	
20.607747153587077	18.99804808027552	-0.0082203217756761336	-1	
20.58226401521712	19.132132820593561	-0.0082067244193374713	-1	
20.60987461258437	19.403121770290795	-0.0081830248523554455	-1	
20.621049776012566	19.267657032041257	-0.0081944813263046604	-1	
20.681156561050813	19.344558495303431	-0.0081871016327920154	-1	
20.632154483827769	19.397419246513589	-0.008183201859497025	-1	
20.639529185952931	19.533143943438024	-0.0081721098895789993	-1	
20.665666831064254	19.566791497635531	-0.0081688292385689466	-1	
20.662200271122128	19.658285142419469	-0.0081620555108812658	-1	
20.677271292994831	19.618751904554372	-0.0081645231064375497	-1	
20.66082504771914	19.524460757865494	-0.0081722903793601965	-1	
20.668448780637718	19.672023863402664	-0.0081609618856026672	-1	
20.664854648749664	19.665368207791104	-0.0081615078297033721	-1	
20.78976635925444	19.90594965803766	-0.0081719540000977347	-1	
20.792536304697624	19.942234525703526	-0.0082023307777720402	-1	
20.987105968917511	20.172734857158339	-0.0082388518685250003	-1	
20.89402369378978	20.047866238502056	-0.0081953989130402125	-1	
20.962538355367723	20.101689415518468	-0.0081864671912738399	-1	
20.886213799733532	20.006793208759841	-0.0081621206208296448	-1	
20.857730493772273	19.944676805173515	-0.0081344679984424167	-1	
21.042011033586398	20.224081291182916	-0.0082469499103624347	-1	
21.183574070247221	20.285283528711211	-0.0081575092849294588	-1	
21.274764026979227	20.398421383769428	-0.0081084968095241159	-1	
20.503647226434261	21.466007709707803	-0.0092526071809908537	-1	
20.984399596005318	21.600206852682238	-0.0082830750181203307	-1	
21.609236156884737	20.984245415828866	-0.0074441961811455258	-1	
20.734173287998171	19.791565619756273	-0.0081502534060397015	-1	
20.805839773746271	19.889501047560604	-0.0081404159106624428	-1	
20.726112221838246	19.778805700564291	-0.0081513413487928343	-1	
20.729706353726307	19.785461356175851	-0.0081507975315467038	-1	
20.717088111030161	19.687692202674	-0.0081580424922608301	-1	
20.735659762871936	19.737588506863155	-0.0081537773373684917	-1	
19.404426424837808	20.586913573484075	-0.0099626981124270163	-1	
19.398723901060606	20.609193444727474	-0.0099629471276007648	-1	
19.537562974116234	20.616959657647779	-0.0099478868631529827	-1	
19.528879788543705	20.638255519413981	-0.0099481282676425007	-1	
19.665368207791104	20.664854648749664	-0.0099333385664484748	-1	
19.653866111741259	20.684769799427276	-0.0099335828166531304	-1	
20.006793208759841	20.886213799733532	-0.0098547765696219373	-1	
19.944676805173515	20.857730493772273	-0.0098954170471899413	-1	
19.791565619756273	20.734173287998171	-0.009917965520117953	-1	
19.800645578955727	20.775496004962601	-0.0099145570758205001	-1	
19.889501047560604	20.805839773746271	-0.0099042181506478113	-1	
19.838846804989181	20.812579879536472	-0.009908477585723028	-1	
19.907512359082578	20.803428290946002	-0.0098842726754859809	-1	
19.933861710128831	20.825263567312586	-0.0098767952253449275	-1	
20.099552619471499	21.004292664367263	-0.0098331983348598009	-1	
20.112519107844136	21.071386751232392	-0.009860068981433899	-1	
20.006481055264278	20.899961271220899	-0.0098670558245780547	-1	
20.029611750618034	20.925181075482932	-0.0098590005826905067	-1	
20.06709591562883	20.972896855609832	-0.009850445941781286	-1	
20.086122121770462	21.001341030310812	-0.0098493750701211108	-1	
20.164647362705061	21.115572624066782	-0.0098150139542882205	-1	
20.202090208888141	21.134174276872006	-0.0097686832113358484	-1	
20.34856052102133	21.412172315359328	-0.0095650252097473822	-1	
20.248280717541959	21.265431216991715	-0.0097493193099941252	-1	
19.785461356175851	20.729706353726307	-0.0099187204592107864	-1	
19.771354611935294	20.747869811739132	-0.0099189866977979595	-1	
19.76101026503866	20.768410160502828	-0.0099187734679116249	-1	
29.97589814250415	8.0320176996815764	0.0041210532073191822	-1	
30.035138360252411	7.8075759015379287	0.004227361302153951	-1	
30.092698115689913	7.5826972704793256	0.0043335625693268539	-1	
30.148574188355379	7.3573943884376192	0.0044388523242159901	-1	
30.202763451989398	7.1316798610814507	0.0045436502107709976	-1	
30.255262874709317	6.905566317110968	0.0046474580384061742	-1	
30.306069519178855	6.6790664075512485	0.004751164199035712	-1	
30.355180542772491	6.4521928050444748	0.0048547502200210575	-1	
30.402593197734465	6.2249582031409076	0.0049585036565472362	-1	
30.448304831332543	5.9973753155886786	0.0050627579035437444	-1	
30.492312886006427	5.7694568756224571	0.0051677726934978912	-1	
30.534614899510856	5.5412156352510316	0.0052737602056450892	-1	
30.575208505053357	5.3126643645438314	0.0053798253333893088	-1	
29.74054859057226	1.8377532096070408	0.0091970599139484799	-1	
29.759480467460389	1.6757779876952572	0.009167790995077205	-1	
28.962033793120998	0.75666473236070619	0.0094066742370576654	-1	
28.836723417788718	0.74490037789771613	0.0094256485425024371	-1	
29.580277951868354	1.1062940762161679	0.0092471156374645154	-1	
29.503344774645516	1.0066829501094168	0.0092814153876310482	-1	
29.172843481122843	0.73870130500523401	0.0093724721505496038	-1	
29.213029523559658	0.73620144615336558	0.0093655918688753392	-1	
29.258924719620545	0.76318622709376693	0.009355602265177598	-1	
29.29316632107998	0.78854065717872857	0.0093472125313400559	-1	
29.046854877011533	0.70571011717410259	0.0093941143661852976	-1	
29.086326227077439	0.69776154340342034	0.0093882091018781897	-1	
29.135468380002791	0.71824559158072265	0.009379613113031135	-1	
29.405582010034099	0.85429976086327353	0.0093190164949577357	-1	
29.507996456398651	0.93475364837821762	0.0092873623280792846	-1	
29.444952298853188	0.86273466805391741	0.0093099351535762351	-1	
29.481865169778345	0.90110115582555828	0.0092974793543054417	-1	
29.76266591406544	1.5499569118304735	0.0091594709209841738	-1	
29.737295085788091	1.2481003840216414	0.0091754274918274328	-1	
29.782997427397117	1.3700546492684087	0.0091506695745126043	-1	
29.766551182121422	1.2757635025795311	0.0091610077378221078	-1	
29.778155644051996	1.3277239094983668	0.0091541288458134411	-1	
29.675412314613432	1.1335051420952409	0.0092099155602729868	-1	
29.708162712244324	1.1569269002707421	0.0091943956793010054	-1	
29.726734364086091	1.206823204459901	0.0091825058095690217	-1	
29.811667991288484	1.4970961606203119	0.0091331193393460845	-1	
29.80821423671286	1.4014438166505845	0.0091376136355218653	-1	
29.812635339562984	1.4545004022310599	0.0091335008989469335	-1	
30.724972748002592	2.1484993913190595	0.0067886667206066868	-1	
29.883428768693001	2.0976902809969995	0.0088722568957114133	-1	
30.154083527476612	1.8874416402228213	0.0083342482900002658	-1	
30.908402256985614	2.7818065529698885	0.0065320220381046186	-1	
30.928345266651327	2.5505365797388424	0.0066151889626873822	-1	
30.946557839189317	2.3191239042987011	0.0066854544822064687	-1	
29.791942580517723	2.0740196189957216	0.0091250928904547581	-1	
29.789677010801061	2.0328215538129886	0.0091914648311831638	-1	
29.792571664701114	2.0258332411090993	0.0091935305478449657	-1	
29.794982671170555	2.0186636816070962	0.0091918060368010607	-1	
29.797024603413789	1.9247921251179041	0.0091745976247249832	-1	
29.814323493115147	1.9611502839837396	0.0091681090739325274	-1	
29.79178817979043	1.8848703620224441	0.0091728780715744571	-1	
28.082319313335297	1.0253976013284665	0.0095395029988570822	-1	
28.188067923171392	0.94207973609347406	0.009521439850791371	-1	
28.221843682144161	0.92016249614802936	0.0095161660067764227	-1	
28.305183032731264	0.87308965927483506	0.0095033648752854433	-1	
28.266917845370404	0.89182758423139741	0.0095090739999746238	-1	
28.415288097048411	0.80353089525374677	0.0094855202847329671	-1	
28.326315223209502	0.83881725307677879	0.0094983934410963148	-1	
28.374827833255207	0.81688385182613343	0.0094912733688725104	-1	
28.533839220666863	0.74961264297098484	0.0094678409430541781	-1	
28.491937578602027	0.75733189084300934	0.0094734920062869345	-1	
28.440890219872614	0.77245520366196674	0.0094805591753823193	-1	
28.658628020460952	0.71233929744934055	0.0094500226402951543	-1	
28.5634343567299	0.72231254732237327	0.0094628947778463163	-1	
28.616065548435195	0.71428104163852335	0.009455790591200856	-1	
28.787329917199983	0.69240519059199346	0.0094320372400084375	-1	
28.744899473535856	0.68853326007801396	0.0094378096249141934	-1	
28.691664868374115	0.68932334687206298	0.0094449937474832303	-1	
30.147826086956524	0	0.007348189807316813	-1	
29.856312764395415	0.57738530107131747	0.0083807065188821594	-1	
29.583253571022382	0.5314452887354415	0.0087295897309971129	-1	
28.807257543771023	0.59694460490346557	0.009378038930425138	-1	
28.950288005716818	0.59832367458551583	0.0093541290531889022	-1	
29.087337932064525	0.6223916015294304	0.0093438219531117115	-1	
29.259684027512378	0.61028202608514137	0.0091979285221630916	-1	
28.776216761069247	0.62495278275630184	0.0094086387776943815	-1	
28.715988125856249	0.65723680068100654	0.0094410581320657824	-1	
28.648815132207492	0.64468549647597939	0.0094253250117549651	-1	
28.284542569058367	0.83210473033519394	0.0095024734201106815	-1	
28.383276702371791	0.75409160531024311	0.0094715672097686089	-1	
28.387140380720876	0.76728866565395093	0.0094864529139238735	-1	
28.400420660205157	0.76011715937981472	0.0094846425060914497	-1	
28.508857964293014	0.69627494889593111	0.0094539144015962483	-1	
28.510888656648543	0.70987519524141673	0.0094687406033623824	-1	
28.525021762871372	0.7045788159201547	0.0094669484965425529	-1	
28.641142255929768	0.65609677956455026	0.0094364306172231485	-1	
28.641302134335362	0.66984686505505453	0.0094509430488303285	-1	
28.173760880261256	0.92407362704071883	0.0095211515250706296	-1	
28.278147701550218	0.83614468147371901	0.0095033780753796763	-1	
28.289869656357656	0.85593122274662936	0.0095036709380970953	-1	
4.8546828984152075	30.651261503136126	0.0038458478661621081	-1	
4.6252783270006539	30.686716640520178	0.004048293144027511	-1	
4.3956149718304847	30.720454859868529	0.0042495530039487811	-1	
4.1657056825412768	30.752474273531938	0.0044464844307532288	-1	
2.2984072557711968	29.981257320972432	0.0076300130940280741	-1	
3.9355633225295947	30.782773090028137	0.0046417727950703071	-1	
3.7052007682322796	30.811349614142056	0.0048353069647623127	-1	
3.4746309084060147	30.838202247020664	0.0050292702490498057	-1	
3.2438666434062045	30.863329486262455	0.0052196955955090005	-1	
3.0129208844651969	30.886729926001468	0.0054041534368972329	-1	
2.6843968766278827	30.682796701225854	0.0056903690226833108	-1	
1.5989589113981588	29.5741135049348	0.00850666209374089	-1	
2.1702765472835979	29.732741288289635	0.0082868428617694657	-1	
2.1015490505482934	29.761209149545344	0.0083397466207543354	-1	
2.0229385872090444	29.785583351997225	0.0084025565434739172	-1	
2.1402845294816748	29.823602847409632	0.0081587767852511241	-1	
1.8966930049368274	29.672290770356653	0.0084616160636452054	-1	
1.7506161331656667	29.716665075452902	0.0084434648971161569	-1	
0.89031229090412733	28.511466527235278	0.0086889716227358717	-1	
0.8218512334606406	28.727826553214889	0.0086637771877951953	-1	
0.95308024305697514	28.304447104893942	0.0087100648648599319	-1	
0.88267623359435521	28.403666973929802	0.0086979355124855526	-1	
1.2604663763789199	27.944812599678546	0.008762544409791892	-1	
1.2536918932129073	27.948177404796503	0.0087616240097863098	-1	
1.1478661764716662	28.026407925837063	0.0087451081994690486	-1	
1.1213637845717677	28.059768945291275	0.0087406041644487106	-1	
0.95699318687077595	28.205575076736871	0.0087177452242277933	-1	
0.97199486737479746	28.168210429233266	0.0087213502842389684	-1	
1.0377882569842207	28.101694118946522	0.0087306868806482345	-1	
0.86822487514768076	29.175067405985175	0.0086125113422095712	-1	
0.75977009903181347	28.98789257172141	0.0086362800391831356	-1	
0.78422906974030093	29.107069187346248	0.0086224464671853553	-1	
0.75176682089666269	28.866495477444001	0.0086489659260962689	-1	
1.140226583364162	29.533103669172711	0.0085396197184620364	-1	
0.95030767840105612	29.429529219709494	0.0085740408535791967	-1	
1.0331281542877973	29.518647544053035	0.0085528803031134065	-1	
0.88039354049491925	29.329963561570004	0.0085921629275473119	-1	
1.2634710178900621	29.59493418363029	0.0085152336214981712	-1	
1.0073914922757106	28.068012270425164	0.0087132523971338912	-1	
0.97473561418459265	28.128040096798276	0.0087242328051926384	-1	
0.91168297138496457	28.154386074650031	0.0087058050800510236	-1	
0.8758716012752954	28.160852139153008	0.0086942451916246638	-1	
0.82123123069641812	28.260640547984742	0.0086999189648228389	-1	
0.78663387195665968	28.27192270148138	0.0086939097758128147	-1	
0.88010915425721892	28.225954290905737	0.0087115146802581034	-1	
0.44786860187087169	28.665234646498501	0.0087212451023786254	-1	
0.32390706232251698	28.79069491628907	0.0087456454218401303	-1	
0.74609027798722005	28.378221871855413	0.0086926154376360115	-1	
0.70803417906795985	28.395534339975885	0.0086901526653844399	-1	
0.79969669799457321	28.335841474889619	0.0086992875394140187	-1	
0.67196318577394087	28.474844343620191	0.0086864871240936031	-1	
0.62737993676557879	28.610755891273332	0.0086826969809974761	-1	
1.127663931179492	27.996724851479222	0.0087315259249733275	-1	
1.0818133658683839	28.043922848742692	0.0087380760655841362	-1	
1.1319759193818479	28.009782307963679	0.0087446431823810233	-1	
1.0210856131261128	28.069261856850844	0.0087209966757321126	-1	
1.0316508123549202	28.078063389521706	0.0087316545408545592	-1	
1.1450036135743142	28.00216157903213	0.0087462341168508453	-1	
0	29.495652173913047	0.0082853307618923813	-1	
0.32167507563445957	29.086003848335054	0.0086179339424186114	-1	
20.418031794995883	23.370317828312228	-0.0073115569153783073	-1	
20.59226854028369	23.216938948591689	-0.0073194525355248412	-1	
20.609222675852877	22.888860624703788	-0.0073791542173260892	-1	
20.049948004488058	22.486081135218225	-0.0090808926177000007	-1	
20.224373847868861	22.469878462226383	-0.0087969388820490144	-1	
19.756173435943108	22.493546688786015	-0.0095395717431607414	-1	
19.716654301147166	22.523797222878247	-0.0095291811918513554	-1	
19.876529304793742	22.416254517702409	-0.0095103975490928878	-1	
19.639236033989853	22.521415375599364	-0.0096410782448084504	-1	
19.666894612615277	22.522886055991894	-0.009599862154805492	-1	
19.773151622562132	22.384053529824985	-0.0096709059931452124	-1	
19.820887120172387	22.360476640891726	-0.0096571683571684934	-1	
19.93752222026313	22.238247398379382	-0.0096484593881878706	-1	
19.922520539759105	22.275612045882987	-0.0096427928442704841	-1	
19.878440039111744	22.305469321152948	-0.0096501898053759933	-1	
20.021425747859062	22.138639442384981	-0.0096476014055152139	-1	
20.011651612662025	22.177698802110449	-0.0096394155857893408	-1	
19.972047245301109	22.213280279170995	-0.0096432456985561035	-1	
19.959761758755686	20.935826018717613	-0.0098872198339307396	-1	
20.040215646270624	21.038240465082161	-0.0098696228340217542	-1	
19.996015549759722	20.953342580562008	-0.0098823877787576255	-1	
20.022795061083194	20.999357851909082	-0.0098753962550518735	-1	
20.105974749955173	21.150656154036273	-0.0098503524383791712	-1	
20.073746595978829	21.060530433962342	-0.0098643175079658856	-1	
20.094010936182151	21.10976359291028	-0.0098566741552800624	-1	
19.866111791110129	20.845320602302841	-0.0099034792511438034	-1	
19.904413083878403	20.8577374567069	-0.0098989807076494754	-1	
19.937208914694882	20.899677663012149	-0.0098925118075779053	-1	
20.155814102128666	21.270978993993417	-0.009828195711665131	-1	
20.182087871630827	21.301488932327683	-0.0098209633874323677	-1	
20.188317807811266	21.354363645745881	-0.0098107840837867635	-1	
20.149529922984211	21.228838235956566	-0.0098355525760156579	-1	
20.136158240217458	21.177304310006246	-0.009844333325025394	-1	
20.144902764162918	21.909983254449394	-0.0096762945808955333	-1	
20.188772453902718	21.824914166939873	-0.0096894342650667414	-1	
20.166622579809562	21.873328322943312	-0.0096809516609525966	-1	
20.090984511880151	22.028534378067846	-0.0096579550820061078	-1	
20.146029169550214	21.950231217278787	-0.0096647181977016477	-1	
20.117493207187831	21.995178367087455	-0.0096597938211800492	-1	
20.086619995635452	22.068560848046634	-0.0096476035695554178	-1	
20.052229515990561	22.10920371130284	-0.0096462362000013374	-1	
20.227079977873291	21.522880842091208	-0.0097737948744826084	-1	
20.225106760935329	21.656227254290847	-0.0097371156828499374	-1	
20.249924915909027	21.531494111265566	-0.0097705990114714536	-1	
20.248888952338326	21.592163585296209	-0.0097547240923915122	-1	
20.24785298876763	21.652833059326852	-0.0097349681873851891	-1	
20.210877482043969	21.390507739232287	-0.0098020159680061811	-1	
20.23468248109528	21.395930065291608	-0.0097990929447666093	-1	
20.241917325526366	21.456175524255194	-0.0097871958043309389	-1	
20.249152169957458	21.516420983218776	-0.0097737711448688137	-1	
20.204994588528191	21.788062984473008	-0.00969633919036853	-1	
20.246566079984174	21.667871017672439	-0.0097312234767424864	-1	
20.237278606452897	21.727834349260007	-0.0097124354469110465	-1	
20.227991132921616	21.787797680847575	-0.0096900238392169241	-1	
19.643094309096728	22.508719001787838	-0.0096705961401201881	-1	
19.675087744786385	22.496427929496953	-0.0096521736907051667	-1	
19.749511793559588	22.44166089608413	-0.0096629284478373951	-1	
19.746649230662236	22.417414549279194	-0.0096723434455152444	-1	
19.729381724638706	22.469334853513526	-0.0096322434617742633	-1	
23.82257510911041	19.888506554002031	-0.0048837548876918425	-1	
23.673144380125802	20.066140957730436	-0.0050996494902886087	-1	
23.245055070861412	20.206618092907657	-0.0054916003275442011	-1	
22.605099677323388	19.648654705788495	-0.0075282847521883477	-1	
22.555369629586259	19.918514636774123	-0.0073767418694917477	-1	
22.419661601933633	19.742807877022791	-0.0078558142321048883	-1	
22.393051540295403	19.773024956971437	-0.0078639557997962559	-1	
22.27238086077897	19.800062876257275	-0.0079142761868926485	-1	
22.468652983201942	19.695167653740292	-0.0078418661591951912	-1	
22.499009875437714	19.634049030754984	-0.0078446811535303803	-1	
22.495645070319753	19.640823513920996	-0.0078455872042167592	-1	
22.501904529337768	19.627060718051094	-0.0078400619472404984	-1	
22.238247398379382	19.93752222026313	-0.0079102165191723157	-1	
22.138639442384981	20.021425747859062	-0.0079403521164336972	-1	
22.273604701267882	19.913748379010794	-0.0078974812763562621	-1	
22.062174207179492	19.99792887809846	-0.0079646724002449022	-1	
22.532637960310133	19.599531286498518	-0.0077601494561321963	-1	
21.842692937182619	20.101647148507666	-0.0080144091735739453	-1	
21.962315961272651	20.062513757274555	-0.0079889055670489331	-1	
20.706527389328162	19.646415023112262	-0.0081615045289304047	-1	
20.768410160502828	19.76101026503866	-0.0081508088502172654	-1	
20.845320602302841	19.866111791110129	-0.0081398263020904145	-1	
21.033054448831837	19.968322894020343	-0.008121975302706393	-1	
20.935826018717613	19.959761758755686	-0.0081290082821758973	-1	
20.897970979940741	19.946044494443342	-0.0081320753310820792	-1	
20.866626153564791	19.9030090522668	-0.0081364072651303396	-1	
21.038240465082161	20.040215646270624	-0.0081176291141063384	-1	
21.150656154036273	20.105974749955173	-0.0081055086595206403	-1	
21.082380930086373	20.093724475297378	-0.0081115667762553315	-1	
21.246079232698925	20.079794124681605	-0.0080982331809106266	-1	
21.363568774541577	20.124930559625547	-0.0080850560285711717	-1	
21.65649255791628	20.202110216541904	-0.0080469556972729128	-1	
21.5262750370552	20.204333750040995	-0.0080645298448105106	-1	
21.620629412121488	20.220413278436439	-0.0080520482891783176	-1	
21.567783053473718	20.213947228518627	-0.0080591582177236745	-1	
21.785194454655301	20.182176109684562	-0.0080260705749498288	-1	
21.752157606742138	20.205192060261833	-0.008032016079668124	-1	
21.6989230015804	20.205982147055892	-0.0080405229985999419	-1	
21.396967598104723	20.188805289959799	-0.008079602923113641	-1	
21.436779971467924	20.203981235486463	-0.0080749389782482136	-1	
21.488253655929281	20.217582971840422	-0.0080688606718158969	-1	
20.686612238650543	19.657917119162107	-0.0081613243688600633	-1	
20.803428290946002	19.907512359082578	-0.0081582994584938149	-1	
20.815563234140086	19.90104447180952	-0.008139317236153517	-1	
21.004292664367263	20.099552619471499	-0.0081477854220127106	-1	
21.060392572378415	20.131313740390883	-0.0081393589078082654	-1	
20.899961271220899	20.006481055264278	-0.0081475647916137966	-1	
20.925181075482932	20.029611750618034	-0.0081478200374438571	-1	
20.972896855609832	20.06709591562883	-0.0081421450186596987	-1	
21.001341030310812	20.086122121770462	-0.0081359681931728496	-1	
20.89989775340446	19.988309138537506	-0.0081295663236769528	-1	
21.115572624066782	20.164647362705061	-0.0081333824761696486	-1	
21.132569180154849	20.196824704118477	-0.0081480651125787149	-1	
21.244211486987172	20.218717441711622	-0.0081042745505868728	-1	
21.267738349891733	20.253278618474628	-0.0081075484257451206	-1	
21.193339033969139	20.17309135447076	-0.0080992912214727861	-1	
21.352023984192154	20.275349528873942	-0.0080846698900230735	-1	
21.563214300046692	20.487240144713645	-0.0078330663979410426	-1	
21.493534469399435	20.296191732548358	-0.0080281004290409519	-1	
20.486112830561581	21.629233568081631	-0.0092570592614574874	-1	
20.340823057979627	21.486946335439924	-0.0095858106527376748	-1	
20.387497836412866	21.914483309987602	-0.0092142680187298834	-1	
21.395477810137155	22.155665850430498	-0.0069376432145675159	-1	
21.778888860545706	21.778888860545702	-0.0066552010335084767	-1	
20.521872744579465	22.214346123832883	-0.0086130791981497094	-1	
21.72694364513735	20.499191606409337	-0.0077105610670898305	-1	
22.155665850430495	21.395477810137155	-0.0063606395560554269	-1	
21.999838942422684	20.497679554443454	-0.0074019930988084596	-1	
20.78757831805774	19.827674777116311	-0.0081453254390812819	-1	
20.750246702489996	19.775117009279217	-0.0081506239100483172	-1	
20.810306708018135	19.895605311141026	-0.0081398661159473688	-1	
20.82924718781101	19.882560401587188	-0.0081396629764819758	-1	
19.988309138537506	20.89989775340446	-0.0098879741331247498	-1	
19.90104447180952	20.815563234140086	-0.0099026125856512253	-1	
19.895605311141026	20.810306708018135	-0.0099034169804754352	-1	
19.87915670066397	20.826380122509963	-0.0099037028728041886	-1	
20.081881370257928	21.019011305312826	-0.0098685225104575159	-1	
20.14315684543034	21.123762197151958	-0.0098511440974809617	-1	
19.993748299206	20.90515427952641	-0.0098871181050043562	-1	
19.998421035690598	20.911102478362526	-0.0098862597577672913	-1	
20.035905200701389	20.958818258489423	-0.0098785117486720614	-1	
20.073389365712181	21.006534038616323	-0.0098703982764459797	-1	
20.078062102196778	21.012482237452438	-0.0098694591811433197	-1	
20.16063776128901	21.128726084014087	-0.0098285026248736678	-1	
20.176106485954392	21.159251256442587	-0.0098193880944688859	-1	
20.218717441711622	21.244211486987172	-0.0097889620822894027	-1	
20.17309135447076	21.193339033969139	-0.0098394089951008464	-1	
20.256754673179447	21.389470206419176	-0.0097522577324932139	-1	
20.272123805604505	21.35648454305171	-0.0097128772833183479	-1	
20.212954123374487	21.256696460909669	-0.0098042750874843959	-1	
20.216493594233704	21.322403366414861	-0.0098147593131428772	-1	
20.201122713263729	21.263704181430047	-0.0098264959385141702	-1	
29.809645639125399	1.8461864436384527	0.0091584013898521506	-1	
29.826728355144908	1.7957609715309468	0.0091426238371012641	-1	
29.822772699103687	1.6268583750926451	0.0091284581859258154	-1	
29.838585704716554	1.6638869607326663	0.0091213562599141741	-1	
29.828528365601858	1.7161688634696737	0.0091321537477544457	-1	
28.917547438061053	0.6901816570929078	0.0094136299015787593	-1	
29.007042503648325	0.69053417164744113	0.009400498079362626	-1	
28.955568819186976	0.6769324352934839	0.0094082622537145204	-1	
28.876039421642545	0.6805681786152693	0.0094196035276816331	-1	
28.823193062994772	0.67410212869745612	0.0094269428033692884	-1	
29.598501872813419	1.0284036160237704	0.0092494002978000221	-1	
29.634136493800142	1.0471477107777309	0.0092348726342801838	-1	
29.659329380818196	1.0940504384976082	0.0092199635398845584	-1	
29.545851495175519	0.94847091269055883	0.009275682133467307	-1	
29.577196321551469	0.99150635486709993	0.0092608579360520596	-1	
29.178030484357713	0.71629580484358268	0.0093726615393075769	-1	
29.194423984894215	0.69820346558392921	0.0093709774673159957	-1	
29.250483441147122	0.72142405266314358	0.0093599349316709456	-1	
29.301355894165148	0.76705013990400717	0.0093472897615250947	-1	
29.306542897400021	0.74464463974235795	0.0093478898423993463	-1	
29.36144154502988	0.8007909318365305	0.0093326191032043586	-1	
29.04894268634003	0.68280700620069334	0.0093943762228208827	-1	
29.121419108701396	0.67802181290020058	0.0093834707895912133	-1	
29.062719923716582	0.66265093193022562	0.0093929669548885736	-1	
29.18011829368621	0.69339269387017544	0.0093733578720754992	-1	
29.416621596718262	0.83412455415069497	0.009318757016988052	-1	
29.521680410069571	0.9162695781558825	0.0092861921293684018	-1	
29.437288436499934	0.82112604142172063	0.0093160635100129688	-1	
29.485004216626834	0.8586102064325144	0.0093020513912312284	-1	
29.53271999675373	0.89609437144330639	0.0092860342962066567	-1	
29.829531159129722	1.5847910764686957	0.0091233966159748724	-1	
29.832375772141109	1.5316266560290452	0.0091216751213778254	-1	
29.75721023646571	1.2365982879717947	0.009166342070303762	-1	
29.804293289163319	1.3613714636958785	0.0091408462045360333	-1	
29.781622203994129	1.236230264714433	0.0091544997791691545	-1	
29.802915321917535	1.2930498161802324	0.0091442151232620002	-1	
29.824208439840945	1.3498693676460318	0.0091317455690221698	-1	
29.693575772626257	1.1193983978546829	0.0092036074240861923	-1	
29.717710253278007	1.1157097065696089	0.0091939691265164585	-1	
29.746541973878273	1.1691006251504235	0.0091770491755965404	-1	
29.775373694478535	1.2224915437312369	0.0091580246428951718	-1	
29.833947862531893	1.4913936368431069	0.0091208859503629225	-1	
29.828527994802567	1.3643309640431833	0.0091295036379604108	-1	
29.841885859550334	1.4235207076568805	0.0091204861158579037	-1	
29.855243724298095	1.4827104512705771	0.0091089270333626782	-1	
30.963038955608379	2.0875814741602983	0.0067280703759399728	-1	
30.977787693792074	1.855922244094228	0.0067398872761607791	-1	
30.757789670440879	1.6119474522826704	0.0068081262979561635	-1	
29.812082510962714	2.0380085570478577	0.0091222519067101354	-1	
29.835303632881768	2.0180902309416839	0.0090736956162296972	-1	
29.874917701702916	1.9845952474090605	0.0089878540816503254	-1	
30.421558439860885	1.4545209412081039	0.0076376315193285799	-1	
29.905514236143777	1.7958569203981458	0.008994315419758701	-1	
29.889246633227422	1.8814522376218967	0.0090129604865413441	-1	
30.055275709645784	1.3939279684091213	0.008570398827030706	-1	
29.916650834803907	1.653254006515249	0.0089657636414465971	-1	
29.805833031435849	2.0263026525375007	0.0091527325359079918	-1	
29.833664315059742	1.9036368863603828	0.0091490068025689673	-1	
29.814495421178684	1.8885162677518952	0.009159659880993808	-1	
29.856371556447989	1.9072827920898339	0.0090855507536688335	-1	
28.402453757094488	0.7844471021821553	0.0094858395173792447	-1	
28.523722996602462	0.72895898831300676	0.009468138672310087	-1	
28.651418358399763	0.69050051971303261	0.0094503299516605389	-1	
28.783161119505003	0.66978810488603402	0.0094323316816062909	-1	
28.775951457443814	0.64794932714972608	0.0094329450922951627	-1	
28.656024794268681	0.66652427421228744	0.0094491187035477386	-1	
30.800000000000001	0	0.0062796785404583078	-1	
30.611749526326854	0.092110732853365268	0.0066089881033168704	-1	
29.612067283508125	0.70783051135168118	0.0089151724669037022	-1	
29.721322716885904	0.81914860451568272	0.0088648654559674734	-1	
30.048512854564827	0.84899137131124625	0.0082374985785841747	-1	
29.401811441529873	0.67043411595096769	0.0091331000403424741	-1	
29.456716506198752	0.72178054997556251	0.0091494576388000473	-1	
28.821053878910849	0.63031629797692634	0.0094107476779570383	-1	
28.915722558814682	0.62184426339257726	0.0093872869459252599	-1	
28.786982202118285	0.63350823079368568	0.0094174367145597893	-1	
28.851658889820051	0.64562645479557323	0.0094229188391266733	-1	
28.959411729426165	0.63326314263463057	0.009390383914805997	-1	
29.054352268697084	0.6377607339544541	0.0093693616560621834	-1	
28.925222763274085	0.63178591955894903	0.0093975138802056355	-1	
28.987646950861063	0.65259808160753174	0.0094040013183660769	-1	
29.06241026573284	0.64890340400576652	0.0093789115525589172	-1	
29.178391258124545	0.64623468959189778	0.0093068944918182992	-1	
29.199610988129088	0.67579796542227988	0.0093351308017101866	-1	
29.311253294961407	0.69769070301545122	0.0092695243883734527	-1	
28.393535248229025	0.76324871451542597	0.0094855493658765593	-1	
28.517774068624675	0.70674364010580559	0.0094678466170738003	-1	
28.648549828582066	0.66768204086940375	0.0094500329950730991	-1	
1.8351918452072853	30.176210715577749	0.0075487319388530755	-1	
2.0976902809969995	29.883428768693001	0.0080650539610709355	-1	
2.1484993913190693	30.724972748002674	0.0060174246234977217	-1	
2.7818065529699059	30.908402256985958	0.0055828781392324054	-1	
2.5505365797388571	30.928345266651675	0.0057362579374069175	-1	
1.4465652230764643	29.678463063861475	0.0084785961843162581	-1	
1.6633679780383865	29.747215032435328	0.0084348313144551757	-1	
1.5801281485844778	29.757847195531646	0.0084369661947138862	-1	
2.0740196189957216	29.791942580517723	0.0083180742823195132	-1	
2.0328215538129886	29.789677010801061	0.008390998356687546	-1	
2.0258332411090993	29.792571664701114	0.0083942182977110886	-1	
2.0186636816070962	29.794982671170555	0.0083936880795002812	-1	
1.9273417277766582	29.788394437547456	0.0083971539903200422	-1	
1.9611502839837396	29.814323493115147	0.0083790037889648859	-1	
1.8848703620224443	29.79178817979043	0.0083978598429853279	-1	
1.823670680309093	29.743633576185953	0.0084271361167625337	-1	
1.7217067166192934	29.835621490378053	0.0083912319833391261	-1	
1.761862607943655	29.838566264216446	0.0083864972018029213	-1	
0.81823341089158563	28.511779012130692	0.0086857102132530985	-1	
0.78541437045587714	28.626084683375222	0.008673441808809702	-1	
0.75252954125971194	28.747574099418713	0.0086608386514823547	-1	
0.87308965927483506	28.305183032731264	0.0087053771313629815	-1	
0.88286379447187346	28.266123673005801	0.0087088127391811154	-1	
0.92246816183279368	28.230542195945258	0.0087137471718870367	-1	
0.80353089525374677	28.415288097048411	0.0086932734885815204	-1	
0.80789541149844435	28.375261627069623	0.00869664212767398	-1	
0.84228589114334362	28.33461876381341	0.00870147421451045	-1	
1.1382291304083016	28.005526384150087	0.0087454306857920674	-1	
0.93898707781801982	28.191268033826731	0.0087175571549462129	-1	
0.92968908043772058	28.168693117560171	0.0087184182331951042	-1	
1.0253976013284665	28.082319313335297	0.0087309498076396114	-1	
1.0197821479314648	28.087387076036386	0.008730255395697363	-1	
0.81925558423529499	29.227958531310794	0.0086077719980836576	-1	
0.6901816570929078	28.917547438061053	0.0086438421199058063	-1	
0.70571011717410259	29.046854877011533	0.0086306623721339511	-1	
0.68383549904603103	29.013051498737106	0.0086344030830235174	-1	
0.68486336137544102	28.95982095371922	0.0086396926306129915	-1	
0.73870130500523401	29.172843481122843	0.0086166293160478743	-1	
0.70619759932263881	29.089458829370376	0.0086262072442739313	-1	
0.71242753550308213	29.14233354278857	0.0086205838206695421	-1	
0.69240519059199346	28.787329917199983	0.0086563557954938159	-1	
0.68138018679514301	28.828485520545328	0.0086523776688092191	-1	
0.67311367308628056	28.881080312825265	0.0086473653197125903	-1	
1.1258676508002521	29.603738530581936	0.0085287571424474511	-1	
0.85429976086327353	29.405582010034099	0.0085843761757546135	-1	
0.93475364837821762	29.507996456398651	0.0085645569237438775	-1	
0.89849985737418336	29.490479894554245	0.0085702368788184487	-1	
0.87172034605070503	29.444464623207178	0.0085782888867082865	-1	
1.0284036160237704	29.598501872813419	0.0085414800142769448	-1	
0.957306492439019	29.544144812104111	0.0085573675906785007	-1	
0.9901023232554973	29.586085018409353	0.0085479009624703384	-1	
0.78854065717872857	29.29316632107998	0.0086015068941177469	-1	
0.80050447095176946	29.33405888220598	0.0085961948326632835	-1	
0.82076881115507394	29.383292041153918	0.008589288895462106	-1	
1.1335051420952409	29.675412314613432	0.0085140527910140592	-1	
1.2481003840216414	29.737295085788091	0.0084827039990713164	-1	
1.1794467250233478	29.727382944710268	0.0084957039402763414	-1	
1.3425739975514994	29.70787187339053	0.0084784898330120782	-1	
0.91152558896319569	28.168136188935886	0.0087104630180839925	-1	
0.91920053654510947	28.1795460790193	0.0087171327487402545	-1	
0.82294762113001074	28.27428402320113	0.0087018130136745173	-1	
0.84101777196932848	28.272362502792177	0.0087059992690273046	-1	
0.83210473033519394	28.284542569058367	0.0087047586277185715	-1	
0.55183189392069343	28.807707017466644	0.008675011657921429	-1	
0.60171855856177059	28.751472303060641	0.0086711710770078967	-1	
0.53398477027338831	28.880731003874224	0.0086667263605995706	-1	
0.74964846816993813	28.3915045558735	0.0086923343098986462	-1	
0.76728866565395093	28.387140380720876	0.0086938719431155758	-1	
0.73314659814971295	28.421483813375968	0.0086896164127522255	-1	
0.70802561608051906	28.476717811597663	0.0086854738351950615	-1	
0.68392516126217673	28.514905538806971	0.0086827785023523146	-1	
0.69627494889593111	28.508857964293014	0.0086826306572818212	-1	
0.663361583506904	28.607701409375849	0.0086758869700629491	-1	
0.64468549647597939	28.648815132207492	0.0086740047765088736	-1	
0.65609677956455026	28.641142255929768	0.0086724619867164562	-1	
0.68721284048760412	28.583161948603369	0.0086748362139511537	-1	
0	30.147826086956524	0.0073481898074959666	-1	
0.4754371053648368	29.487507154665007	0.0083227332315985534	-1	
0.51616510762194712	29.315903039285129	0.0084768022168661243	-1	
0.61334931860231501	29.039760112544755	0.0086286965433867262	-1	
0.64123678865924927	29.176084125224538	0.008591023190543676	-1	
20.765353150670034	23.062261083981969	-0.0073077478489913666	-1	
20.937275942092175	22.906292888690636	-0.0072608467045852327	-1	
21.005549489924995	22.525694009870495	-0.0072225810874625741	-1	
20.059520673265382	22.311166111667745	-0.0093813839149506709	-1	
19.985239556649265	22.323293794710803	-0.0095004107308560449	-1	
20.119927245850199	22.266268328088987	-0.0093339175929808074	-1	
20.202774888584102	22.135918568910171	-0.0093692906158306614	-1	
19.772176533815419	22.454921708839557	-0.0095972129601995821	-1	
19.758780112741938	22.451819078580762	-0.0096259612824140754	-1	
19.846690288456724	22.395916330322105	-0.0096011266598245264	-1	
19.887123914858194	22.375810204691099	-0.0095724501156084253	-1	
19.873429794007791	22.374560618265413	-0.0096000249652981092	-1	
19.812702041265517	22.399899626373564	-0.0096485800942869085	-1	
19.762539487752054	22.434040167152578	-0.0096587133172506279	-1	
19.856727150149684	22.342128356169731	-0.0096473569008202319	-1	
19.862864594778983	22.365759085594547	-0.0096366417309623007	-1	
19.955528329315886	22.252554441289519	-0.0096374819631604366	-1	
19.964826326696183	22.275129357556089	-0.0096272725075718744	-1	
19.919779792949313	22.31578237831798	-0.0096316178070004303	-1	
19.87473325920244	22.356435399079871	-0.0096342893919519595	-1	
20.04121228913198	22.150361397192423	-0.0096367266604133906	-1	
20.053497635164572	22.17145997232408	-0.0096253482822699771	-1	
20.014406252876682	22.21786818421052	-0.0096270648573662052	-1	
19.975314870588797	22.26427639609696	-0.0096266263708457214	-1	
19.975264228983665	20.918838233197338	-0.0098874355172457375	-1	
20.057886895484202	21.023521824136598	-0.0098698324509112964	-1	
20.12548559621677	21.138480838097518	-0.009850532832057857	-1	
20.176801095288379	21.261573806160801	-0.0098283004313460196	-1	
20.231864475203675	21.381102551399675	-0.0098019377172912127	-1	
20.196311941549975	21.249398490222042	-0.0098289292075299534	-1	
20.149870767391544	21.137279577716235	-0.0098490560957035268	-1	
20.167118112370119	21.915932182427181	-0.0096685134536101808	-1	
20.224668542078849	21.802520340780895	-0.0096864428799232193	-1	
20.207302566646298	21.860660526512888	-0.0096743384763799834	-1	
20.189936591213748	21.918800712244881	-0.0096613762281242879	-1	
20.112182899546884	22.037452886933313	-0.0096487470083273467	-1	
20.184640211892486	21.932933818467717	-0.0096588725814390486	-1	
20.159519229823285	21.988167816689408	-0.0096506540232435961	-1	
20.134398247754081	22.043401814911096	-0.0096400588534480188	-1	
20.127226741479948	22.056682094395381	-0.0096383788129985656	-1	
20.094818709139329	22.107981000226637	-0.0096336231240020369	-1	
20.062410676798709	22.15927990605789	-0.0096260959167696405	-1	
20.25005405803536	21.523931118606594	-0.0097721266091544464	-1	
20.247723846641293	21.660396051985824	-0.0097328906961579049	-1	
20.26523507272768	21.562099122174764	-0.0097309210984740796	-1	
20.263208245607942	21.52793833227771	-0.0097440310712894069	-1	
20.27047007447359	21.657001857021829	-0.0096820062264325168	-1	
20.299058333048603	21.549450176640061	-0.0096668113761185503	-1	
20.260209866543171	21.666157103895909	-0.0097018769888765673	-1	
20.233780593017372	21.38841992990379	-0.0098004007612501366	-1	
20.245612003128137	21.381412209383413	-0.0097738225989690893	-1	
20.272126250119531	21.517471259734162	-0.009726134472328448	-1	
20.226833366264501	21.795272646534194	-0.0096878209477617907	-1	
20.257566255394963	21.700275704609606	-0.00968689218493223	-1	
20.249829910657926	21.795007342908761	-0.0096323399947695152	-1	
20.292796848572141	21.692350172055608	-0.0096165730181744305	-1	
20.238418627569356	21.802680219186492	-0.0096538703768820691	-1	
19.7562862767256	22.438296090966169	-0.0096602317524148336	-1	
23.522389141614017	20.242652663331146	-0.0052989756034394261	-1	
23.370317828312189	20.418031794995876	-0.0054780894274240105	-1	
23.21693894859165	20.592268540283687	-0.0056303819418558297	-1	
22.888860624703778	20.609222675852862	-0.00580736670624826	-1	
22.521415375599364	19.639236033989853	-0.007770609483426871	-1	
22.522886055991894	19.666894612615277	-0.007734247036221718	-1	
22.531270322315173	19.740787221998691	-0.0076250429898407236	-1	
22.416254517702409	19.876529304793742	-0.007732695212456538	-1	
22.465276614613362	19.804501343211257	-0.0077173844666539697	-1	
22.35319294040692	20.238652597908644	-0.0073340583799521497	-1	
22.418226592608267	19.966551808468676	-0.0075929457334522913	-1	
22.438296090966169	19.7562862767256	-0.0078424506509629736	-1	
22.44166089608413	19.749511793559588	-0.007842034238759267	-1	
22.434040167152578	19.762539487752054	-0.0078440392741610417	-1	
22.399899626373564	19.812702041265517	-0.007854690433356246	-1	
22.344877543907575	19.853227548715619	-0.0078733026721446026	-1	
22.31440077129735	19.879539782225486	-0.0078836119552678531	-1	
22.460295385116662	19.762990193262397	-0.0077785686494481034	-1	
22.496427929496953	19.675087744786385	-0.007795957767726831	-1	
22.508719001787838	19.643094309096728	-0.0078046514549165091	-1	
22.203840462766877	19.997752928513627	-0.0079188301554757676	-1	
22.255754551944865	19.95243567104043	-0.0079011054822148014	-1	
22.117507251906751	20.055698154057126	-0.0079471680886081999	-1	
22.153952818758597	20.038584184387272	-0.0079357178387671756	-1	
22.275129357556089	19.964826326696183	-0.0078910675627203285	-1	
22.31578237831798	19.919779792949313	-0.0078777272993254058	-1	
22.028534378067846	20.090984511880151	-0.0079723343377888882	-1	
22.06899464186105	20.077631555307775	-0.0079614396340452198	-1	
21.909983254449394	20.144902764162918	-0.0080013890558834171	-1	
21.880388118386364	20.172202859811534	-0.0080081996240641985	-1	
21.827756926681058	20.180234365495384	-0.0080184519795873689	-1	
22.002932255243632	20.122060203471925	-0.0079795321719200903	-1	
21.951884896514226	20.137183516290886	-0.0079921428071357079	-1	
20.998870176263068	20.031780739079984	-0.0081208503584472326	-1	
20.961957305337908	19.993414251308348	-0.0081254023728831136	-1	
20.922142065046685	19.978245828978022	-0.0081288100154182173	-1	
21.027200878397998	20.060390852983208	-0.0081174174944659248	-1	
21.142466580951105	20.127465267229894	-0.0081052786941389673	-1	
21.184897755495708	20.131329180040137	-0.0081015573200068983	-1	
21.123762197151958	20.14315684543034	-0.0081061044875566611	-1	
21.019011305312826	20.081881370257928	-0.0081170133431287157	-1	
21.270978993993417	20.155814102128666	-0.008093024005725126	-1	
21.230792951556598	20.158313960980546	-0.0080965512859400793	-1	
21.357496248038814	20.196753863730475	-0.008083434326970125	-1	
21.308354095113476	20.176269815553177	-0.0080888250329757133	-1	
21.660661355611257	20.224727302247867	-0.0080464762434534747	-1	
21.527325313570589	20.227307830203067	-0.0080641550795670092	-1	
21.652833059326852	20.24785298876763	-0.0080477093635110374	-1	
21.592163585296209	20.248888952338326	-0.0080559231215219795	-1	
21.531494111265566	20.249924915909027	-0.0080635622686135566	-1	
21.79240411671649	20.204014887420872	-0.0080253343128922679	-1	
21.787797680847575	20.227991132921616	-0.0080266365270904635	-1	
21.727834349260007	20.237278606452897	-0.0080365759832611711	-1	
21.667871017672439	20.246566079984174	-0.0080457502733151387	-1	
21.394879788776223	20.211708400933208	-0.0080792958843004109	-1	
21.395930065291608	20.23468248109528	-0.0080787860837027194	-1	
21.456175524255194	20.241917325526366	-0.0080721781143244329	-1	
21.516420983218776	20.249152169957458	-0.0080652062650298575	-1	
20.90515427952641	19.993748299206	-0.008129002606358595	-1	
20.911102478362526	19.998421035690598	-0.0081284366169329884	-1	
20.958818258489423	20.035905200701389	-0.0081233561678537847	-1	
21.006534038616323	20.073389365712181	-0.008118201661985288	-1	
21.012482237452438	20.078062102196778	-0.0081176080303137308	-1	
21.128726084014087	20.16063776128901	-0.0081201363945678506	-1	
21.137279577716235	20.149870767391544	-0.0081048586950956333	-1	
21.249398490222042	20.196311941549975	-0.0080936197965696451	-1	
21.256696460909669	20.212954123374487	-0.0080984901209307149	-1	
21.289043644638401	20.224122261060941	-0.0080947382726883465	-1	
21.347742829623215	20.239493142030906	-0.0080841804226648422	-1	
21.389470206419176	20.256754673179447	-0.0080765808694106527	-1	
21.381412209383413	20.245612003128137	-0.0080791364971694816	-1	
21.700458228279686	20.337177228731445	-0.0079097853313145894	-1	
21.636564931345223	20.297570802230435	-0.007989695833629509	-1	
21.484410745690091	20.26125226449928	-0.0080560857560739909	-1	
21.528099916301571	20.272671143741324	-0.0080433276602570169	-1	
21.518599711842178	20.262729487574951	-0.0080530640651511123	-1	
20.242199821688395	21.916549556119843	-0.0095427496508779276	-1	
20.267135470368348	21.833066583842928	-0.0095610592892190812	-1	
20.271312611833032	22.001757453038596	-0.0093904319500867604	-1	
21.613157523287061	22.269692401364011	-0.0068841670547019401	-1	
21.445977540225833	22.430733940776872	-0.0069955869040967331	-1	
21.779128252833328	22.10740487539022	-0.0067669971081906312	-1	
21.943880442822653	21.943880442822675	-0.0066480153832280762	-1	
22.107404875390195	21.779128252833345	-0.0065258619527125495	-1	
21.775452822357249	20.342357312946692	-0.0078499019382688578	-1	
22.430733940776843	21.445977540225844	-0.0062785485258549829	-1	
22.26969240136399	21.613157523287072	-0.0064019649593979426	-1	
22.590520483374366	21.277597657349212	-0.0061550361851701405	-1	
22.525694009870485	21.005549489924988	-0.0060770288513145613	-1	
22.455573360565683	20.618472886708929	-0.0066082328542397427	-1	
22.207089623191838	20.313512176982346	-0.0074462857150437052	-1	
21.918684710126534	20.237126066341641	-0.0079196066649108998	-1	
22.048288135140382	20.186481228065951	-0.0078709415220686897	-1	
20.14697611349149	21.130291265012346	-0.0098501009777813772	-1	
20.199206595450029	21.256386802925931	-0.0098277089210646214	-1	
29.837487616861374	1.8890362463485812	0.0091462283832089968	-1	
29.848816890714158	1.8294249566993603	0.0091351442455199165	-1	
29.839096886829736	1.7574440467460095	0.0091305840592636744	-1	
29.860146164566945	1.7698136670501396	0.00911963212476204	-1	
29.845621547978158	1.6242427403391357	0.0091140984465246551	-1	
29.868159101354035	1.633630939716876	0.0091001886803841886	-1	
29.865052418529121	1.6942296758546882	0.0091080766876359773	-1	
29.861945735704207	1.7548284119924999	0.0091161519826314028	-1	
28.916497161545671	0.66720757693083177	0.0094139109037950589	-1	
29.047892409824652	0.6598329260386202	0.0093950440454085241	-1	
28.927401491897484	0.64536323717644362	0.009412623475415079	-1	
28.91232836385069	0.64459049122487522	0.0094145403341469053	-1	
28.790989415789404	0.64666241836627136	0.0094311076389480483	-1	
29.614575287305247	1.0119550055467141	0.0092462279012844456	-1	
29.637982701369985	1.0050143595732961	0.0092394981864330795	-1	
29.673815944244033	1.0539820734754606	0.0092198750090026829	-1	
29.709649187118085	1.1029497873776268	0.0091983815091985308	-1	
29.543924721711797	0.90620626859639619	0.0092821853364512073	-1	
29.586091981343987	0.94983860196038827	0.0092645179437213839	-1	
29.62825924097617	0.99347093532438036	0.0092443241187083833	-1	
29.187435672190325	0.69530881168387404	0.009372168495452542	-1	
29.187126014206584	0.68156128375941294	0.0093519704157972363	-1	
29.31353121010391	0.74753929364241312	0.0093464618318513278	-1	
29.320060277964298	0.7513585617035623	0.0093450915862074904	-1	
29.315096391102173	0.73387764584489446	0.0093227255475359337	-1	
29.42481116980343	0.81263403687597491	0.0093192607504069373	-1	
29.05540254521247	0.66073481411652712	0.0093940103782775251	-1	
29.431340237663818	0.81645330493712398	0.0093176134172593301	-1	
29.538668195589846	0.90076710792790304	0.0092839965586747619	-1	
29.470925619506424	0.82741949150507366	0.009277540272702875	-1	
29.442481444805448	0.8083932853634398	0.0092904842925246311	-1	
29.549707782274005	0.88059190121532582	0.009237594794016632	-1	
29.48128411974853	0.79282599161543488	0.0092136723881510278	-1	
29.578172900453534	0.79323133963058967	0.0090759227028182725	-1	
29.550803138783934	0.89429922065484091	0.0092547289542252754	-1	
29.867901419221567	1.6185402165619311	0.0090994971236714271	-1	
29.862727639395644	1.5580828737325636	0.009104959950002137	-1	
29.857553859569723	1.4976255309031961	0.0091079018626987352	-1	
29.778967826366593	1.2291471993427963	0.0091557554319534138	-1	
29.826862817468477	1.3569524330176685	0.0091301690702847282	-1	
29.801537354671751	1.2247281686645863	0.0090961010063048513	-1	
29.788803656163587	1.2195374717553287	0.0091228334687708714	-1	
29.846777968146103	1.3454503369678219	0.009072245367146483	-1	
29.896107946715865	1.2250484322110164	0.008865066333608583	-1	
29.906294309799371	1.299528365216283	0.0088947961302693057	-1	
29.840591758824292	1.3577312663433809	0.0090953681467324105	-1	
29.714116121389953	1.1090540509580495	0.0091957572668432234	-1	
29.722551815333119	1.0981945169073708	0.0091649625957112863	-1	
29.735873711290832	1.1016029623290511	0.0091391473502182279	-1	
29.808659666457604	1.1890415199831397	0.0090475868396204945	-1	
29.823819365684258	1.0886928793979589	0.0089301773791987289	-1	
29.856908901632181	1.4900889822960919	0.00910786537272237	-1	
29.85064901697238	1.3904408850068062	0.0090846292084294771	-1	
29.878204763398386	1.4814057967235617	0.00904638914651037	-1	
29.880515763297311	1.3701434411815394	0.00900080233140646	-1	
29.870403919763184	1.4927299854662428	0.0090718449210101648	-1	
30.990803228550298	1.6241591754060243	0.0067302827761874786	-1	
31.002084831665488	1.3923052352109804	0.006685063285257746	-1	
30.781237472188149	1.07490449843703	0.0066586402537154249	-1	
30.124568828424447	1.2317391701735811	0.0083186727604160141	-1	
29.884407308773611	1.7597669517868313	0.0090534701824924995	-1	
29.870033595134224	1.8025750209803508	0.009085993643375102	-1	
29.873840512022625	1.7685665664672712	0.009082340387360277	-1	
29.858704321281454	1.8621863106295746	0.0090991106763961514	-1	
29.849769668984862	1.8952202262755107	0.0091104486793511848	-1	
29.908265945648402	1.5104628705457257	0.0089762260574948322	-1	
29.882415443644	1.6647408143401421	0.0090603832935866949	-1	
29.890826248402512	1.6203742413918305	0.0090349561853299669	-1	
29.881556085411063	1.6305307412915293	0.009062341262856901	-1	
29.836075321529183	1.8964673268583798	0.0091470681245599192	-1	
28.783426423130436	0.64679156049260977	0.0094320288611734488	-1	
30.838888888888889	0	0.0062793394132055827	-1	
30.799454591531354	0.062497620191510693	0.0062921064898890967	-1	
30.798909183062708	0.12499524038302144	0.0063056596163659061	-1	
30.795309010816851	0.5375341182683322	0.0064381890164204696	-1	
30.797818366125409	0.24999048076604283	0.0063368156015905838	-1	
29.651911740408476	0.94681182866606117	0.00914135111112588	-1	
29.591364149743821	0.88416055174384001	0.0091722064830985113	-1	
29.740452571787621	0.96319662118880112	0.0089865357233720709	-1	
29.32824985104947	0.7298680444288409	0.0093030097190799875	-1	
29.383429902737841	0.76320166674302004	0.0092921034494141738	-1	
29.43952981074899	0.79496278766240269	0.0092748971045566956	-1	
28.919891356509666	0.64446134909853681	0.0094135851660531802	-1	
1.8054754452559407	29.949591925493095	0.0081302100503150756	-1	
1.6871349708112098	30.080367591009232	0.0078386065997536752	-1	
1.5844499209377541	30.401273226770051	0.0070640431115230155	-1	
1.8806031729884458	29.95220859113547	0.0080794473676127458	-1	
1.9840343258004904	29.876234927885417	0.0081901146539352324	-1	
2.0380085570478577	29.812082510962714	0.0083214857776847308	-1	
2.0180902309416839	29.835303632881768	0.0082754405963019907	-1	
2.3191239042987135	30.946557839189669	0.0058727000416142778	-1	
2.0875814741603089	30.963038955608734	0.0059835629333994424	-1	
1.8559222440942362	30.977787693792429	0.0060642002309541677	-1	
1.6119474522826787	30.75778967044096	0.0061865769578900885	-1	
1.4615360536178734	29.748970771408754	0.0084522349647546072	-1	
1.6268583750926451	29.822772699103687	0.0084049092542978817	-1	
1.6686704080939341	29.830963443376248	0.0083975984083593056	-1	
1.4970961606203121	29.811667991288484	0.0084247861232679151	-1	
1.5893115027228566	29.837312289065583	0.0084028491556197397	-1	
1.5374034478886915	29.825475850952579	0.00841430243229839	-1	
2.0263026525375007	29.805833031435849	0.0083535024320182359	-1	
1.903636886360383	29.833664315059742	0.0083714136208400108	-1	
1.8928214211289289	29.813368080140929	0.0083848031522231053	-1	
1.9309448983158046	29.872149799367236	0.0082467955700887725	-1	
1.8526385639574072	29.815918627248106	0.0083884912827604553	-1	
1.7548284119924997	29.861945735704207	0.0083764925350155207	-1	
1.6942296758546878	29.865052418529121	0.0083806317918268692	-1	
1.7623825865403409	29.861558459899136	0.0083756252956019017	-1	
1.7698136670501392	29.860146164566945	0.0083757263843784041	-1	
1.8294249566993603	29.848816890714158	0.0083753628957769465	-1	
0.74961264297098484	28.533839220666863	0.0086810874691352537	-1	
0.74848623758369104	28.493591257837465	0.0086845209374942292	-1	
0.77702219994607258	28.448644108028809	0.0086893968281563649	-1	
0.71233929744934055	28.658628020460952	0.0086686720339176661	-1	
0.70574295323118075	28.618908308176387	0.0086721251963532732	-1	
0.72789282732433458	28.570494152172937	0.0086770767988011022	-1	
0.68046178495498633	28.748878358547529	0.008659793555504022	-1	
0.69581296053373498	28.69789906047254	0.0086647130585920974	-1	
0.85330311800192327	28.293461077923826	0.0087051748694207606	-1	
0.78233250758701589	28.406369588182947	0.0086930620468136221	-1	
0.92407362704071883	28.173760880261256	0.0087177730601851883	-1	
0.74498548414968446	29.214984239159687	0.0086119229082481756	-1	
0.75835716691643629	29.266518165110018	0.0086058420384937228	-1	
0.66743542926060972	28.920941633025045	0.0086435965067972517	-1	
0.68363792508993293	29.053314735883973	0.0086303892755725288	-1	
0.6598329260386202	29.047892409824652	0.0086312934658942346	-1	
0.65259808160753174	28.987646950861063	0.0086372947781654316	-1	
0.64536323717644362	28.927401491897484	0.0086431484306703256	-1	
0.71771431184552326	29.182248668955452	0.0086163392578137901	-1	
0.66265093193022562	29.062719923716582	0.0086299075794067769	-1	
0.67802181290020058	29.121419108701396	0.0086236577136849166	-1	
0.69339269387017544	29.18011829368621	0.008617293550274038	-1	
0.66940864619856932	28.787595220825413	0.0086561347872067141	-1	
0.64666241836627136	28.790989415789404	0.0086557080664626702	-1	
0.64562645479557323	28.851658889820051	0.0086501078158023222	-1	
0.64459049122487522	28.91232836385069	0.0086444467408807631	-1	
1.0938698281781725	29.668326470153659	0.0085214777042427574	-1	
1.0556686021447166	29.631242595579785	0.0085330434484387502	-1	
0.83662851164970131	29.420300650979659	0.0085839479701554575	-1	
0.91925117815023716	29.524984241918926	0.0085639224875801011	-1	
0.89609437144330639	29.53271999675373	0.0085652136012651665	-1	
0.8586102064325144	29.485004216626834	0.0085745876357604424	-1	
0.82112604142172063	29.437288436499934	0.008583269172591548	-1	
1.0153587064699294	29.61744235260629	0.0085404690610215994	-1	
0.90620626859639619	29.543924721711797	0.0085629823763049336	-1	
0.94983860196038827	29.586091981343987	0.0085527786176561454	-1	
0.99347093532438036	29.62825924097617	0.0085417087386568114	-1	
0.76902981091713285	29.305341637018742	0.0086011496174478123	-1	
0.7513585617035623	29.320060277964298	0.0086005671012068137	-1	
0.78199629928976855	29.372435723883864	0.0085930574035846651	-1	
0.81263403687597491	29.42481116980343	0.008585137399896664	-1	
1.1231607951986073	29.695952663377128	0.0085119975188807321	-1	
1.2406492953926425	29.759052675688977	0.0084780687757823187	-1	
1.2831876517845122	29.761465688519017	0.0084710529669814079	-1	
1.1157097065696089	29.717710253278007	0.0085095561972708452	-1	
1.2224915437312369	29.775373694478535	0.0084767247251479223	-1	
1.3700546492684087	29.782997427397117	0.0084517445957104573	-1	
1.3299773823520318	29.786867824989958	0.008456432625538508	-1	
0.83614468147371901	28.278147701550218	0.0087053771934400351	-1	
0.62404533266031181	28.786820618094424	0.0086615369734449055	-1	
0.63694915173893951	28.743546770506651	0.0086637879846511914	-1	
0.63430554059073274	28.777665371220351	0.0086601361027786612	-1	
0.65723680068100654	28.715988125856249	0.0086624871691851849	-1	
0.62184426339257726	28.915722558814682	0.008647446704649819	-1	
0.60212673264736816	28.946308228671676	0.0086463915159742787	-1	
0.76324871451542597	28.393535248229025	0.0086932578406517681	-1	
0.76011715937981472	28.400420660205157	0.0086926464041368265	-1	
0.73499617731061573	28.455654658426848	0.0086871887100652741	-1	
0.70987519524141673	28.510888656648543	0.008681686277672334	-1	
0.7045788159201547	28.525021762871372	0.0086804286687996602	-1	
0.70674364010580559	28.517774068624675	0.0086810563707242147	-1	
0.66984686505505453	28.641302134335362	0.0086692905336581173	-1	
0.66652427421228744	28.656024794268681	0.0086680375158615791	-1	
0.66768204086940375	28.648549828582066	0.0086686625322555319	-1	
0	30.800000000000001	0.0062796785406658952	-1	
0.184452340732044	30.449954710144926	0.0068479219313921915	-1	
0.65448608407191	30.13058125576465	0.0074750878970075239	-1	
0.81746098021041513	29.73257770225278	0.0082050164015418179	-1	
0.6790197189885061	29.383616539710175	0.0085138189890298938	-1	
0.70171288153393352	29.455282729695579	0.0084788816122817936	-1	
0.79511194268220409	29.578011791468722	0.0084030002262700104	-1	
0.69242519824577198	29.309648198244247	0.0085645697708061838	-1	
0.64715749649903187	29.053223816589071	0.0086291348328890582	-1	
0.63974782095681637	29.064807733045079	0.0086259128116093486	-1	
0.67039314607297062	29.154778830477852	0.0086114034986143496	-1	
0.67579796542227988	29.199610988129088	0.0086009105707859114	-1	
0.68156128375941294	29.187126014206584	0.0086083783366434803	-1	
21.108027295490999	22.749043089119105	-0.0071952434187388488	-1	
21.277597657349204	22.590520483374394	-0.0071061398193064361	-1	
19.990228321366097	22.281783549662439	-0.0095667602418644838	-1	
19.952909079696351	22.307208117172202	-0.0095884468731505766	-1	
19.976491596299937	22.282410284500678	-0.0095919914037370553	-1	
20.073284176437483	22.183181927131521	-0.0095649093159426608	-1	
20.113343199569325	22.171212679740897	-0.009498820244888408	-1	
20.14842512914668	22.065600603260844	-0.0095802289014586262	-1	
20.181163993183926	22.049712525943523	-0.0095273265510651423	-1	
19.869117805805438	22.361503161780959	-0.0096349030916210426	-1	
19.970441780093186	22.270061594855001	-0.009626446030161228	-1	
20.058370725660179	22.165674773566039	-0.009625192046707717	-1	
20.071567786003889	22.169538451915127	-0.0095904945785157646	-1	
20.187771767028096	21.926048406491585	-0.009659681179555412	-1	
20.231153823626993	21.836121065740404	-0.009641375812933296	-1	
20.213787848194457	21.894261251472404	-0.0096287222253199738	-1	
20.201521852518596	21.926208284897179	-0.0096274014245706745	-1	
20.131266692618475	22.050287226887228	-0.0096387390486881389	-1	
20.206855560099683	21.938882746445504	-0.009602219274817447	-1	
20.144866938963965	22.052317919242757	-0.0096053791470808083	-1	
20.091998131752757	22.14208542717931	-0.0095884330082659178	-1	
23.06226108398193	20.765353150670034	-0.0057737440244939658	-1	
22.906292888690601	20.937275942092175	-0.0059050761851087361	-1	
22.375810204691099	19.887123914858194	-0.0078039728012569186	-1	
22.374560618265413	19.873429794007791	-0.0078276181329076794	-1	
22.395916330322105	19.846690288456724	-0.0078177418484298416	-1	
22.430056871101105	19.796527734943247	-0.007807908231417326	-1	
22.447097623637035	19.766851475954411	-0.0078069366240429063	-1	
22.246383215990317	20.113985767314492	-0.0077072742208973786	-1	
22.313151541024418	20.079445744363227	-0.0076393653151467676	-1	
22.317794801164961	19.984988666366917	-0.0077724322279633974	-1	
22.365759085594547	19.862864594778983	-0.0078622110876215394	-1	
22.361503161780959	19.869117805805438	-0.0078627601557762234	-1	
22.356435399079871	19.87473325920244	-0.0078642839283894275	-1	
22.17145997232408	20.053497635164572	-0.0079305317952447687	-1	
22.26427639609696	19.975314870588797	-0.0078953975171817768	-1	
22.270061594855001	19.970441780093186	-0.0078927738982979435	-1	
22.15927990605789	20.062410676798709	-0.0079344104378171274	-1	
22.107981000226637	20.094818709139329	-0.0079507576582220595	-1	
22.165674773566039	20.058370725660179	-0.0079321534834466429	-1	
22.282410284500678	19.976491596299937	-0.0078579504688867166	-1	
22.041368718021765	20.110068304951742	-0.0079691465124024155	-1	
22.056682094395381	20.127226741479948	-0.0079651354581181302	-1	
21.920099478513794	20.165556418820895	-0.0079999643066918074	-1	
21.860660526512888	20.207302566646298	-0.0080133858923935753	-1	
21.918800712244881	20.189936591213748	-0.0080011155644493775	-1	
21.802520340780895	20.224668542078849	-0.0080242792881629194	-1	
22.043401814911096	20.134398247754081	-0.0079691240694623796	-1	
21.988167816689408	20.159519229823285	-0.0079847864900867357	-1	
21.932933818467717	20.184640211892486	-0.0079980557095382151	-1	
21.130291265012346	20.14697611349149	-0.0081054804583686781	-1	
21.265791990758547	20.178219602290323	-0.0080927668185243589	-1	
21.381102551399675	20.231864475203675	-0.0080802247229688658	-1	
21.322403366414861	20.216493594233704	-0.008086381066630028	-1	
21.263704181430047	20.201122713263729	-0.0080923121888255567	-1	
21.660396051985824	20.247723846641293	-0.0080467308126189151	-1	
21.523931118606594	20.25005405803536	-0.008064385124481788	-1	
21.622768596205407	20.264199109156966	-0.0080325459107810273	-1	
21.656840272997968	20.261007176340218	-0.0080294619527469142	-1	
21.795272646534194	20.226833366264501	-0.0080254415721820495	-1	
21.802680219186492	20.238418627569356	-0.0080010599880694366	-1	
21.795007342908761	20.249829910657926	-0.0079866038383857984	-1	
21.667605714047006	20.269562624377599	-0.0080142084697136639	-1	
21.38841992990379	20.233780593017372	-0.0080795055982529843	-1	
21.256386802925931	20.199206595450029	-0.008092965571508853	-1	
21.828498495615847	20.264063916054944	-0.0079406899375867156	-1	
22.749043089119073	21.108027295491006	-0.0060300212038473045	-1	
22.171212679740897	20.113343199569325	-0.0078287589361918253	-1	
21.926208284897179	20.201521852518596	-0.0079739961567695684	-1	
21.938882746445504	20.206855560099683	-0.0079518969848228066	-1	
22.022338661740285	20.161368808984179	-0.0079441689293833703	-1	
22.065600603260844	20.14842512914668	-0.0079144996546279475	-1	
22.052317919242757	20.144866938963965	-0.0079389870808974049	-1	
29.861558459899136	1.7623825865403409	0.0091173106201869279	-1	
29.868546377159106	1.6260767651690351	0.0090992049476955467	-1	
29.633515767098121	0.99891009599287339	0.0092416127831468318	-1	
29.654056115861817	0.98856574909624018	0.0091882810246231086	-1	
29.640394184170255	0.98700304805131978	0.0092131347248267693	-1	
29.738070354111951	1.0652788796894959	0.0090947447252209494	-1	
29.576391648171469	0.91702136364108966	0.0092398816978527375	-1	
29.61855890780366	0.9606536970050753	0.0092195923696456773	-1	
29.875913544899522	1.526504408117425	0.0090645627552917215	-1	
31.011631871933318	1.1603733957086388	0.0066213664257268176	-1	
31.019443815198066	0.92837663345699895	0.0065421431099907936	-1	
31.025520224382461	0.69632792864647997	0.0064553987604195505	-1	
30.87777777777778	0	0.0062785229057532293	-1	
30.897222222222229	0.063177190702884911	0.0062898395264736557	-1	
30.93611111111111	0.1166290210349664	0.0062990358202199195	-1	
31.029860759512157	0.46424026437368104	0.0063804623738757905	-1	
31.032465177734743	0.23212662591497818	0.0063171502884753952	-1	
1.7703336456468255	29.883138360249635	0.0083159742117010181	-1	
1.7402671893132882	29.912189976743715	0.0082510309473106894	-1	
1.6011206442576009	29.911758214818967	0.0082722662901545431	-1	
1.4333485519313012	29.952964470908096	0.0081623413438395957	-1	
1.2494649093885757	30.365083607153789	0.0071585168280052331	-1	
1.8969873054550661	29.859067517211873	0.0083088212645083676	-1	
1.6241591754060298	30.990803228550661	0.0061270522819606189	-1	
1.3923052352109833	31.002084831665851	0.0061603358185764396	-1	
1.0749044984370371	30.781237472188234	0.0062078177996572979	-1	
1.457919194601593	29.820959526930213	0.0084269878997610403	-1	
1.4081063423063984	29.802165188152667	0.0084405628297477102	-1	
1.6286923999225447	29.845697528284635	0.0083942046234203298	-1	
1.633630939716876	29.868159101354035	0.0083829247962401605	-1	
1.4957915060732967	29.834629030388776	0.0084160126287968241	-1	
1.5580828737325636	29.862727639395644	0.008396383209602825	-1	
1.6185402165619311	29.867901419221567	0.0083850960606517838	-1	
1.4976255309031963	29.857553859569723	0.0084065565216694341	-1	
1.89646732685838	29.836075321529183	0.0083707576109205567	-1	
1.9042661147442388	29.847400926131677	0.0083342920317620445	-1	
1.8890362463485815	29.837487616861374	0.008371312193584321	-1	
1.725339550477953	29.879308760819068	0.0083380389825045264	-1	
1.7592823881149944	29.874955443956164	0.0083413870354513368	-1	
1.6310153049633664	29.891007950228506	0.0083226644468453112	-1	
0.72739729476378334	28.527890292689072	0.0086808581428587991	-1	
0.68952081860570924	28.655759490643256	0.008668460093310194	-1	
0.64794932714972608	28.775951457443814	0.0086569624600618574	-1	
0.69820346558392921	29.194423984894215	0.0086158271068501723	-1	
0.72142405266314358	29.250483441147122	0.0086091626085119579	-1	
0.74464463974235795	29.306542897400021	0.0086022004164881209	-1	
0.64446134909853681	28.919891356509666	0.008643796833100223	-1	
0.66073481411652712	29.05540254521247	0.0086305999352723501	-1	
0.63178591955894903	28.925222763274085	0.0086450532115021194	-1	
0.69530881168387404	29.187435672190325	0.0086165597926843845	-1	
0.64679156049260977	28.783426423130436	0.0086563340653677285	-1	
1.1029497873776268	29.709649187118085	0.0085128797928521356	-1	
1.0539820734754606	29.673815944244033	0.0085269372484753705	-1	
1.0050143595732961	29.637982701369985	0.008539103835976905	-1	
0.81645330493712398	29.431340237663818	0.0085842038145306603	-1	
0.90076710792790304	29.538668195589846	0.008564086663913624	-1	
0.88059190121532582	29.549707782274005	0.0085269895025133265	-1	
0.89429922065484091	29.550803138783934	0.0085405611675981093	-1	
0.79400756994272215	29.475907713085405	0.0085204734163498858	-1	
0.8083932853634398	29.442481444805448	0.0085665044221409706	-1	
0.99891009599287339	29.633515767098121	0.0085403730646121234	-1	
0.91702136364108966	29.576391648171469	0.0085302136350821969	-1	
0.98042602577053939	29.647199720769049	0.00849836941746227	-1	
0.88416055174384001	29.591364149743821	0.0084737187481939286	-1	
0.89760282638680944	29.687329697816736	0.0083505370032441288	-1	
0.99415482552261747	29.646418395313159	0.008514278095991628	-1	
0.74753929364241312	29.31353121010391	0.0086013840906368298	-1	
0.7298680444288409	29.32824985104947	0.0085803845855033783	-1	
0.73387764584489446	29.315096391102173	0.0085900408232982457	-1	
0.79496278766240269	29.43952981074899	0.0085575999084871821	-1	
1.1090540509580495	29.714116121389953	0.0085110791697394824	-1	
1.2291471993427963	29.778967826366593	0.0084743030757918579	-1	
1.236230264714433	29.781622203994129	0.0084725125806426691	-1	
1.2930498161802324	29.802915321917535	0.0084580266520031793	-1	
1.1016029623290511	29.735873711290832	0.0084615437924391752	-1	
1.1587545252775096	29.765701003046257	0.0084457935946159104	-1	
1.0981945169073708	29.722551815333119	0.0084843237533363067	-1	
1.2280493546328273	29.792674946745922	0.0084422413672835938	-1	
1.2150404551022385	29.797131284379418	0.0084235303551381362	-1	
1.3656356185901981	29.805566955702275	0.008444880109424709	-1	
1.3498693676460318	29.824208439840945	0.0084408020017697188	-1	
0	30.838888888888889	0.0062793394133820518	-1	
0.12499524038302161	30.798909183062726	0.0062596628858137644	-1	
0.075110673320449892	30.858333333333334	0.0062665010830188191	-1	
0.24999048076604316	30.797818366125451	0.0062429769678071633	-1	
0.53753411826833775	30.795309010816936	0.006215427582756063	-1	
1.0275197690724223	29.934784885938164	0.0080116208594125504	-1	
0.94382220502182679	29.824354284882027	0.0081708345867720113	-1	
0.71840892117949506	29.284571218673676	0.0085929150486597008	-1	
22.183181927131521	20.073284176437483	-0.0078785033365412135	-1	
22.231895905654131	20.031059577239709	-0.0078615251424955096	-1	
22.281783549662439	19.990228321366097	-0.007837434395889813	-1	
22.169538451915127	20.071567786003889	-0.0079030251033344011	-1	
22.14208542717931	20.091998131752757	-0.0079073063685547399	-1	
22.050287226887228	20.131266692618475	-0.0079669053781311634	-1	
21.926048406491585	20.187771767028096	-0.0079995199208398021	-1	
30.916666666666668	0	0.0062772940145452731	-1	
30.955555555555556	0	0.0062757102828432075	-1	
30.975000000000001	0.063177190702886382	0.00628655722068369	-1	
31.033333333333335	0	0.0062708445352897347	-1	
1.6211812197320823	29.88139643735256	0.0083494743488589235	-1	
1.507340089198983	29.903732722445078	0.0082896294097552312	-1	
1.4814057967235619	29.878204763398386	0.0083523735835855945	-1	
1.3701434411815394	29.880515763297311	0.0083134255274923304	-1	
1.4235207076568808	29.841885859550334	0.0084256002727233111	-1	
1.287120910596486	29.915375477332116	0.0081984484126713976	-1	
1.1603733957086391	31.011631871933691	0.0061791445446342545	-1	
0.9283766334569965	31.019443815198446	0.0061923217780234484	-1	
1.4827104512705773	29.855243724298095	0.0084097995216157809	-1	
1.3643309640431833	29.828527994802567	0.0084372710656653149	-1	
1.6260767651690351	29.868546377159106	0.0083834810654707277	-1	
1.4900889822960921	29.856908901632181	0.0084077429329901619	-1	
1.492729985466243	29.870403919763184	0.0083734393246535158	-1	
1.0691173487237453	29.704507816746748	0.0084880444169613059	-1	
1.0201496348215879	29.668674573872682	0.0085029861535677667	-1	
0.9896336456673529	29.687982167400044	0.0084414358268219414	-1	
1.2331256727369346	29.828709585828243	0.0083633626635514664	-1	
1.3454503369678219	29.846777968146103	0.0083852109945056034	-1	
1.0599459477470685	29.73943480009779	0.008417537771839045	-1	
1.0869248091788695	29.809600058232988	0.0083029550097544966	-1	
1.14355088968472	29.859042038572372	0.0082415723702380511	-1	
1.3569524330176685	29.826862817468477	0.0084386648142758067	-1	
1.3577312663433809	29.840591758824292	0.0084054827896716828	-1	
0	30.87777777777778	0.0062785229059115419	-1	
0.1166290210349664	30.93611111111111	0.0062580124164302864	-1	
0	30.916666666666668	0.0062772940146442078	-1	
0.063177190702886396	30.975000000000001	0.0062646321172423356	-1	
0.46424026437367272	31.029860759512548	0.0062151215859978862	-1	
0.23212662591496688	31.032465177735133	0.006238467200885502	-1	
0.69632792864647464	31.025520224382852	0.0062004819771742858	-1	
30.994444444444447	0	0.0062735604565198758	-1	
1.3904408850068064	29.85064901697238	0.0083928423388211319	-1	
0	30.955555555555556	0.0062757102829559689	-1	
0	30.994444444444447	0.0062735604565320006	-1	
0	31.033333333333335	0.0062708445353873857	-1	
12002
2	1	0	0	-1	1	-1	0
1	2	4	0	-1	-1	-1	0
3	1	4	0	1	-1	-1	0
2	6	4	0	-1	-1	-1	0
6	2	5	0	-1	-1	-1	0
8	3	4	0	-1	-1	-1	0
8	7	3	0	-1	1	-1	0
9	4	6	0	-1	-1	-1	0
9	8	4	0	-1	-1	-1	0
11	6	5	0	-1	-1	-1	0
11	5	10	0	-1	-1	-1	0
6	12	9	0	-1	-1	-1	0
8	13	7	0	-1	1	-1	0
6	11	12	0	-1	-1	-1	0
15	8	9	0	-1	-1	-1	0
13	8	14	0	-1	-1	-1	0
15	14	8	0	-1	-1	-1	0
9	12	16	0	-1	-1	-1	0
18	11	10	0	-1	-1	-1	0
15	9	16	0	-1	-1	-1	0
11	18	12	0	-1	-1	-1	0
18	10	17	0	-1	-1	-1	0
19	16	12	0	-1	-1	-1	0
14	20	13	0	-1	1	-1	0
19	12	18	0	-1	-1	-1	0
14	15	21	0	-1	-1	-1	0
15	16	23	0	-1	-1	-1	0
20	14	21	0	-1	-1	-1	0
22	21	15	0	-1	-1	-1	0
16	19	23	0	-1	-1	-1	0
18	17	25	0	-1	-1	-1	0
15	23	22	0	-1	-1	-1	0
18	26	19	0	-1	-1	-1	0
24	25	17	0	-1	-1	-1	0
18	25	26	0	-1	-1	-1	0
23	19	27	0	-1	-1	-1	0
20	21	30	0	-1	-1	1	0
28	19	26	0	-1	-1	-1	0
22	31	21	0	-1	-1	-1	0
27	19	29	0	-1	-1	-1	0
19	28	29	0	-1	-1	-1	0
23	34	22	0	-1	-1	-1	0
21	32	30	0	-1	-1	-1	0
23	27	34	0	-1	-1	-1	0
31	32	21	0	-1	-1	-1	0
36	25	24	0	-1	-1	-1	0
31	22	33	0	-1	-1	-1	0
36	26	25	0	-1	-1	-1	0
34	33	22	0	-1	-1	-1	0
36	28	26	0	-1	-1	-1	0
27	29	37	0	-1	-1	-1	0
38	29	28	0	-1	-1	-1	0
35	36	24	0	-1	-1	-1	0
34	27	37	0	-1	-1	-1	0
32	41	30	0	-1	1	-1	0
28	36	39	0	-1	-1	-1	0
31	42	32	0	-1	-1	-1	0
38	28	39	0	-1	-1	-1	0
37	29	40	0	-1	-1	-1	0
33	43	31	0	-1	-1	-1	0
29	38	40	0	-1	-1	-1	0
34	47	33	0	-1	-1	-1	0
31	43	42	0	-1	-1	-1	0
41	32	44	0	-1	-1	1	0
37	47	34	0	-1	-1	-1	0
45	32	42	0	-1	-1	-1	0
49	36	35	0	-1	-1	-1	0
32	45	44	0	-1	1	-1	0
46	43	33	0	-1	-1	-1	0
49	39	36	0	-1	-1	-1	0
47	46	33	0	-1	-1	-1	0
40	50	37	0	-1	-1	-1	0
39	51	38	0	-1	-1	-1	0
40	38	51	0	-1	-1	-1	0
49	35	48	0	-1	-1	-1	0
37	50	47	0	-1	-1	-1	0
49	52	39	0	-1	-1	-1	0
56	42	43	0	-1	-1	-1	0
39	53	51	0	-1	-1	-1	0
56	45	42	0	-1	-1	-1	0
39	52	53	0	-1	-1	-1	0
40	51	54	0	-1	-1	-1	0
55	50	40	0	-1	-1	-1	0
46	58	43	0	-1	-1	-1	0
40	54	55	0	-1	-1	-1	0
46	47	61	0	-1	-1	-1	0
57	56	43	0	-1	-1	-1	0
47	50	61	0	-1	-1	-1	0
43	58	57	0	-1	-1	-1	0
48	64	49	0	-1	-1	-1	0
45	56	60	0	-1	-1	-1	0
45	60	59	0	-1	-1	1	0
62	58	46	0	-1	-1	-1	0
65	52	49	0	-1	-1	-1	0
61	50	55	0	-1	-1	-1	0
62	46	61	0	-1	-1	-1	0
66	51	53	0	-1	-1	-1	0
51	66	54	0	-1	-1	-1	0
52	67	53	0	-1	-1	-1	0
63	64	48	0	-1	-1	-1	0
69	55	54	0	-1	-1	-1	0
49	64	65	0	-1	-1	-1	0
67	52	65	0	-1	-1	-1	0
56	57	71	0	-1	-1	-1	0
70	61	55	0	-1	-1	-1	0
66	53	68	0	-1	-1	-1	0
71	60	56	0	-1	-1	-1	0
58	72	57	0	-1	-1	-1	0
68	53	67	0	-1	-1	-1	0
69	54	66	0	-1	-1	-1	0
59	60	73	0	-1	-1	1	0
58	62	72	0	-1	-1	-1	0
61	70	62	0	-1	-1	-1	0
69	70	55	0	-1	-1	-1	0
72	71	57	0	-1	-1	-1	0
78	64	63	0	-1	-1	-1	0
71	75	60	0	-1	-1	-1	0
60	74	73	0	-1	-1	-1	0
76	62	70	0	-1	-1	-1	0
79	65	64	0	-1	-1	-1	0
60	75	74	0	-1	-1	-1	0
62	76	72	0	-1	-1	-1	0
67	65	79	0	-1	-1	-1	0
68	80	66	0	-1	-1	-1	0
80	69	66	0	-1	-1	-1	0
67	81	68	0	-1	-1	-1	0
77	78	63	0	-1	-1	-1	0
64	78	79	0	-1	-1	-1	0
70	69	84	0	-1	-1	-1	0
79	81	67	0	-1	-1	-1	0
80	68	82	0	-1	-1	-1	0
87	71	72	0	-1	-1	-1	0
82	68	81	0	-1	-1	-1	0
76	70	85	0	-1	-1	-1	0
80	83	69	0	-1	-1	-1	0
71	86	75	0	-1	-1	-1	0
74	89	73	0	-1	1	-1	0
76	88	72	0	-1	-1	-1	0
69	83	84	0	-1	-1	-1	0
84	85	70	0	-1	-1	-1	0
91	74	75	0	-1	-1	-1	0
86	71	87	0	-1	-1	-1	0
87	72	88	0	-1	-1	-1	0
77	96	78	0	-1	-1	-1	0
92	75	86	0	-1	-1	-1	0
74	90	89	0	-1	1	-1	0
97	79	78	0	-1	-1	-1	0
85	94	76	0	-1	-1	-1	0
90	74	91	0	-1	-1	-1	0
88	76	93	0	-1	-1	-1	0
91	75	92	0	-1	-1	-1	0
79	98	81	0	-1	-1	-1	0
82	99	80	0	-1	-1	-1	0
76	94	93	0	-1	-1	-1	0
100	83	80	0	-1	-1	-1	0
82	81	101	0	-1	-1	-1	0
77	95	96	0	-1	-1	-1	0
83	104	84	0	-1	-1	-1	0
78	96	97	0	-1	-1	-1	0
105	85	84	0	-1	-1	-1	0
97	98	79	0	-1	-1	-1	0
106	86	87	0	-1	-1	-1	0
81	98	101	0	-1	-1	-1	0
99	100	80	0	-1	-1	-1	0
102	99	82	0	-1	-1	-1	0
88	107	87	0	-1	-1	-1	0
92	86	106	0	-1	-1	-1	0
94	85	105	0	-1	-1	-1	0
103	82	101	0	-1	-1	-1	0
104	83	100	0	-1	-1	-1	0
103	102	82	0	-1	-1	-1	0
107	88	93	0	-1	-1	-1	0
90	91	108	0	-1	-1	1	0
110	91	92	0	-1	-1	-1	0
84	104	105	0	-1	-1	-1	0
112	93	94	0	-1	-1	-1	0
107	106	87	0	-1	-1	-1	0
115	96	95	0	-1	-1	-1	0
91	109	108	0	-1	1	-1	0
115	97	96	0	-1	-1	-1	0
92	106	111	0	-1	-1	-1	0
109	91	110	0	-1	-1	-1	0
116	98	97	0	-1	-1	-1	0
112	107	93	0	-1	-1	-1	0
94	105	113	0	-1	-1	-1	0
111	110	92	0	-1	-1	-1	0
117	101	98	0	-1	-1	-1	0
99	118	100	0	-1	-1	-1	0
118	99	102	0	-1	-1	-1	0
113	112	94	0	-1	-1	-1	0
119	104	100	0	-1	-1	-1	0
101	120	103	0	-1	-1	-1	0
115	95	114	0	-1	-1	-1	0
103	121	102	0	-1	-1	-1	0
115	116	97	0	-1	-1	-1	0
98	116	117	0	-1	-1	-1	0
104	124	105	0	-1	-1	-1	0
100	118	119	0	-1	-1	-1	0
120	101	117	0	-1	-1	-1	0
127	106	107	0	-1	-1	-1	0
118	102	121	0	-1	-1	-1	0
126	111	106	0	-1	-1	-1	0
125	113	105	0	-1	-1	-1	0
103	120	122	0	-1	-1	-1	0
107	112	128	0	-1	-1	-1	0
104	119	124	0	-1	-1	-1	0
121	103	123	0	-1	-1	-1	0
122	123	103	0	-1	-1	-1	0
109	110	130	0	-1	-1	-1	0
110	111	130	0	-1	-1	-1	0
124	125	105	0	-1	-1	-1	0
126	106	127	0	-1	-1	-1	0
112	113	134	0	-1	-1	-1	0
107	128	127	0	-1	-1	-1	0
115	114	136	0	-1	-1	-1	0
130	129	109	0	-1	1	-1	0
138	116	115	0	-1	-1	-1	0
133	111	126	0	-1	-1	-1	0
138	117	116	0	-1	-1	-1	0
125	134	113	0	-1	-1	-1	0
111	131	130	0	-1	-1	-1	0
132	131	111	0	-1	-1	-1	0
112	134	128	0	-1	-1	-1	0
120	117	139	0	-1	-1	-1	0
132	111	133	0	-1	-1	-1	0
119	118	140	0	-1	-1	-1	0
141	118	121	0	-1	-1	-1	0
142	124	119	0	-1	-1	-1	0
141	121	123	0	-1	-1	-1	0
120	143	122	0	-1	-1	-1	0
135	136	114	0	-1	-1	-1	0
115	136	137	0	-1	-1	-1	0
144	123	122	0	-1	-1	-1	0
115	137	138	0	-1	-1	-1	0
129	130	131	0	-1	-1	-1	0
138	139	117	0	-1	-1	-1	0
124	146	125	0	-1	-1	-1	0
119	140	142	0	-1	-1	-1	0
141	140	118	0	-1	-1	-1	0
143	120	139	0	-1	-1	-1	0
126	127	149	0	-1	-1	-1	0
150	127	128	0	-1	-1	-1	0
134	125	147	0	-1	-1	-1	0
149	133	126	0	-1	-1	-1	0
144	122	143	0	-1	-1	-1	0
141	123	145	0	-1	-1	-1	0
142	146	124	0	-1	-1	-1	0
145	123	144	0	-1	-1	-1	0
129	131	153	0	-1	-1	1	0
128	134	152	0	-1	-1	-1	0
131	132	154	0	-1	-1	-1	0
146	148	125	0	-1	-1	-1	0
125	148	147	0	-1	-1	-1	0
132	133	156	0	-1	-1	-1	0
150	149	127	0	-1	-1	-1	0
128	151	150	0	-1	-1	-1	0
159	136	135	0	-1	-1	-1	0
151	128	152	0	-1	-1	-1	0
136	159	137	0	-1	-1	-1	0
147	152	134	0	-1	-1	-1	0
137	160	138	0	-1	-1	-1	0
139	138	160	0	-1	-1	-1	0
131	154	153	0	-1	-1	-1	0
133	149	157	0	-1	-1	-1	0
155	154	132	0	-1	-1	-1	0
160	143	139	0	-1	-1	-1	0
155	132	156	0	-1	-1	-1	0
141	162	140	0	-1	-1	-1	0
142	140	162	0	-1	-1	-1	0
156	133	157	0	-1	-1	-1	0
145	163	141	0	-1	-1	-1	0
146	142	164	0	-1	-1	-1	0
159	135	158	0	-1	-1	-1	0
143	166	144	0	-1	-1	-1	0
157	149	150	0	-1	-1	-1	0
145	144	167	0	-1	-1	-1	0
159	161	137	0	-1	-1	-1	0
148	146	164	0	-1	-1	-1	0
151	157	150	0	-1	-1	-1	0
161	160	137	0	-1	-1	-1	0
169	147	148	0	-1	-1	-1	0
162	141	163	0	-1	-1	-1	0
162	164	142	0	-1	-1	-1	0
152	147	169	0	-1	-1	-1	0
143	160	165	0	-1	-1	-1	0
143	165	166	0	-1	-1	-1	0
172	151	152	0	-1	-1	-1	0
168	163	145	0	-1	-1	-1	0
166	167	144	0	-1	-1	-1	0
151	171	157	0	-1	-1	-1	0
167	168	145	0	-1	-1	-1	0
154	174	153	0	-1	1	-1	0
164	170	148	0	-1	-1	-1	0
175	154	155	0	-1	-1	-1	0
160	161	165	0	-1	-1	-1	0
169	148	170	0	-1	-1	-1	0
156	176	155	0	-1	-1	-1	0
156	157	180	0	-1	-1	-1	0
152	169	173	0	-1	-1	-1	0
172	171	151	0	-1	-1	-1	0
172	152	173	0	-1	-1	-1	0
158	182	159	0	-1	-1	-1	0
183	161	159	0	-1	-1	-1	0
174	154	175	0	-1	-1	-1	0
175	155	177	0	-1	-1	-1	0
155	176	177	0	-1	-1	-1	0
157	171	180	0	-1	-1	-1	0
161	184	165	0	-1	-1	-1	0
162	163	185	0	-1	-1	-1	0
176	156	179	0	-1	-1	-1	0
162	186	164	0	-1	-1	-1	0
179	156	178	0	-1	-1	-1	0
156	180	178	0	-1	-1	-1	0
168	188	163	0	-1	-1	-1	0
186	170	164	0	-1	-1	-1	0
166	165	189	0	-1	-1	-1	0
182	158	181	0	-1	-1	-1	0
166	190	167	0	-1	-1	-1	0
159	182	183	0	-1	-1	-1	0
192	168	167	0	-1	-1	-1	0
184	161	183	0	-1	-1	-1	0
170	193	169	0	-1	-1	-1	0
186	162	185	0	-1	-1	-1	0
163	187	185	0	-1	-1	-1	0
169	193	173	0	-1	-1	-1	0
172	195	171	0	-1	-1	-1	0
188	187	163	0	-1	-1	-1	0
184	189	165	0	-1	-1	-1	0
173	197	172	0	-1	-1	-1	0
166	189	191	0	-1	-1	-1	0
171	195	180	0	-1	-1	-1	0
190	166	191	0	-1	-1	-1	0
188	168	192	0	-1	-1	-1	0
174	175	199	0	-1	-1	1	0
192	167	190	0	-1	-1	-1	0
194	170	186	0	-1	-1	-1	0
199	175	177	0	-1	-1	-1	0
177	176	200	0	-1	-1	-1	0
176	179	201	0	-1	-1	-1	0
194	193	170	0	-1	-1	-1	0
186	185	187	0	-1	-1	-1	0
178	205	179	0	-1	-1	-1	0
204	178	180	0	-1	-1	-1	0
172	196	195	0	-1	-1	-1	0
193	198	173	0	-1	-1	-1	0
197	196	172	0	-1	-1	-1	0
197	173	198	0	-1	-1	-1	0
208	182	181	0	-1	-1	-1	0
183	182	208	0	-1	-1	-1	0
209	184	183	0	-1	-1	-1	0
176	201	200	0	-1	-1	-1	0
202	199	177	0	1	-1	-1	0
195	204	180	0	-1	-1	-1	0
200	203	177	0	-1	-1	-1	0
203	202	177	0	-1	-1	-1	0
189	184	210	0	-1	-1	-1	0
187	211	186	0	-1	-1	-1	0
179	206	201	0	-1	-1	-1	0
178	204	205	0	-1	-1	-1	0
213	187	188	0	-1	-1	-1	0
189	210	191	0	-1	-1	-1	0
179	205	206	0	-1	-1	-1	0
186	212	194	0	-1	-1	-1	0
192	215	188	0	-1	-1	-1	0
208	181	207	0	-1	-1	-1	0
190	191	216	0	-1	-1	-1	0
190	217	192	0	-1	-1	-1	0
183	208	209	0	-1	-1	-1	0
209	210	184	0	-1	-1	-1	0
194	221	193	0	-1	-1	-1	0
212	186	211	0	-1	-1	-1	0
213	211	187	0	-1	-1	-1	0
193	221	198	0	-1	-1	-1	0
223	195	196	0	-1	-1	-1	0
213	188	214	0	-1	-1	-1	0
224	196	197	0	-1	-1	-1	0
214	188	215	0	-1	-1	-1	0
225	197	198	0	-1	-1	-1	0
191	210	219	0	-1	-1	-1	0
223	204	195	0	-1	-1	-1	0
217	215	192	0	-1	-1	-1	0
190	216	218	0	-1	-1	-1	0
190	218	217	0	-1	-1	-1	0
220	216	191	0	-1	-1	-1	0
226	200	201	0	-1	-1	-1	0
194	212	222	0	-1	-1	-1	0
227	203	200	0	-1	-1	-1	0
191	219	220	0	-1	-1	-1	0
223	205	204	0	-1	-1	-1	0
202	203	230	0	-1	-1	1	0
201	206	228	0	-1	-1	-1	0
194	222	221	0	-1	-1	-1	0
232	206	205	0	-1	-1	-1	0
224	223	196	0	-1	-1	-1	0
225	198	221	0	-1	-1	-1	0
224	197	225	0	-1	-1	-1	0
234	208	207	0	-1	-1	-1	0
208	235	209	0	-1	-1	-1	0
227	200	226	0	-1	-1	-1	0
218	216	220	0	-1	-1	-1	0
210	209	236	0	-1	-1	-1	0
201	229	226	0	-1	-1	-1	0
201	228	229	0	-1	-1	-1	0
205	223	231	0	-1	-1	-1	0
230	203	227	0	-1	-1	-1	0
211	237	212	0	-1	-1	-1	0
211	213	237	0	-1	-1	-1	0
219	210	236	0	-1	-1	-1	0
239	213	214	0	-1	-1	-1	0
228	206	232	0	-1	-1	-1	0
231	232	205	0	-1	-1	-1	0
240	214	215	0	-1	-1	-1	0
222	212	238	0	-1	-1	-1	0
217	241	215	0	-1	-1	-1	0
234	207	233	0	-1	-1	-1	0
218	241	217	0	-1	-1	-1	0
208	234	235	0	-1	-1	-1	0
236	209	235	0	-1	-1	-1	0
220	243	218	0	-1	-1	-1	0
220	219	244	0	-1	-1	-1	0
237	238	212	0	-1	-1	-1	0
239	237	213	0	-1	-1	-1	0
221	222	247	0	-1	-1	-1	0
221	246	225	0	-1	-1	-1	0
239	214	240	0	-1	-1	-1	0
224	248	223	0	-1	-1	-1	0
215	241	240	0	-1	-1	-1	0
224	225	249	0	-1	-1	-1	0
219	236	245	0	-1	-1	-1	0
241	218	242	0	-1	-1	-1	0
248	231	223	0	-1	-1	-1	0
242	218	243	0	-1	-1	-1	0
252	227	226	0	-1	-1	-1	0
222	238	247	0	-1	-1	-1	0
220	244	243	0	-1	-1	-1	0
226	229	252	0	-1	-1	-1	0
244	219	245	0	-1	-1	-1	0
230	227	253	0	-1	-1	1	0
229	228	255	0	-1	-1	-1	0
221	247	246	0	-1	-1	-1	0
228	232	255	0	-1	-1	-1	0
246	249	225	0	-1	-1	-1	0
231	258	232	0	-1	-1	-1	0
251	248	224	0	-1	-1	-1	0
224	249	250	0	-1	-1	-1	0
224	250	251	0	-1	-1	-1	0
234	233	262	0	-1	-1	-1	0
263	235	234	0	-1	-1	-1	0
227	252	254	0	-1	-1	-1	0
227	254	253	0	-1	-1	-1	0
235	264	236	0	-1	-1	-1	0
258	231	248	0	-1	-1	-1	0
229	257	252	1	-1	-1	-1	0
256	229	255	1	-1	-1	-1	0
238	237	265	0	-1	-1	-1	0
237	239	265	0	-1	-1	-1	0
257	229	256	1	-1	-1	-1	0
264	245	236	0	-1	-1	-1	0
255	232	259	0	-1	-1	-1	0
239	240	268	0	-1	-1	-1	0
258	260	232	0	-1	-1	-1	0
241	270	240	0	-1	-1	-1	0
238	266	247	0	-1	-1	-1	0
260	259	232	0	-1	-1	-1	0
241	242	271	0	-1	-1	-1	0
262	233	261	0	-1	-1	-1	0
272	242	243	0	-1	-1	-1	0
251	258	248	0	-1	-1	-1	0
234	262	263	0	-1	-1	-1	0
244	273	243	0	-1	-1	-1	0
263	264	235	0	-1	-1	-1	0
245	274	244	0	-1	-1	-1	0
267	238	265	0	-1	-1	-1	0
247	277	246	0	-1	-1	-1	0
266	238	267	0	-1	-1	-1	0
268	265	239	0	-1	-1	-1	0
278	249	246	0	-1	-1	-1	0
240	269	268	0	-1	-1	-1	0
269	240	270	0	-1	-1	-1	0
278	250	249	0	-1	-1	-1	0
280	251	250	0	-1	-1	-1	0
271	270	241	0	-1	-1	-1	0
275	245	264	0	-1	-1	-1	0
271	242	272	0	-1	-1	-1	0
273	272	243	0	-1	-1	-1	0
252	284	254	0	-1	-1	-1	0
253	254	284	0	-1	-1	1	0
282	258	251	0	-1	-1	-1	0
274	273	244	0	-1	-1	-1	0
283	252	257	1	-1	-1	-1	0
279	247	266	0	-1	-1	-1	0
274	245	276	0	-1	-1	-1	0
245	275	276	0	-1	-1	-1	0
286	256	255	1	-1	-1	-1	0
286	255	259	1	-1	-1	-1	0
278	246	277	0	-1	-1	-1	0
256	288	257	1	-1	-1	-1	0
247	279	277	0	-1	-1	-1	0
259	260	286	1	-1	-1	-1	0
278	281	250	0	-1	-1	-1	0
258	291	260	0	-1	-1	-1	0
281	280	250	0	-1	-1	-1	0
251	280	282	0	-1	-1	-1	0
295	262	261	0	-1	-1	-1	0
252	283	285	1	-1	-1	-1	0
295	263	262	0	-1	-1	-1	0
252	285	284	1	-1	-1	-1	0
296	264	263	0	-1	-1	-1	0
286	287	256	1	-1	-1	-1	0
267	265	298	0	-1	-1	-1	0
290	283	257	1	-1	-1	-1	0
265	268	298	0	-1	-1	-1	0
256	287	288	1	-1	-1	-1	0
282	291	258	0	-1	-1	-1	0
299	266	267	0	-1	-1	-1	0
257	288	289	1	-1	-1	-1	0
264	296	275	0	-1	-1	-1	0
257	289	290	1	-1	-1	-1	0
260	292	286	1	-1	-1	-1	0
301	268	269	0	-1	-1	-1	0
270	302	269	0	-1	-1	-1	0
293	260	291	1	-1	-1	-1	0
271	303	270	0	-1	-1	-1	0
299	279	266	0	-1	-1	-1	0
292	260	293	1	-1	-1	-1	0
272	303	271	0	-1	-1	-1	0
305	272	273	0	-1	-1	-1	0
294	295	261	0	-1	-1	-1	0
273	274	307	0	-1	-1	-1	0
263	295	297	0	-1	-1	-1	0
263	297	296	0	-1	-1	-1	0
274	276	307	0	-1	-1	-1	0
283	290	285	1	-1	-1	-1	0
275	309	276	0	-1	-1	-1	0
300	267	298	0	-1	-1	-1	0
278	277	311	0	-1	-1	-1	0
267	300	299	0	-1	-1	-1	0
268	301	298	0	-1	-1	-1	0
311	277	279	0	-1	-1	-1	0
278	312	281	0	-1	-1	-1	0
302	301	269	0	-1	-1	-1	0
282	280	313	0	-1	-1	-1	0
280	281	314	0	-1	-1	-1	0
302	270	304	0	-1	-1	-1	0
270	303	304	0	-1	-1	-1	0
309	275	296	0	-1	-1	-1	0
272	306	303	0	-1	-1	-1	0
306	272	305	0	-1	-1	-1	0
313	291	282	0	-1	-1	-1	0
308	305	273	0	-1	-1	-1	0
317	284	285	1	2	-1	-1	0
308	273	307	0	-1	-1	-1	0
299	311	279	0	-1	-1	-1	0
286	320	287	1	-1	-1	-1	0
310	307	276	0	-1	-1	-1	0
290	319	285	1	-1	-1	-1	0
320	288	287	1	-1	-1	-1	0
310	276	309	0	-1	-1	-1	0
292	321	286	1	-1	-1	-1	0
322	289	288	1	-1	-1	-1	0
278	311	312	0	-1	-1	-1	0
309	296	297	0	-1	-1	-1	0
290	289	323	1	-1	-1	-1	0
280	314	313	0	-1	-1	-1	0
281	312	316	0	-1	-1	-1	0
281	315	314	0	-1	-1	-1	0
328	293	291	1	-1	-1	-1	0
281	316	315	0	-1	-1	-1	0
292	293	329	1	-1	-1	-1	0
305	308	306	0	-1	-1	-1	0
317	285	318	1	-1	-1	2	0
332	295	294	0	-1	-1	-1	0
318	285	319	1	-1	-1	2	0
295	333	297	0	-1	-1	-1	0
320	286	321	1	-1	-1	-1	0
288	320	322	1	-1	-1	-1	0
328	291	313	1	-1	-1	-1	0
335	300	298	0	-1	-1	-1	0
319	290	325	1	-1	-1	2	0
298	301	335	0	-1	-1	-1	0
300	336	299	0	-1	-1	-1	0
324	289	322	1	-1	-1	-1	0
324	323	289	1	-1	-1	-1	0
327	290	323	1	-1	-1	-1	0
309	297	334	0	-1	-1	-1	0
290	326	325	1	-1	2	-1	0
321	292	329	1	-1	-1	-1	0
290	327	326	1	-1	-1	-1	0
341	301	302	0	-1	-1	-1	0
302	304	341	0	-1	-1	-1	0
311	299	337	0	-1	-1	-1	0
342	304	303	0	-1	-1	-1	0
293	328	330	1	-1	-1	-1	0
303	306	342	0	-1	-1	-1	0
293	330	329	1	-1	-1	-1	0
332	294	331	0	-1	-1	-1	0
345	306	308	0	-1	-1	-1	0
295	332	333	0	-1	-1	-1	0
346	308	307	0	-1	-1	-1	0
307	310	346	0	-1	-1	-1	0
334	297	333	0	-1	-1	-1	0
310	309	348	0	-1	-1	-1	0
311	349	312	0	-1	-1	-1	0
338	299	336	0	-1	-1	-1	0
300	335	339	0	-1	-1	-1	0
299	338	337	0	-1	-1	-1	0
336	300	339	0	-1	-1	-1	0
340	335	301	0	-1	-1	-1	0
314	350	313	1	-1	-1	-1	0
316	312	349	0	-1	-1	-1	0
315	351	314	1	-1	-1	-1	0
341	340	301	0	-1	-1	-1	0
316	353	315	0	-1	-1	-1	0
343	341	304	0	-1	-1	-1	0
342	343	304	0	-1	-1	-1	0
350	328	313	1	-1	-1	-1	0
334	348	309	0	-1	-1	-1	0
344	342	306	0	-1	-1	-1	0
344	306	345	0	-1	-1	-1	0
321	355	320	1	-1	-1	-1	0
322	320	355	1	-1	-1	-1	0
349	311	337	0	-1	-1	-1	0
347	345	308	0	-1	-1	-1	0
347	308	346	0	-1	-1	-1	0
324	322	357	1	-1	-1	-1	0
348	346	310	0	-1	-1	-1	0
323	324	359	1	-1	-1	-1	0
356	321	329	1	-1	-1	-1	0
358	327	323	1	-1	-1	-1	0
362	326	327	1	2	-1	-1	0
350	314	351	1	-1	-1	-1	0
351	315	352	1	-1	-1	-1	0
316	349	354	0	-1	-1	-1	0
352	315	353	1	-1	-1	-1	0
365	330	328	1	-1	-1	-1	0
316	354	353	0	-1	-1	-1	0
366	329	330	1	-1	-1	-1	0
369	332	331	0	-1	-1	-1	0
355	321	356	1	-1	-1	-1	0
355	357	322	1	-1	-1	-1	0
333	332	369	0	-1	-1	-1	0
370	334	333	0	-1	-1	-1	0
323	359	358	1	-1	-1	-1	0
361	324	357	1	-1	-1	-1	0
364	328	350	1	-1	-1	-1	0
359	324	360	1	-1	-1	-1	0
360	324	361	1	-1	-1	-1	0
339	335	372	0	-1	-1	-1	0
340	372	335	0	-1	-1	-1	0
338	336	373	0	-1	-1	-1	0
327	358	363	1	-1	2	-1	0
373	336	339	0	-1	-1	-1	0
375	337	338	0	-1	-1	-1	0
329	366	356	1	-1	-1	-1	0
327	363	362	1	-1	2	-1	0
371	348	334	0	-1	-1	-1	0
365	328	364	1	-1	-1	-1	0
378	340	341	0	-1	-1	-1	0
374	349	337	0	-1	-1	-1	0
365	367	330	1	-1	-1	-1	0
341	343	379	0	-1	-1	-1	0
366	330	367	1	-1	-1	-1	0
380	343	342	0	-1	-1	-1	0
364	350	351	1	-1	-1	-1	0
380	342	344	0	-1	-1	-1	0
331	368	369	0	-1	-1	-1	0
344	345	382	0	-1	-1	-1	0
333	369	370	0	-1	-1	-1	0
345	347	383	0	-1	-1	-1	0
371	334	370	0	-1	-1	-1	0
354	349	374	0	-1	-1	-1	0
346	384	347	0	-1	-1	-1	0
348	384	346	0	-1	-1	-1	0
373	339	372	0	-1	-1	-1	0
337	375	374	0	-1	-1	-1	0
373	376	338	0	-1	-1	-1	0
376	375	338	0	-1	-1	-1	0
377	372	340	0	-1	-1	-1	0
387	351	352	1	-1	-1	-1	0
353	388	352	1	-1	-1	-1	0
340	378	377	0	-1	-1	-1	0
389	353	354	0	-1	-1	-1	0
378	341	379	0	-1	-1	-1	0
387	364	351	1	-1	-1	-1	0
381	379	343	0	-1	-1	-1	0
380	381	343	0	-1	-1	-1	0
355	356	394	1	-1	-1	-1	0
355	393	357	1	-1	-1	-1	0
380	344	382	0	-1	-1	-1	0
386	348	371	0	-1	-1	-1	0
382	345	383	0	-1	-1	-1	0
361	357	393	1	-1	-1	-1	0
358	359	395	1	-1	-1	2	0
385	383	347	0	-1	-1	-1	0
396	359	360	1	-1	-1	-1	0
347	384	385	0	-1	-1	-1	0
356	366	394	1	-1	-1	-1	0
348	386	384	0	-1	-1	-1	0
374	391	354	0	-1	-1	-1	0
361	399	360	1	-1	-1	-1	0
352	388	387	1	-1	-1	-1	0
364	402	365	1	-1	-1	-1	0
353	390	388	1	-1	-1	-1	0
390	353	389	1	-1	-1	-1	0
354	391	389	0	-1	-1	-1	0
365	404	367	1	-1	-1	-1	0
366	367	405	1	-1	-1	-1	0
355	392	393	1	-1	-1	-1	0
392	355	394	1	-1	-1	-1	0
368	408	369	0	-1	-1	-1	0
409	370	369	0	-1	-1	-1	0
395	359	396	1	-1	-1	2	0
371	370	410	0	-1	-1	-1	0
396	360	397	1	-1	-1	2	0
364	387	402	1	-1	-1	-1	0
360	398	397	1	-1	2	-1	0
401	361	393	1	-1	-1	-1	0
398	360	399	1	-1	-1	-1	0
412	373	372	0	-1	-1	-1	0
400	399	361	1	-1	-1	-1	0
372	377	412	0	-1	-1	-1	0
376	373	413	0	-1	-1	-1	0
361	401	400	1	-1	-1	-1	0
374	375	414	0	-1	-1	-1	0
376	415	375	0	-1	-1	-1	0
366	406	394	1	-1	-1	-1	0
386	371	411	0	-1	-1	-1	0
402	403	365	1	-1	-1	-1	0
404	365	403	1	-1	-1	-1	0
378	417	377	0	-1	-1	-1	0
379	418	378	0	-1	-1	-1	0
405	367	404	1	-1	-1	-1	0
366	405	406	1	-1	-1	-1	0
381	419	379	0	-1	-1	-1	0
374	414	391	0	-1	-1	-1	0
380	420	381	0	-1	-1	-1	0
382	420	380	0	-1	-1	-1	0
408	368	407	0	-1	-1	-1	0
369	408	409	0	-1	-1	-1	0
382	383	422	0	-1	-1	-1	0
410	370	409	0	-1	-1	-1	0
422	383	385	0	-1	-1	-1	0
371	410	411	0	-1	-1	-1	0
423	385	384	0	-1	-1	-1	0
386	423	384	0	-1	-1	-1	0
373	412	413	0	-1	-1	-1	0
387	388	427	1	-1	-1	-1	0
375	415	414	0	-1	-1	-1	0
427	388	390	1	-1	-1	-1	0
416	376	413	0	-1	-1	-1	0
412	377	417	0	-1	-1	-1	0
415	376	416	0	-1	-1	-1	0
389	391	428	0	-1	-1	-1	0
429	390	389	1	-1	-1	-1	0
378	418	417	0	-1	-1	-1	0
387	426	402	1	-1	-1	-1	0
418	379	419	0	-1	-1	-1	0
431	392	394	1	-1	-1	-1	0
392	433	393	1	-1	-1	-1	0
411	423	386	0	-1	-1	-1	0
381	420	419	0	-1	-1	-1	0
382	421	420	0	-1	-1	-1	0
422	421	382	0	-1	-1	-1	0
393	433	401	1	-1	-1	-1	0
406	431	394	1	-1	-1	-1	0
402	426	403	1	-1	-1	-1	0
424	422	385	0	-1	-1	-1	0
398	399	434	1	-1	-1	2	0
414	428	391	0	-1	-1	-1	0
423	425	385	0	-1	-1	-1	0
425	424	385	0	-1	-1	-1	0
399	400	435	1	-1	-1	-1	0
400	401	436	8	-1	-1	-1	0
387	427	426	1	-1	-1	-1	0
389	428	429	1	-1	-1	-1	0
430	427	390	1	-1	-1	-1	0
404	403	440	1	-1	-1	-1	0
429	430	390	1	-1	-1	-1	0
441	405	404	1	-1	-1	-1	0
406	405	442	1	-1	-1	-1	0
432	392	431	1	-1	-1	-1	0
433	392	432	1	-1	-1	-1	0
446	408	407	0	-1	-1	-1	0
409	408	446	0	-1	-1	-1	0
447	410	409	0	-1	-1	-1	0
434	399	435	1	-1	-1	-1	0
440	403	426	1	-1	-1	-1	0
410	448	411	0	-1	-1	-1	0
433	438	401	8	-1	-1	-1	0
437	435	400	8	-1	-1	-1	0
437	400	436	8	-1	-1	-1	0
450	413	412	0	-1	-1	-1	0
401	439	436	8	-1	-1	-1	0
401	438	439	8	-1	-1	-1	0
450	416	413	0	-1	-1	-1	0
412	417	450	0	-1	-1	-1	0
414	415	451	0	-1	-1	-1	0
444	431	406	1	-1	-1	-1	0
451	415	416	0	-1	-1	-1	0
423	411	449	0	-1	-1	-1	0
440	441	404	1	-1	-1	-1	0
405	441	442	1	-1	-1	-1	0
406	442	443	1	-1	-1	-1	0
417	418	456	0	-1	-1	-1	0
444	406	443	1	-1	-1	-1	0
457	418	419	0	-1	-1	-1	0
428	414	453	0	-1	-1	-1	0
420	459	419	0	-1	-1	-1	0
407	445	446	0	-1	-1	-1	0
460	420	421	0	-1	-1	-1	0
409	446	447	0	-1	-1	-1	0
422	461	421	0	-1	-1	-1	0
410	447	448	0	-1	-1	-1	0
432	431	444	1	-1	-1	-1	0
449	411	448	0	-1	-1	-1	0
422	424	462	0	-1	-1	-1	0
423	463	425	0	-1	-1	-1	0
424	425	464	0	-1	-1	-1	0
451	452	414	0	-1	-1	-1	0
452	453	414	0	-1	-1	-1	0
466	426	427	1	-1	-1	-1	0
416	450	454	0	-1	-1	-1	0
451	416	455	0	-1	-1	-1	0
456	450	417	0	-1	-1	-1	0
427	430	467	1	-1	-1	-1	0
428	468	429	1	-1	-1	-1	0
416	454	455	0	-1	-1	-1	0
429	469	430	1	-1	-1	-1	0
456	418	458	0	-1	-1	-1	0
426	466	440	1	-1	-1	-1	0
457	458	418	0	-1	-1	-1	0
449	463	423	0	-1	-1	-1	0
459	457	419	0	-1	-1	-1	0
473	433	432	8	-1	-1	-1	0
420	460	459	0	-1	-1	-1	0
461	460	421	0	-1	-1	-1	0
474	434	435	1	2	-1	-1	0
473	438	433	8	-1	-1	-1	0
422	462	461	0	-1	-1	-1	0
435	437	475	8	-1	-1	-1	0
444	472	432	8	-1	-1	-1	0
428	453	468	1	-1	-1	-1	0
424	464	462	0	-1	-1	-1	0
437	436	477	8	-1	-1	-1	0
436	439	476	8	-1	-1	-1	0
465	425	463	0	-1	-1	-1	0
465	464	425	0	-1	-1	-1	0
480	439	438	2	-1	-1	-1	-5.3725657260876378
451	455	452	0	-1	-1	-1	0
450	456	454	0	-1	-1	-1	0
467	466	427	1	-1	-1	-1	0
441	440	485	1	-1	-1	-1	0
429	468	469	1	-1	-1	-1	0
471	467	430	1	-1	-1	-1	0
430	469	470	1	-1	-1	-1	0
441	486	442	1	-1	-1	-1	0
470	471	430	1	-1	-1	-1	0
442	487	443	1	-1	-1	-1	0
444	443	489	8	-1	-1	-1	0
472	473	432	8	-1	-1	-1	0
475	474	435	8	4	-1	-1	0
445	493	446	0	-1	-1	-1	0
446	494	447	0	-1	-1	-1	0
436	476	477	8	-1	-1	-1	0
440	466	484	1	-1	-1	-1	0
448	447	495	0	-1	-1	-1	0
479	475	437	8	-1	-1	-1	0
495	449	448	0	-1	-1	-1	0
481	438	473	2	-1	-1	-1	-5.3725657260876378
477	478	437	8	-1	-1	-1	0
437	478	479	8	-1	-1	-1	0
439	482	476	2	-1	-1	-1	-5.3725657260876378
481	480	438	2	-1	-1	-1	-5.3725657260876378
439	480	482	2	-1	-1	-1	-5.3725657260876378
497	453	452	0	-1	-1	-1	0
452	455	498	0	-1	-1	-1	0
440	484	483	1	-1	-1	-1	0
491	472	444	8	-1	-1	-1	0
485	440	483	1	-1	-1	-1	0
449	496	463	0	-1	-1	-1	0
454	501	455	0	-1	-1	-1	0
441	485	486	1	-1	-1	-1	0
454	456	502	0	-1	-1	-1	0
486	488	442	1	-1	-1	-1	0
458	502	456	0	-1	-1	-1	0
488	487	442	1	-1	-1	-1	0
458	457	503	0	-1	-1	-1	0
499	468	453	1	-1	-1	-1	0
443	487	490	8	-1	-1	-1	0
457	459	504	0	-1	-1	-1	0
443	490	489	8	-1	-1	-1	0
504	459	460	0	-1	-1	-1	0
491	444	489	8	-1	-1	-1	0
465	463	496	0	-1	-1	-1	0
460	461	507	0	-1	-1	-1	0
492	493	445	0	-1	-1	-1	0
462	508	461	0	-1	-1	-1	0
494	446	493	0	-1	-1	-1	0
464	509	462	0	-1	-1	-1	0
499	469	468	1	-1	-1	-1	0
447	494	495	0	-1	-1	-1	0
469	499	470	1	-1	-1	-1	0
465	510	464	0	-1	-1	-1	0
495	496	449	0	-1	-1	-1	0
467	514	466	1	-1	-1	-1	0
497	452	498	0	-1	-1	-1	0
497	500	453	1	-1	-1	-1	0
467	471	514	1	-1	-1	-1	0
453	500	499	1	-1	-1	-1	0
498	455	501	0	-1	-1	-1	0
516	471	470	1	-1	-1	-1	0
502	501	454	0	-1	-1	-1	0
466	514	484	1	-1	-1	-1	0
504	503	457	0	-1	-1	-1	0
472	520	473	2	-1	-1	-1	-5.3725657260876378
502	458	505	0	-1	-1	-1	0
503	505	458	0	-1	-1	-1	0
504	460	506	0	-1	-1	-1	0
496	511	465	0	-1	-1	-1	0
507	506	460	0	-1	-1	-1	0
481	473	520	2	-1	-1	-1	-5.3725657260876378
508	507	461	0	-1	-1	-1	0
475	479	522	8	-1	-1	-1	0
477	476	524	8	-1	-1	-1	0
477	526	478	8	-1	-1	-1	0
462	509	508	0	-1	-1	-1	0
509	464	510	0	-1	-1	-1	0
482	525	476	2	-1	-1	-1	-5.3725657260876378
521	472	491	2	-1	-1	-1	-5.3725657260876378
499	515	470	1	-1	-1	-1	0
528	479	478	8	-1	-1	-1	0
512	510	465	0	-1	-1	-1	0
511	513	465	0	-1	-1	-1	0
465	513	512	0	-1	-1	-1	0
480	481	531	2	-1	-1	-1	-5.3725657260876378
480	532	482	2	-1	-1	-1	-5.3725657260876378
470	515	516	1	-1	-1	-1	0
483	484	535	1	-1	-1	-1	0
496	495	511	0	-1	-1	-1	0
471	518	514	1	-1	-1	-1	0
483	536	485	1	-1	-1	-1	0
519	471	516	1	-1	-1	-1	0
517	518	471	1	-1	-1	-1	0
519	517	471	1	-1	-1	-1	0
486	485	538	1	-1	-1	-1	0
520	472	521	2	-1	-1	-1	-5.3725657260876378
486	540	488	1	-1	-1	-1	0
500	515	499	1	-1	-1	-1	0
484	514	518	1	-1	-1	-1	0
488	541	487	1	-1	-1	-1	0
487	542	490	8	-1	-1	-1	0
523	475	522	8	4	-1	-1	0
524	476	525	2	-1	-1	-1	-5.3725657260876378
547	489	490	8	-1	-1	-1	0
546	491	489	8	-1	-1	-1	0
527	477	524	8	-1	-1	-1	0
479	529	522	8	-1	-1	-1	0
526	477	527	8	-1	-1	-1	0
526	528	478	8	-1	-1	-1	0
533	481	520	2	-1	-1	-1	-5.3725657260876378
492	552	493	0	-1	-1	-1	0
528	530	479	8	-1	-1	-1	0
529	479	530	8	-1	-1	-1	0
484	518	537	1	-1	-1	-1	0
493	553	494	0	-1	-1	-1	0
525	482	534	8	-1	-1	-1	0
494	553	495	0	-1	-1	-1	0
532	480	531	2	-1	-1	-1	-5.3725657260876378
531	481	533	2	-1	-1	-1	-5.3725657260876378
534	482	532	8	-1	-1	-1	0
556	497	498	0	-1	-1	-1	0
556	500	497	1	-1	-1	-1	0
536	483	535	1	-1	-1	-1	0
498	501	557	0	-1	-1	-1	0
484	537	535	1	-1	-1	-1	0
495	554	511	0	-1	-1	-1	0
536	539	485	1	-1	-1	-1	0
502	559	501	0	-1	-1	-1	0
550	521	491	2	-1	-1	-1	-5.3725657260876378
539	538	485	1	-1	-1	-1	0
540	486	538	1	-1	-1	-1	0
502	505	560	0	-1	-1	-1	0
504	561	503	0	-1	-1	-1	0
562	505	503	0	-1	-1	-1	0
487	541	542	8	-1	-1	-1	0
518	517	537	1	-1	-1	-1	0
488	543	541	1	-1	-1	-1	0
558	515	500	1	-1	-1	-1	0
488	540	545	1	-1	-1	-1	0
564	504	506	0	-1	-1	-1	0
488	544	543	1	-1	-1	-1	0
488	545	544	1	-1	-1	-1	0
513	511	554	0	-1	-1	-1	0
506	507	566	0	-1	-1	-1	0
508	566	507	0	-1	-1	-1	0
490	542	549	8	-1	-1	-1	0
547	546	489	8	-1	-1	-1	0
525	534	523	8	-1	4	-1	0
509	567	508	0	-1	-1	-1	0
548	547	490	8	-1	-1	-1	0
550	491	546	2	-1	-1	-1	-5.3725657260876378
548	490	549	8	-1	-1	-1	0
510	568	509	0	-1	-1	-1	0
569	510	512	0	-1	-1	-1	0
552	492	551	0	-1	-1	-1	0
512	513	570	0	-1	-1	-1	0
553	493	552	0	-1	-1	-1	0
495	553	555	0	-1	-1	-1	0
515	572	516	1	-1	-1	-1	0
495	555	554	0	-1	-1	-1	0
516	573	519	1	-1	-1	-1	0
519	574	517	1	-1	-1	-1	0
556	498	557	0	-1	-1	-1	0
500	556	558	1	-1	-1	-1	0
501	559	557	0	-1	-1	-1	0
521	577	520	2	-1	-1	-1	-5.3725657260876378
502	560	559	0	-1	-1	-1	0
523	522	580	8	-1	-1	-1	0
503	561	562	0	-1	-1	-1	0
560	505	562	0	-1	-1	-1	0
525	523	580	8	-1	-1	-1	0
574	537	517	1	-1	-1	-1	0
533	520	577	2	-1	-1	-1	-5.3725657260876378
565	561	504	0	-1	-1	-1	0
524	525	581	2	-1	-1	-1	-5.3725657260876378
564	563	504	0	-1	-1	-1	0
529	580	522	8	-1	-1	-1	0
581	527	524	2	-1	-1	-1	-5.3725657260876378
504	563	565	0	-1	-1	-1	0
527	582	526	8	-1	-1	-1	0
506	566	564	0	-1	-1	-1	0
526	582	528	8	-1	-1	-1	0
554	571	513	0	-1	-1	-1	0
508	567	566	0	-1	-1	-1	0
528	584	530	8	-1	-1	-1	0
530	585	529	8	-1	-1	-1	0
568	567	509	0	-1	-1	-1	0
515	558	572	1	-1	-1	-1	0
510	569	568	0	-1	-1	-1	0
579	521	550	2	-1	-1	-1	-5.3725657260876378
532	531	588	2	-1	-1	-1	-5.3725657260876378
512	570	569	0	-1	-1	-1	0
533	587	531	2	-1	-1	-1	-5.3725657260876378
570	513	571	0	-1	-1	-1	0
534	532	589	8	-1	-1	4	0
573	516	572	1	-1	-1	-1	0
535	593	536	1	-1	-1	-1	0
537	593	535	1	-1	-1	-1	0
519	573	575	1	-1	-1	-1	0
539	536	594	1	-1	-1	-1	0
519	576	574	1	-1	-1	-1	0
519	575	576	1	-1	-1	-1	0
596	538	539	1	-1	-1	-1	0
540	538	596	1	-1	-1	-1	0
521	578	577	2	-1	-1	-1	-5.3725657260876378
578	521	579	2	-1	-1	-1	-5.3725657260876378
555	571	554	0	-1	-1	-1	0
601	542	541	8	-1	-1	-1	0
600	545	540	1	-1	-1	-1	0
541	543	601	8	-1	-1	-1	0
525	580	581	8	-1	-1	-1	0
601	543	544	8	-1	-1	-1	0
527	581	583	2	-1	-1	-1	-5.3725657260876378
582	527	583	2	-1	-1	-1	-5.3725657260876378
585	580	529	8	-1	-1	-1	0
582	584	528	8	-1	-1	-1	0
542	604	549	8	-1	-1	-1	0
607	544	545	1	-1	-1	-1	0
584	586	530	8	-1	-1	-1	0
585	530	586	8	-1	-1	-1	0
577	591	533	2	-1	-1	-1	-5.3725657260876378
546	547	609	8	-1	-1	-1	0
610	550	546	2	-1	-1	-1	-5.3725657260876378
531	587	588	2	-1	-1	-1	-5.3725657260876378
611	547	548	8	-1	-1	-1	0
595	537	574	1	-1	-1	-1	0
588	590	532	8	-1	-1	-1	0
613	548	549	8	-1	-1	-1	0
590	589	532	8	4	-1	-1	0
592	587	533	2	-1	-1	-1	-5.3725657260876378
533	591	592	2	-1	-1	-1	-5.3725657260876378
552	551	619	0	-1	-1	-1	0
536	593	594	1	-1	-1	-1	0
593	537	595	1	-1	-1	-1	0
552	621	553	0	-1	-1	-1	0
553	621	555	0	-1	-1	-1	0
598	539	594	1	-1	-1	-1	0
597	596	539	1	-1	-1	-1	0
597	539	598	1	-1	-1	-1	0
596	599	540	1	-1	-1	-1	0
556	624	558	1	-1	-1	-1	0
557	625	556	0	-1	-1	-1	0
600	540	599	1	-1	-1	-1	0
627	557	559	0	-1	-1	-1	0
580	583	581	8	-1	-1	-1	0
616	579	550	2	-1	-1	-1	-5.3725657260876378
542	601	603	8	-1	-1	-1	0
627	559	560	0	-1	-1	-1	0
542	603	602	8	-1	-1	-1	0
580	585	583	8	-1	-1	-1	0
623	571	555	0	-1	-1	-1	0
602	605	542	8	-1	-1	-1	0
544	606	601	8	-1	-1	-1	0
586	582	583	2	-1	-1	-1	-5.3725657260876378
542	605	604	8	-1	-1	-1	0
586	584	582	2	-1	-1	-1	-5.3725657260876378
630	560	562	0	-1	-1	-1	0
545	600	608	1	-1	-1	-1	0
586	583	585	8	-1	-1	-1	0
561	631	562	0	-1	-1	-1	0
561	565	631	0	-1	-1	-1	0
606	544	607	8	-1	-1	-1	0
628	572	558	1	-1	-1	-1	0
564	632	563	0	-1	-1	-1	0
565	563	632	0	-1	-1	-1	0
608	607	545	1	-1	-1	-1	0
564	566	633	0	-1	-1	-1	0
546	609	610	2	-1	-1	-1	-5.3725657260876378
566	567	633	0	-1	-1	-1	0
614	549	604	8	-1	-1	-1	0
547	612	609	8	-1	-1	-1	0
547	611	612	8	-1	-1	-1	0
567	568	635	0	-1	-1	-1	0
613	611	548	8	-1	-1	-1	0
568	569	635	0	-1	-1	-1	0
570	637	569	0	-1	-1	-1	0
610	617	550	2	-1	-1	-1	-5.3725657260876378
549	615	613	8	-1	-1	-1	0
615	549	614	8	-1	-1	-1	0
571	640	570	0	-1	-1	-1	0
550	617	616	2	-1	-1	-1	-5.3725657260876378
642	573	572	1	-1	-1	-1	0
618	619	551	0	-1	-1	-1	0
642	575	573	1	-1	-1	-1	0
619	620	552	0	-1	-1	-1	0
576	643	574	1	-1	-1	-1	0
621	552	620	0	-1	-1	-1	0
575	645	576	1	-1	-1	-1	0
555	621	622	0	-1	-1	-1	0
555	622	623	0	-1	-1	-1	0
598	605	597	1	-1	-1	-1	0
605	602	597	1	-1	-1	-1	0
578	649	577	2	-1	-1	-1	-5.3725657260876378
624	556	625	1	-1	-1	-1	0
579	650	578	2	-1	-1	-1	-5.3725657260876378
557	626	625	0	-1	-1	-1	0
628	558	624	1	-1	-1	-1	0
626	557	627	0	-1	-1	-1	0
574	644	595	1	-1	-1	-1	0
560	629	627	0	-1	-1	-1	0
591	577	649	2	-1	-1	-1	-5.3725657260876378
630	629	560	0	-1	-1	-1	0
631	630	562	0	-1	-1	-1	0
632	564	633	0	-1	-1	-1	0
655	588	587	2	-1	-1	-1	-5.3725657260876378
634	631	565	0	-1	-1	-1	0
565	632	634	0	-1	-1	-1	0
612	610	609	2	-1	-1	-1	-5.3725657260876378
623	640	571	0	-1	-1	-1	0
590	588	656	8	-1	-1	4	0
587	592	655	2	-1	-1	-1	-5.3725657260876378
633	567	636	0	-1	-1	-1	0
636	567	635	0	-1	-1	-1	0
572	628	641	1	-1	-1	-1	0
658	592	591	2	-1	-1	-1	-5.3725657260876378
635	569	638	0	-1	-1	-1	0
638	569	637	0	-1	-1	-1	0
637	570	639	0	-1	-1	-1	0
639	570	640	0	-1	-1	-1	0
594	593	662	1	-1	-1	-1	0
654	579	616	8	-1	-1	-1	0
593	595	661	1	-1	-1	-1	0
594	663	598	1	-1	-1	-1	0
641	642	572	1	-1	-1	-1	0
605	598	653	1	-1	-1	-1	0
665	596	597	1	-1	-1	-1	0
596	665	599	1	-1	-1	-1	0
574	643	644	1	-1	-1	-1	0
605	654	604	8	-1	-1	-1	0
620	622	621	0	-1	-1	-1	0
575	642	646	1	-1	-1	-1	0
597	602	665	1	-1	-1	-1	0
646	645	575	1	-1	-1	-1	0
667	600	599	1	-1	-1	-1	0
648	643	576	1	-1	-1	-1	0
645	647	576	1	-1	-1	-1	0
665	602	603	1	-1	-1	-1	0
647	648	576	1	-1	-1	-1	0
601	669	603	8	-1	-1	-1	0
606	669	601	8	-1	-1	-1	0
668	608	600	1	-1	-1	-1	0
651	649	578	2	-1	-1	-1	-5.3725657260876378
651	578	650	2	-1	-1	-1	-5.3725657260876378
668	606	607	8	-1	-1	-1	0
652	650	579	8	-1	-1	-1	0
608	668	607	8	-1	-1	-1	0
652	579	653	8	-1	-1	-1	0
579	654	653	8	-1	-1	-1	0
617	654	616	8	-1	-1	-1	0
674	612	611	8	-1	-1	-1	0
670	614	604	8	-1	-1	-1	0
613	674	611	8	-1	-1	-1	0
610	612	672	2	-1	-1	-1	-5.3725657260876378
658	591	649	2	-1	-1	-1	-5.3725657260876378
671	617	610	2	-1	-1	-1	-5.3725657260876378
588	655	657	8	-1	-1	-1	0
657	656	588	8	4	-1	-1	0
615	675	613	8	-1	-1	-1	0
664	595	644	1	-1	-1	-1	0
614	676	615	8	-1	-1	-1	0
592	660	655	2	-1	-1	-1	-5.3725657260876378
658	659	592	2	-1	-1	-1	-5.3725657260876378
660	592	659	2	-1	-1	-1	-5.3725657260876378
605	653	654	8	-1	-1	-1	0
639	638	637	0	-1	-1	-1	0
618	679	619	0	-1	-1	-1	0
593	661	662	1	-1	-1	-1	0
598	666	653	1	-1	-1	-1	0
662	663	594	1	-1	-1	-1	0
619	680	620	0	-1	-1	-1	0
664	661	595	1	-1	-1	-1	0
622	620	680	0	-1	-1	-1	0
623	622	681	0	-1	-1	-1	0
666	598	663	1	-1	-1	-1	0
670	604	654	8	-1	-1	-1	0
665	667	599	1	-1	-1	-1	0
625	684	624	1	-1	-1	-1	0
600	667	668	1	-1	-1	-1	0
625	626	685	0	-1	-1	-1	0
628	624	684	1	-1	-1	-1	0
665	603	669	1	-1	-1	-1	0
626	627	686	0	-1	-1	-1	0
617	670	654	8	-1	-1	-1	0
627	629	686	0	-1	-1	-1	0
668	669	606	8	-1	-1	-1	0
682	640	623	0	-1	-1	-1	0
690	629	630	0	-1	-1	-1	0
630	631	692	0	-1	-1	-1	0
610	673	671	2	-1	-1	-1	-5.3725657260876378
610	672	673	2	-1	-1	-1	-5.3725657260876378
687	641	628	1	-1	-1	-1	0
692	631	634	0	-1	-1	-1	0
649	651	658	2	-1	-1	-1	-5.3725657260876378
612	674	672	2	-1	-1	-1	-5.3725657260876378
671	670	617	8	-1	-1	-1	0
633	693	632	0	-1	-1	-1	0
676	614	670	8	-1	-1	-1	0
634	632	694	0	-1	-1	-1	0
675	674	613	8	-1	-1	-1	0
633	636	693	0	-1	-1	-1	0
677	675	615	8	-1	-1	-1	0
635	697	636	0	-1	-1	-1	0
615	676	677	8	-1	-1	-1	0
638	697	635	0	-1	-1	-1	0
653	666	652	1	-1	-1	-1	0
679	618	678	0	-1	-1	-1	0
700	638	639	0	-1	-1	-1	0
679	680	619	0	-1	-1	-1	0
703	639	640	0	-1	-1	-1	0
622	680	681	0	-1	-1	-1	0
664	662	661	1	-1	-1	-1	0
704	642	641	1	-1	-1	-1	0
683	623	681	0	-1	-1	-1	0
683	682	623	0	-1	-1	-1	0
706	644	643	1	-1	-1	-1	0
642	705	646	1	-1	-1	-1	0
685	626	686	0	-1	-1	-1	0
685	684	625	1	-1	-1	-1	0
706	643	648	1	-1	-1	-1	0
628	684	688	1	-1	-1	-1	0
708	647	645	1	-1	-1	-1	0
645	646	709	1	-1	-1	-1	0
669	667	665	1	-1	-1	-1	0
669	668	667	1	-1	-1	-1	0
628	689	687	1	-1	-1	-1	0
629	690	686	0	-1	-1	-1	0
688	689	628	1	-1	-1	-1	0
647	713	648	1	-1	-1	-1	0
630	691	690	0	-1	-1	-1	0
691	630	692	0	-1	-1	-1	0
671	673	670	8	-1	-1	-1	0
644	707	664	1	-1	-1	-1	0
650	715	651	2	-1	-1	-1	-5.3725657260876378
650	652	716	8	-1	-1	-1	0
693	694	632	0	-1	-1	-1	0
673	676	670	8	-1	-1	-1	0
634	695	692	0	-1	-1	-1	0
672	677	673	2	-1	-1	-1	-5.3725657260876378
672	674	677	2	-1	-1	-1	-5.3725657260876378
696	634	694	0	-1	-1	-1	0
696	695	634	0	-1	-1	-1	0
682	703	640	0	-1	-1	-1	0
717	658	651	2	-1	-1	-1	-5.3725657260876378
673	677	676	8	-1	-1	-1	0
677	674	675	2	-1	-1	-1	-5.3725657260876378
693	636	699	0	-1	-1	-1	0
636	697	698	0	-1	-1	-1	0
657	655	720	8	-1	-1	4	0
704	641	687	1	-1	-1	-1	0
699	636	698	0	-1	-1	-1	0
717	659	658	2	-1	-1	-1	-5.3725657260876378
701	697	638	0	-1	-1	-1	0
666	718	652	1	-1	-1	-1	0
655	660	722	2	-1	-1	-1	-5.3725657260876378
638	700	702	0	-1	-1	-1	0
702	701	638	0	-1	-1	-1	0
660	659	723	2	-1	-1	-1	-5.3725657260876378
639	703	700	0	-1	-1	-1	0
663	662	725	1	-1	-1	-1	0
642	704	705	1	-1	-1	-1	0
662	664	726	1	-1	-1	-1	0
666	663	725	1	-1	-1	-1	0
644	706	707	1	-1	-1	-1	0
646	705	710	1	-1	-1	-1	0
709	708	645	1	-1	-1	-1	0
709	646	711	1	-1	-1	-1	0
713	647	708	1	-1	-1	-1	0
648	714	706	1	-1	-1	-1	0
710	712	646	1	-1	-1	-1	0
712	711	646	1	-1	-1	-1	0
713	714	648	1	-1	-1	-1	0
695	691	692	0	-1	-1	-1	0
704	687	689	1	-1	-1	-1	0
650	716	715	8	-1	-1	-1	0
717	651	715	2	-1	-1	-1	-5.3725657260876378
716	652	718	1	-1	-1	-1	0
699	694	693	0	-1	-1	-1	0
730	679	678	0	-1	-1	-1	0
733	680	679	0	-1	-1	-1	0
733	681	680	0	-1	-1	-1	0
719	720	655	8	4	-1	-1	0
719	655	721	8	-1	-1	4	0
701	698	697	0	-1	-1	-1	0
733	683	681	0	-1	-1	-1	0
721	655	722	8	-1	-1	-1	0
727	664	707	1	-1	-1	-1	0
717	723	659	2	-1	-1	-1	-5.3725657260876378
734	682	683	0	-1	-1	-1	0
684	685	736	1	-1	-1	-1	0
660	724	722	2	-1	-1	-1	-5.3725657260876378
724	660	723	2	-1	-1	-1	-5.3725657260876378
688	684	736	1	-1	-1	-1	0
685	686	737	0	-1	-1	-1	0
728	718	666	1	-1	-1	-1	0
725	662	726	1	-1	-1	-1	0
737	686	690	0	-1	-1	-1	0
688	739	689	1	-1	-1	-1	0
727	726	664	1	-1	-1	-1	0
734	703	682	0	-1	-1	-1	0
666	725	729	1	-1	-1	-1	0
666	729	728	1	-1	-1	-1	0
742	690	691	0	-1	-1	-1	0
691	695	742	0	-1	-1	-1	0
743	696	694	0	-1	-1	-1	0
704	689	740	1	-1	-1	-1	0
696	744	695	0	-1	-1	-1	0
694	699	743	0	-1	-1	-1	0
730	678	731	0	-1	-1	-1	0
679	730	732	0	-1	-1	-1	0
733	679	732	0	-1	-1	-1	0
698	748	699	0	-1	-1	-1	0
748	698	701	0	-1	-1	-1	0
735	683	733	0	-1	-1	-1	0
700	750	702	0	-1	-1	-1	0
734	683	735	0	-1	-1	-1	0
703	750	700	0	-1	-1	-1	0
701	702	751	0	-1	-1	-1	0
685	738	736	1	-1	-1	-1	0
685	737	738	0	-1	-1	-1	0
736	739	688	1	-1	-1	-1	0
754	705	704	1	-1	-1	-1	0
740	689	739	1	-1	-1	-1	0
741	737	690	0	-1	-1	-1	0
707	706	756	1	-1	-1	-1	0
755	710	705	1	-1	-1	-1	0
741	690	742	0	-1	-1	-1	0
761	708	709	1	-1	-1	-1	0
714	758	706	1	-1	-1	-1	0
726	729	725	1	-1	-1	-1	0
759	713	708	1	-1	-1	-1	0
695	745	742	0	-1	-1	-1	0
763	709	711	1	-1	-1	-1	0
695	744	745	0	-1	-1	-1	0
696	743	747	0	-1	-1	-1	0
696	746	744	0	-1	-1	-1	0
750	703	734	0	-1	-1	-1	0
712	710	765	1	-1	-1	-1	0
711	712	766	8	-1	-1	-1	0
696	747	746	0	-1	-1	-1	0
727	707	756	1	-1	-1	-1	0
743	699	749	0	-1	-1	-1	0
699	748	749	0	-1	-1	-1	0
770	714	713	1	-1	-1	-1	0
754	704	740	1	-1	-1	-1	0
701	751	748	0	-1	-1	-1	0
717	715	773	2	-1	-1	-1	-5.3725657260876378
702	750	753	0	-1	-1	-1	0
751	702	752	0	-1	-1	-1	0
774	715	716	8	-1	-1	-1	0
702	753	752	0	-1	-1	-1	0
718	775	716	1	-1	-1	-1	0
754	755	705	1	-1	-1	-1	0
737	741	738	0	-1	-1	-1	0
717	777	723	2	-1	-1	-1	-5.3725657260876378
756	706	757	1	-1	-1	-1	0
721	722	778	8	-1	-1	4	0
757	706	758	1	-1	-1	-1	0
775	718	728	1	-1	-1	-1	0
722	724	780	2	-1	-1	-1	-5.3725657260876378
759	708	760	1	-1	-1	-1	0
724	723	781	2	-1	-1	-1	-5.3725657260876378
760	708	761	1	-1	-1	-1	0
765	710	755	1	-1	-1	-1	0
764	761	709	1	-1	-1	-1	0
709	763	762	1	-1	-1	-1	0
762	764	709	1	-1	-1	-1	0
785	726	727	1	-1	-1	-1	0
729	726	784	1	-1	-1	-1	0
763	711	767	8	-1	-1	-1	0
713	759	770	1	-1	-1	-1	0
766	767	711	8	-1	-1	-1	0
729	787	728	1	-1	-1	-1	0
714	772	758	1	-1	-1	-1	0
766	712	768	8	-1	-1	-1	0
712	765	769	8	-1	-1	-1	0
788	730	731	0	-1	-1	-1	0
768	712	769	8	-1	-1	-1	0
732	730	788	0	-1	-1	-1	0
714	770	771	1	-1	-1	-1	0
733	732	791	0	-1	-1	-1	0
714	771	772	1	-1	-1	-1	0
735	733	791	0	-1	-1	-1	0
734	735	792	0	-1	-1	-1	0
773	715	774	8	-1	-1	-1	0
716	776	774	1	-1	-1	-1	0
716	775	776	1	-1	-1	-1	0
773	777	717	2	-1	-1	-1	-5.3725657260876378
795	736	738	1	-1	-1	-1	0
786	727	756	1	-1	-1	-1	0
736	795	739	1	-1	-1	-1	0
796	738	741	0	-1	-1	-1	0
734	792	750	0	-1	-1	-1	0
798	740	739	1	-1	-1	-1	0
779	778	722	8	4	-1	-1	0
723	777	781	2	-1	-1	-1	-5.3725657260876378
722	780	779	8	-1	-1	-1	0
742	801	741	0	-1	-1	-1	0
724	782	780	2	-1	-1	-1	-5.3725657260876378
745	801	742	0	-1	-1	-1	0
724	781	783	2	-1	-1	-1	-5.3725657260876378
783	782	724	2	-1	-1	-1	-5.3725657260876378
728	787	775	1	-1	-1	-1	0
743	802	747	0	-1	-1	-1	0
745	744	803	0	-1	-1	-1	0
754	740	799	1	-1	-1	-1	0
744	746	803	0	-1	-1	-1	0
743	749	802	0	-1	-1	-1	0
726	785	784	1	-1	-1	-1	0
792	753	750	0	-1	-1	-1	0
727	786	785	1	-1	-1	-1	0
746	747	805	0	-1	-1	-1	0
729	784	787	1	-1	-1	-1	0
748	807	749	0	-1	-1	-1	0
751	807	748	0	-1	-1	-1	0
731	790	788	0	-1	-1	-1	0
767	772	771	8	-1	-1	-1	0
790	731	789	0	-1	-1	-1	0
732	788	791	0	-1	-1	-1	0
752	809	751	0	-1	-1	-1	0
752	753	811	0	-1	-1	-1	0
791	794	735	0	-1	-1	-1	0
792	735	793	0	-1	-1	-1	0
754	813	755	1	-1	-1	-1	0
793	735	794	0	-1	-1	-1	0
757	815	756	1	-1	-1	-1	0
797	795	738	1	-1	-1	-1	0
816	757	758	1	-1	-1	-1	0
738	796	797	1	-1	-1	-1	0
798	739	795	1	-1	-1	-1	0
755	814	765	1	-1	-1	-1	0
800	740	798	1	-1	-1	-1	0
819	759	760	1	-1	-1	-1	0
796	741	801	0	-1	-1	-1	0
799	740	800	1	-1	-1	-1	0
820	760	761	1	-1	-1	-1	0
822	761	764	1	-1	-1	-1	0
759	819	770	1	-1	-1	-1	0
762	763	823	8	-1	-1	-1	0
772	818	758	1	-1	-1	-1	0
823	764	762	8	-1	-1	-1	0
801	745	804	0	-1	-1	-1	0
745	803	804	0	-1	-1	-1	0
763	767	823	8	-1	-1	-1	0
746	805	803	0	-1	-1	-1	0
747	802	806	0	-1	-1	-1	0
792	812	753	0	-1	-1	-1	0
815	786	756	1	-1	-1	-1	0
747	806	805	0	-1	-1	-1	0
802	749	808	0	-1	-1	-1	0
765	826	769	8	-1	-1	-1	0
828	767	766	8	-1	-1	-1	0
766	768	827	8	-1	-1	-1	0
749	807	808	0	-1	-1	-1	0
799	813	754	1	-1	-1	-1	0
829	767	771	8	-1	-1	-1	0
828	772	767	8	-1	-1	-1	0
809	807	751	0	-1	-1	-1	0
768	769	831	8	-1	-1	-1	0
770	829	771	1	-1	-1	-1	0
810	809	752	0	-1	-1	-1	0
752	811	810	0	-1	-1	-1	0
812	811	753	0	-1	-1	-1	0
755	813	814	1	-1	-1	-1	0
774	835	773	8	-1	-1	-1	0
777	773	835	2	-1	-1	-1	-5.3725657260876378
776	836	774	1	-1	-1	-1	0
838	776	775	1	-1	-1	-1	0
815	757	817	1	-1	-1	-1	0
816	817	757	1	-1	-1	-1	0
795	797	798	1	-1	-1	-1	0
816	758	818	1	-1	-1	-1	0
781	777	840	2	-1	-1	-1	-5.3725657260876378
775	787	838	1	-1	-1	-1	0
779	780	841	8	-1	-1	4	0
821	819	760	1	-1	-1	-1	0
820	821	760	1	-1	-1	-1	0
822	820	761	1	-1	-1	-1	0
814	825	765	8	-1	-1	-1	0
781	840	783	2	-1	-1	-1	-5.3725657260876378
843	780	782	2	-1	-1	-1	-5.3725657260876378
844	782	783	2	-1	-1	-1	-5.3725657260876378
822	764	824	8	-1	-1	-1	0
824	764	823	8	-1	-1	-1	0
846	784	785	1	-1	-1	-1	0
765	825	826	8	-1	-1	-1	0
806	802	808	0	-1	-1	-1	0
784	846	787	1	-1	-1	-1	0
847	785	786	1	-1	-1	-1	0
823	767	829	8	-1	-1	-1	0
827	828	766	8	-1	-1	-1	0
770	819	833	1	-1	-1	-1	0
772	834	818	8	-1	-1	-1	0
827	768	830	8	-1	-1	-1	0
849	788	790	0	-1	-1	-1	0
826	832	769	8	-1	-1	-1	0
788	849	791	0	-1	-1	-1	0
830	768	831	8	-1	-1	-1	0
829	770	833	1	-1	-1	-1	0
850	790	789	0	-1	-1	-1	0
832	831	769	8	-1	-1	-1	0
849	794	791	0	-1	-1	-1	0
772	828	834	8	-1	-1	-1	0
793	852	792	0	-1	-1	-1	0
852	793	794	0	-1	-1	-1	0
835	774	837	8	-1	-1	-1	0
796	854	797	1	-1	-1	-1	0
837	774	836	1	-1	-1	-1	0
786	815	847	1	-1	-1	-1	0
836	776	839	1	-1	-1	-1	0
798	797	856	1	-1	-1	-1	0
835	840	777	2	-1	-1	-1	-5.3725657260876378
855	796	801	0	-1	-1	-1	0
838	839	776	1	-1	-1	-1	0
798	856	800	1	-1	-1	-1	0
792	852	812	0	-1	-1	-1	0
799	800	858	1	-1	-1	-1	0
842	841	780	8	4	-1	-1	0
820	822	821	8	-1	-1	-1	0
843	842	780	8	-1	-1	-1	0
804	860	801	0	-1	-1	-1	0
822	824	821	8	-1	-1	-1	0
783	840	845	2	-1	-1	-1	-5.3725657260876378
804	803	861	0	-1	-1	-1	0
861	803	805	0	-1	-1	-1	0
857	813	799	1	-1	-1	-1	0
844	843	782	2	-1	-1	-1	-5.3725657260876378
845	844	783	2	-1	-1	-1	-5.3725657260876378
821	833	819	1	-1	-1	-1	0
787	848	838	1	-1	-1	-1	0
864	805	806	0	-1	-1	-1	0
847	846	785	1	-1	-1	-1	0
833	821	824	8	-1	-1	-1	0
806	808	865	0	-1	-1	-1	0
824	823	833	8	-1	-1	-1	0
848	787	846	1	-1	-1	-1	0
808	807	867	0	-1	-1	-1	0
809	867	807	0	-1	-1	-1	0
857	814	813	1	-1	-1	-1	0
829	833	823	8	-1	-1	-1	0
869	809	810	0	-1	-1	-1	0
849	790	851	0	-1	-1	-1	0
851	790	850	0	-1	-1	-1	0
870	810	811	0	-1	-1	-1	0
812	871	811	0	-1	-1	-1	0
794	849	853	0	-1	-1	-1	0
853	852	794	0	-1	-1	-1	0
796	855	854	1	-1	-1	-1	0
856	797	854	1	-1	-1	-1	0
876	815	817	1	-1	-1	-1	0
817	816	878	1	-1	-1	-1	0
825	814	873	8	-1	-1	-1	0
839	837	836	1	-1	-1	-1	0
818	878	816	1	-1	-1	-1	0
858	857	799	1	-1	-1	-1	0
859	800	856	1	-1	-1	-1	0
860	855	801	0	-1	-1	-1	0
800	859	858	1	-1	-1	-1	0
804	862	860	0	-1	-1	-1	0
804	861	862	0	-1	-1	-1	0
861	805	863	0	-1	-1	-1	0
834	879	818	8	-1	-1	-1	0
881	826	825	4	-1	-1	-1	5.3725657260876316
864	863	805	0	-1	-1	-1	0
872	812	852	0	-1	-1	-1	0
864	806	866	0	-1	-1	-1	0
806	865	866	0	-1	-1	-1	0
827	883	828	8	-1	-1	-1	0
815	877	847	1	-1	-1	-1	0
832	826	882	4	-1	-1	-1	5.3725657260876316
868	865	808	0	-1	-1	-1	0
884	827	830	8	-1	-1	-1	0
808	867	868	0	-1	-1	-1	0
809	869	867	0	-1	-1	-1	0
875	814	857	1	-1	-1	-1	0
886	834	828	8	-1	-1	-1	0
887	830	831	8	-1	-1	-1	0
870	869	810	0	-1	-1	-1	0
888	831	832	8	-1	-1	-1	0
870	811	871	0	-1	-1	-1	0
871	812	872	0	-1	-1	-1	0
814	874	873	8	-1	-1	-1	0
874	814	875	8	-1	-1	-1	0
837	893	835	8	-1	-1	-1	0
815	876	877	1	-1	-1	-1	0
840	835	893	2	-1	-1	-1	-5.3725657260876378
839	894	837	1	-1	-1	-1	0
876	817	878	1	-1	-1	-1	0
839	838	896	1	-1	-1	-1	0
879	878	818	8	-1	-1	-1	0
880	825	873	4	-1	-1	-1	5.3725657260876316
896	838	848	1	-1	-1	-1	0
840	899	845	2	-1	-1	-1	-5.3725657260876378
842	843	900	8	-1	-1	4	0
880	881	825	4	-1	-1	-1	5.3725657260876316
881	882	826	4	-1	-1	-1	5.3725657260876316
902	843	844	2	-1	-1	-1	-5.3725657260876378
857	858	875	1	-1	-1	-1	0
844	845	903	2	-1	-1	-1	-5.3725657260876378
827	885	883	8	-1	-1	-1	0
827	884	885	8	-1	-1	-1	0
883	886	828	8	-1	-1	-1	0
847	905	846	1	-1	-1	-1	0
848	846	906	1	-1	-1	-1	0
887	884	830	8	-1	-1	-1	0
867	869	868	0	-1	-1	-1	0
879	834	891	8	-1	-1	-1	0
882	890	832	4	-1	-1	-1	5.3725657260876316
887	831	889	8	-1	-1	-1	0
889	831	888	8	-1	-1	-1	0
849	851	908	0	-1	-1	-1	0
849	908	853	0	-1	-1	-1	0
888	832	890	4	-1	-1	-1	5.3725657260876316
850	910	851	0	-1	-1	-1	0
834	886	892	8	-1	-1	-1	0
853	911	852	0	-1	-1	-1	0
891	834	892	8	-1	-1	-1	0
914	854	855	1	-1	-1	-1	0
856	854	914	1	-1	-1	-1	0
893	837	895	8	-1	-1	-1	0
895	837	894	1	-1	-1	-1	0
877	905	847	1	-1	-1	-1	0
856	914	859	1	-1	-1	-1	0
860	915	855	0	-1	-1	-1	0
894	839	898	1	-1	-1	-1	0
839	896	897	1	-1	-1	-1	0
893	899	840	2	-1	-1	-1	-5.3725657260876378
858	859	916	1	-1	-1	-1	0
897	898	839	1	-1	-1	-1	0
872	852	911	0	-1	-1	-1	0
862	919	860	0	-1	-1	-1	0
879	882	881	4	-1	-1	-1	5.3725657260876316
900	843	901	8	-1	-1	4	0
861	863	920	0	-1	-1	-1	0
861	921	862	0	-1	-1	-1	0
901	843	902	8	-1	-1	-1	0
903	845	899	2	-1	-1	-1	-5.3725657260876378
875	858	916	1	-1	-1	-1	0
863	864	922	0	-1	-1	-1	0
904	902	844	2	-1	-1	-1	-5.3725657260876378
907	896	848	1	-1	-1	-1	0
844	903	904	2	-1	-1	-1	-5.3725657260876378
879	891	882	4	-1	-1	-1	5.3725657260876316
864	866	924	0	-1	-1	-1	0
865	925	866	0	-1	-1	-1	0
846	905	906	1	-1	-1	-1	0
865	868	925	0	-1	-1	-1	0
906	907	848	1	-1	-1	-1	0
882	892	890	4	-1	-1	-1	5.3725657260876316
868	869	928	0	-1	-1	-1	0
882	891	892	4	-1	-1	-1	5.3725657260876316
928	869	870	0	-1	-1	-1	0
889	888	890	4	-1	-1	-1	5.3725657260876316
910	850	909	0	-1	-1	-1	0
851	910	908	0	-1	-1	-1	0
870	871	930	0	-1	-1	-1	0
913	853	908	0	-1	-1	-1	0
872	932	871	0	-1	-1	-1	0
853	912	911	0	-1	-1	-1	0
853	913	912	0	-1	-1	-1	0
874	935	873	4	-1	-1	-1	5.3725657260876316
914	855	915	1	-1	-1	-1	0
936	874	875	8	-1	-1	-1	0
935	880	873	4	-1	-1	-1	5.3725657260876316
914	917	859	1	-1	-1	-1	0
877	876	940	1	-1	-1	-1	0
916	859	918	1	-1	-1	-1	0
860	919	915	0	-1	-1	-1	0
859	917	918	1	-1	-1	-1	0
912	872	911	0	-1	-1	-1	0
876	878	941	1	-1	-1	-1	0
944	878	879	8	-1	-1	-1	0
920	921	861	0	-1	-1	-1	0
919	862	921	0	-1	-1	-1	0
881	945	879	4	-1	-1	-1	5.3725657260876316
863	923	920	0	-1	-1	-1	0
863	922	923	0	-1	-1	-1	0
880	947	881	4	-1	-1	-1	5.3725657260876316
864	924	922	0	-1	-1	-1	0
924	866	926	0	-1	-1	-1	0
948	883	885	8	-1	-1	-1	0
925	926	866	0	-1	-1	-1	0
948	886	883	8	-1	-1	-1	0
884	949	885	8	-1	-1	-1	0
934	872	912	0	-1	-1	-1	0
884	887	950	8	-1	-1	-1	0
925	868	929	0	-1	-1	-1	0
927	868	928	0	-1	-1	-1	0
868	927	929	0	-1	-1	-1	0
905	877	943	1	-1	-1	-1	0
889	950	887	8	-1	-1	-1	0
928	870	931	0	-1	-1	-1	0
916	938	875	1	-1	-1	-1	0
892	886	952	8	-1	-1	-1	0
930	931	870	0	-1	-1	-1	0
890	954	889	4	-1	-1	-1	5.3725657260876316
871	932	930	0	-1	-1	-1	0
952	890	892	4	-1	-1	-1	5.3725657260876316
932	872	933	0	-1	-1	-1	0
872	934	933	0	-1	-1	-1	0
895	955	893	8	-1	-1	-1	0
956	895	894	1	-1	-1	-1	0
937	935	874	4	-1	-1	-1	5.3725657260876316
899	893	955	2	-1	-1	-1	-5.3725657260876378
936	937	874	4	-1	-1	-1	5.3725657260876316
956	894	898	1	-1	-1	-1	0
936	875	939	8	-1	-1	-1	0
897	896	958	1	-1	-1	-1	0
875	938	939	8	-1	-1	-1	0
905	943	906	1	-1	-1	-1	0
898	897	959	1	-1	-1	-1	0
941	940	876	1	-1	-1	-1	0
877	940	942	1	-1	-1	-1	0
913	934	912	0	-1	-1	-1	0
958	896	907	1	-1	-1	-1	0
880	935	946	4	-1	-1	-1	5.3725657260876316
943	877	942	1	-1	-1	-1	0
961	903	899	2	-1	-1	-1	-5.3725657260876378
944	941	878	8	-1	-1	-1	0
901	902	962	8	-1	-1	4	0
944	879	945	4	-1	-1	-1	5.3725657260876316
964	902	904	2	-1	-1	-1	-5.3725657260876378
903	965	904	2	-1	-1	-1	-5.3725657260876378
881	947	945	4	-1	-1	-1	5.3725657260876316
880	946	947	4	-1	-1	-1	5.3725657260876316
950	949	884	8	-1	-1	-1	0
906	970	907	1	-1	-1	-1	0
948	885	951	8	-1	-1	-1	0
885	949	951	8	-1	-1	-1	0
931	927	928	0	-1	-1	-1	0
886	948	953	8	-1	-1	-1	0
971	908	910	0	-1	-1	-1	0
952	886	953	8	-1	-1	-1	0
913	908	971	0	-1	-1	-1	0
909	973	910	0	-1	-1	-1	0
950	889	954	4	-1	-1	-1	5.3725657260876316
952	953	890	4	-1	-1	-1	5.3725657260876316
890	953	954	4	-1	-1	-1	5.3725657260876316
915	975	914	1	-1	-1	-1	0
914	975	917	1	-1	-1	-1	0
895	957	955	8	-1	-1	-1	0
956	957	895	1	-1	-1	-1	0
976	915	919	0	-1	-1	-1	0
918	977	916	1	-1	-1	-1	0
960	956	898	1	-1	-1	-1	0
958	959	897	1	-1	-1	-1	0
899	955	961	2	-1	-1	-1	-5.3725657260876378
918	917	980	1	-1	-1	-1	0
960	898	959	1	-1	-1	-1	0
970	906	943	1	-1	-1	-1	0
934	913	974	0	-1	-1	-1	0
919	921	982	0	-1	-1	-1	0
920	983	921	0	-1	-1	-1	0
923	983	920	0	-1	-1	-1	0
962	902	963	8	-1	-1	4	0
984	923	922	0	-1	-1	-1	0
902	964	963	8	-1	-1	-1	0
924	984	922	0	-1	-1	-1	0
966	903	961	2	-1	-1	-1	-5.3725657260876378
916	979	938	1	-1	-1	-1	0
903	966	965	2	-1	-1	-1	-5.3725657260876378
907	970	958	1	-1	-1	-1	0
968	964	904	2	-1	-1	-1	-5.3725657260876378
924	926	986	0	-1	-1	-1	0
965	967	904	2	-1	-1	-1	-5.3725657260876378
926	925	987	0	-1	-1	-1	0
904	967	969	2	-1	-1	-1	-5.3725657260876378
904	969	968	2	-1	-1	-1	-5.3725657260876378
987	925	929	0	-1	-1	-1	0
927	988	929	0	-1	-1	-1	0
927	931	988	0	-1	-1	-1	0
950	951	949	4	-1	-1	-1	5.3725657260876316
991	931	930	0	-1	-1	-1	0
951	953	948	8	-1	-1	-1	0
991	930	932	0	-1	-1	-1	0
973	909	972	0	-1	-1	-1	0
973	971	910	0	-1	-1	-1	0
954	951	950	4	-1	-1	-1	5.3725657260876316
932	933	992	0	-1	-1	-1	0
971	974	913	0	-1	-1	-1	0
954	953	951	4	-1	-1	-1	5.3725657260876316
934	993	933	0	-1	-1	-1	0
976	975	915	1	-1	-1	-1	0
995	935	937	4	-1	-1	-1	5.3725657260876316
937	936	997	4	-1	-1	-1	5.3725657260876316
936	939	996	8	-1	-1	-1	0
916	977	978	1	-1	-1	-1	0
980	917	975	1	-1	-1	-1	0
979	916	978	1	-1	-1	-1	0
939	938	999	8	-1	-1	-1	0
935	995	946	4	-1	-1	-1	5.3725657260876316
918	981	977	1	-1	-1	-1	0
919	982	976	0	-1	-1	-1	0
981	918	980	1	-1	-1	-1	0
942	940	1001	1	-1	-1	-1	0
940	941	1002	1	-1	-1	-1	0
921	983	982	0	-1	-1	-1	0
1003	941	944	8	-1	-1	-1	0
943	942	1004	1	-1	-1	-1	0
983	923	985	0	-1	-1	-1	0
923	984	985	0	-1	-1	-1	0
984	924	986	0	-1	-1	-1	0
945	1006	944	4	-1	-1	-1	5.3725657260876316
947	1006	945	4	-1	-1	-1	5.3725657260876316
986	926	987	0	-1	-1	-1	0
947	946	1007	4	-1	-1	-1	5.3725657260876316
974	994	934	0	-1	-1	-1	0
929	989	987	0	-1	-1	-1	0
929	988	990	0	-1	-1	-1	0
989	929	990	0	-1	-1	-1	0
991	988	931	0	-1	-1	-1	0
991	932	992	0	-1	-1	-1	0
938	979	999	8	-1	-1	-1	0
970	943	1004	1	-1	-1	-1	0
973	974	971	0	-1	-1	-1	0
993	992	933	0	-1	-1	-1	0
993	934	994	0	-1	-1	-1	0
955	957	1010	8	-1	-1	-1	0
957	956	1011	1	-1	-1	-1	0
1009	961	955	2	-1	-1	-1	-5.3725657260876378
960	1011	956	1	-1	-1	-1	0
996	997	936	4	-1	-1	-1	5.3725657260876316
958	1013	959	1	-1	-1	-1	0
998	995	937	4	-1	-1	-1	5.3725657260876316
998	937	997	4	-1	-1	-1	5.3725657260876316
1015	960	959	1	-1	-1	-1	0
939	1000	996	8	-1	-1	-1	0
1000	939	999	8	-1	-1	-1	0
958	970	1014	1	-1	-1	-1	0
1001	940	1002	1	-1	-1	-1	0
1017	966	961	2	-1	-1	-1	-5.3725657260876378
1002	941	1003	8	-1	-1	-1	0
946	995	1007	4	-1	-1	-1	5.3725657260876316
963	964	1021	8	-1	-1	4	0
1005	942	1001	1	-1	-1	-1	0
1005	1004	942	1	-1	-1	-1	0
968	1021	964	8	-1	-1	-1	0
944	1006	1003	4	-1	-1	-1	5.3725657260876316
965	966	1022	8	-1	-1	-1	0
965	1023	967	8	-1	-1	-1	0
1008	1006	947	4	-1	-1	-1	5.3725657260876316
1026	969	967	2	-1	-1	-1	-5.3725657260876378
947	1007	1008	4	-1	-1	-1	5.3725657260876316
1028	968	969	2	-1	-1	-1	-5.3725657260876378
955	1010	1009	8	-1	-1	-1	0
972	1034	973	0	-1	-1	-1	0
1012	1010	957	8	-1	-1	-1	0
1012	957	1011	1	-1	-1	-1	0
974	973	1035	0	-1	-1	-1	0
1013	958	1014	1	-1	-1	-1	0
1011	960	1016	1	-1	-1	-1	0
959	1013	1015	1	-1	-1	-1	0
1036	975	976	1	-1	-1	-1	0
1009	1018	961	2	-1	-1	-1	-5.3725657260876378
1014	970	1004	1	-1	-1	-1	0
1016	960	1015	1	-1	-1	-1	0
980	975	1036	1	-1	-1	-1	0
977	1039	978	1	-1	-1	-1	0
976	982	1037	0	-1	-1	-1	0
1019	1017	961	2	-1	-1	-1	-5.3725657260876378
981	1040	977	1	-1	-1	-1	0
979	978	1041	1	-1	-1	-1	0
961	1018	1020	2	-1	-1	-1	-5.3725657260876378
961	1020	1019	2	-1	-1	-1	-5.3725657260876378
994	974	1035	0	-1	-1	-1	0
981	980	1046	1	-1	-1	-1	0
966	1017	1024	8	-1	-1	-1	0
965	1022	1023	8	-1	-1	-1	0
1022	966	1025	8	-1	-1	-1	0
966	1024	1025	8	-1	-1	-1	0
1050	982	983	0	-1	-1	-1	0
1027	967	1023	8	-1	-1	-1	0
1021	968	1029	8	-1	-1	-1	0
1050	983	985	0	-1	-1	-1	0
984	1051	985	0	-1	-1	-1	0
967	1027	1026	8	-1	-1	-1	0
984	986	1051	0	-1	-1	-1	0
979	1044	999	8	-1	-1	-1	0
1028	1029	968	8	-1	-1	-1	0
1026	1031	969	2	-1	-1	-1	-5.3725657260876378
1054	986	987	0	-1	-1	-1	0
1032	1028	969	2	-1	-1	-1	-5.3725657260876378
969	1031	1030	2	-1	-1	-1	-5.3725657260876378
969	1030	1032	2	-1	-1	-1	-5.3725657260876378
987	989	1056	0	-1	-1	-1	0
988	1057	990	0	-1	-1	-1	0
988	991	1057	0	-1	-1	-1	0
1009	1010	1018	8	-1	-1	-1	0
989	990	1058	0	-1	-1	-1	0
1033	1034	972	0	-1	-1	-1	0
973	1034	1035	0	-1	-1	-1	0
991	992	1059	0	-1	-1	-1	0
992	993	1061	0	-1	-1	-1	0
1036	976	1037	1	-1	-1	-1	0
1063	993	994	0	-1	-1	-1	0
1039	977	1038	1	-1	-1	-1	0
1040	1038	977	1	-1	-1	-1	0
1065	995	998	4	-1	-1	-1	5.3725657260876316
1042	978	1039	1	-1	-1	-1	0
1068	997	996	4	-1	-1	-1	5.3725657260876316
980	1036	1046	1	-1	-1	-1	0
978	1043	1041	1	-1	-1	-1	0
996	1000	1067	8	-1	-1	-1	0
1042	1043	978	1	-1	-1	-1	0
998	997	1069	8	-1	-1	-1	0
979	1041	1045	8	-1	-1	-1	0
995	1066	1007	4	-1	-1	-1	5.3725657260876316
982	1049	1037	0	-1	-1	-1	0
981	1047	1040	1	-1	-1	-1	0
1045	1044	979	8	-1	-1	-1	0
999	1073	1000	8	-1	-1	-1	0
1046	1047	981	1	-1	-1	-1	0
982	1048	1049	0	-1	-1	-1	0
1077	1001	1002	1	-1	-1	-1	0
1050	1048	982	0	-1	-1	-1	0
1002	1003	1078	8	-1	-1	-1	0
1005	1001	1077	1	-1	-1	-1	0
1026	1027	1031	8	-1	-1	-1	0
985	1052	1050	0	-1	-1	-1	0
1053	985	1051	0	-1	-1	-1	0
1029	1028	1032	8	-1	-1	-1	0
1006	1080	1003	4	-1	-1	-1	5.3725657260876316
1052	985	1053	0	-1	-1	-1	0
1005	1081	1004	1	-1	-1	-1	0
1051	986	1055	0	-1	-1	-1	0
1064	994	1035	0	-1	-1	-1	0
986	1054	1055	0	-1	-1	-1	0
987	1056	1054	0	-1	-1	-1	0
1083	1006	1008	4	-1	-1	-1	5.3725657260876316
1008	1007	1084	4	-1	-1	-1	5.3725657260876316
1014	1004	1081	1	-1	-1	-1	0
1056	989	1058	0	-1	-1	-1	0
1058	990	1057	0	-1	-1	-1	0
1060	1057	991	0	-1	-1	-1	0
1012	1086	1010	8	-1	-1	-1	0
1060	991	1059	0	-1	-1	-1	0
1089	1012	1011	1	-1	-1	-1	0
992	1062	1059	0	-1	-1	-1	0
1088	1011	1016	1	-1	-1	-1	0
1018	1010	1087	8	-1	-1	-1	0
1062	992	1061	0	-1	-1	-1	0
1074	999	1044	8	-1	-1	-1	0
1061	993	1063	0	-1	-1	-1	0
1013	1014	1092	1	-1	-1	-1	0
1013	1093	1015	1	-1	-1	-1	0
994	1064	1063	0	-1	-1	-1	0
1015	1093	1016	1	-1	-1	-1	0
1065	1066	995	4	-1	-1	-1	5.3725657260876316
1041	1043	1045	8	-1	-1	-1	0
1067	1068	996	4	-1	-1	-1	5.3725657260876316
1019	1097	1017	8	-1	-1	-1	0
998	1072	1065	8	-1	-1	-1	0
1068	1071	997	8	-1	-1	-1	0
1098	1020	1018	2	-1	-1	-1	-5.3725657260876378
997	1070	1069	8	-1	-1	-1	0
1017	1097	1024	8	-1	-1	-1	0
1099	1019	1020	2	-1	-1	-1	-5.3725657260876378
997	1071	1070	8	-1	-1	-1	0
1069	1072	998	8	-1	-1	-1	0
1000	1076	1067	8	-1	-1	-1	0
1074	1073	999	8	-1	-1	-1	0
1073	1075	1000	8	-1	-1	-1	0
1000	1075	1076	8	-1	-1	-1	0
1022	1107	1023	8	-1	-1	-1	0
1106	1022	1025	8	-1	-1	-1	0
1105	1021	1029	8	-1	-1	-1	0
1066	1084	1007	4	-1	-1	-1	5.3725657260876316
1002	1079	1077	8	-1	-1	-1	0
1109	1027	1023	8	-1	-1	-1	0
1079	1002	1078	8	-1	-1	-1	0
1053	1051	1055	0	-1	-1	-1	0
1080	1078	1003	4	-1	-1	-1	5.3725657260876316
1025	1024	1113	1	-1	-1	-1	0
1077	1082	1005	1	-1	-1	-1	0
1081	1005	1082	1	-1	-1	-1	0
1080	1006	1083	4	-1	-1	-1	5.3725657260876316
1117	1031	1027	8	-1	-1	-1	0
1083	1008	1085	4	-1	-1	-1	5.3725657260876316
1008	1084	1085	4	-1	-1	-1	5.3725657260876316
1119	1029	1032	8	-1	-1	-1	0
1060	1059	1062	0	-1	-1	-1	0
1030	1031	1121	2	-1	-1	-1	-5.3725657260876378
1087	1010	1086	8	-1	-1	-1	0
1122	1032	1030	2	-1	-1	-1	-5.3725657260876378
1011	1088	1089	1	-1	-1	-1	0
1091	1086	1012	8	-1	-1	-1	0
1081	1094	1014	1	-1	-1	-1	0
1033	1124	1034	0	-1	-1	-1	0
1090	1012	1089	1	-1	-1	-1	0
1012	1090	1091	8	-1	-1	-1	0
1035	1034	1125	0	-1	-1	-1	0
1013	1092	1093	1	-1	-1	-1	0
1127	1036	1037	1	-1	-1	-1	0
1016	1096	1088	1	-1	-1	-1	0
1094	1092	1014	1	-1	-1	-1	0
1087	1098	1018	8	-1	-1	-1	0
1093	1095	1016	1	-1	-1	-1	0
1129	1039	1038	1	-1	-1	-1	0
1096	1016	1095	1	-1	-1	-1	0
1040	1130	1038	1	-1	-1	-1	0
1036	1127	1046	1	-1	-1	-1	0
1039	1132	1042	1	-1	-1	-1	0
1037	1049	1127	1	-1	-1	-1	0
1019	1100	1097	8	-1	-1	-1	0
1100	1019	1099	8	-1	-1	-1	0
1098	1102	1020	2	-1	-1	-1	-5.3725657260876378
1103	1099	1020	2	-1	-1	-1	-5.3725657260876378
1137	1043	1042	1	-1	-1	-1	0
1047	1136	1040	1	-1	-1	-1	0
1020	1102	1101	2	-1	-1	-1	-5.3725657260876378
1020	1101	1103	2	-1	-1	-1	-5.3725657260876378
1126	1064	1035	0	-1	-1	-1	0
1045	1043	1138	8	-1	-1	-1	0
1045	1140	1044	8	-1	-1	-1	0
1021	1105	1104	8	-1	-1	4	0
1097	1111	1024	8	-1	-1	-1	0
1047	1046	1141	1	-1	-1	-1	0
1106	1107	1022	8	-1	-1	-1	0
1066	1085	1084	4	-1	-1	-1	5.3725657260876316
1107	1108	1023	8	-1	-1	-1	0
1049	1048	1143	0	-1	-1	-1	0
1108	1110	1023	8	-1	-1	-1	0
1048	1050	1144	0	-1	-1	-1	0
1110	1109	1023	8	-1	-1	-1	0
1114	1106	1025	1	-1	-1	-1	0
1144	1050	1052	0	-1	-1	-1	0
1112	1024	1111	1	-1	-1	-1	0
1024	1112	1113	1	-1	-1	-1	0
1146	1052	1053	0	-1	-1	-1	0
1025	1113	1115	1	-1	-1	-1	0
1115	1114	1025	1	-1	-1	-1	0
1029	1120	1105	8	-1	-1	-1	0
1118	1027	1109	8	-1	-1	-1	0
1053	1055	1147	0	-1	-1	-1	0
1139	1074	1044	8	-1	-1	-1	0
1148	1055	1054	0	-1	-1	-1	0
1054	1056	1148	0	-1	-1	-1	0
1027	1116	1117	8	-1	-1	-1	0
1027	1118	1116	8	-1	-1	-1	0
1150	1056	1058	0	-1	-1	-1	0
1057	1152	1058	0	-1	-1	-1	0
1119	1120	1029	8	-1	-1	-1	0
1060	1151	1057	0	-1	-1	-1	0
1121	1031	1117	8	-1	-1	-1	0
1032	1122	1119	8	-1	-1	-1	0
1030	1121	1122	2	-1	-1	-1	-5.3725657260876378
1154	1060	1062	0	-1	-1	-1	0
1061	1155	1062	0	-1	-1	-1	0
1155	1061	1063	0	-1	-1	-1	0
1124	1033	1123	0	-1	-1	-1	0
1124	1125	1034	0	-1	-1	-1	0
1064	1157	1063	0	-1	-1	-1	0
1125	1126	1035	0	-1	-1	-1	0
1098	1087	1102	8	-1	-1	-1	0
1065	1159	1066	4	-1	-1	-1	5.3725657260876316
1128	1038	1130	1	-1	-1	-1	0
1038	1128	1131	1	-1	-1	-1	0
1065	1072	1160	8	-1	-1	-1	0
1162	1068	1067	4	-1	-1	-1	5.3725657260876316
1129	1038	1131	1	-1	-1	-1	0
1133	1039	1129	1	-1	-1	-1	0
1099	1103	1100	8	-1	-1	-1	0
1164	1069	1070	3	-1	-1	-1	5.3725657260876281
1071	1068	1163	8	-1	-1	-1	0
1133	1132	1039	1	-1	-1	-1	0
1130	1040	1135	1	-1	-1	-1	0
1076	1162	1067	4	-1	-1	-1	5.3725657260876316
1069	1165	1072	3	-1	-1	-1	5.3725657260876281
1168	1070	1071	8	-1	-1	-1	0
1135	1040	1134	1	-1	-1	-1	0
1136	1134	1040	1	-1	-1	-1	0
1132	1137	1042	1	-1	-1	-1	0
1085	1066	1161	4	-1	-1	-1	5.3725657260876316
1131	1045	1138	8	-1	-1	-1	0
1127	1141	1046	1	-1	-1	-1	0
1131	1140	1045	8	-1	-1	-1	0
1074	1171	1073	8	-1	-1	-1	0
1043	1137	1138	8	-1	-1	-1	0
1171	1075	1073	8	-1	-1	-1	0
1049	1145	1127	1	-1	-1	-1	0
1139	1044	1140	8	-1	-1	-1	0
1174	1076	1075	8	-1	-1	-1	0
1047	1142	1136	1	-1	-1	-1	0
1118	1104	1105	8	-1	-1	-1	0
1142	1047	1141	1	-1	-1	-1	0
1104	1118	1109	8	-1	-1	-1	0
1077	1079	1176	8	-1	-1	-1	0
1178	1079	1078	4	-1	-1	-1	5.3725657260876316
1048	1144	1143	0	-1	-1	-1	0
1080	1178	1078	4	-1	-1	-1	5.3725657260876316
1082	1077	1177	1	-1	-1	-1	0
1145	1049	1143	1	-1	-1	-1	0
1144	1052	1146	0	-1	-1	-1	0
1180	1080	1083	4	-1	-1	-1	5.3725657260876316
1081	1082	1182	1	-1	-1	-1	0
1146	1053	1147	0	-1	-1	-1	0
1126	1157	1064	0	-1	-1	-1	0
1085	1183	1083	4	-1	-1	-1	5.3725657260876316
1149	1147	1055	0	-1	-1	-1	0
1148	1149	1055	0	-1	-1	-1	0
1056	1150	1148	0	-1	-1	-1	0
1094	1081	1181	1	-1	-1	-1	0
1185	1087	1086	8	-1	-1	-1	0
1152	1150	1058	0	-1	-1	-1	0
1151	1152	1057	0	-1	-1	-1	0
1086	1091	1187	8	-1	-1	-1	0
1151	1060	1153	0	-1	-1	-1	0
1189	1089	1088	1	-1	-1	-1	0
1154	1153	1060	0	-1	-1	-1	0
1089	1192	1090	1	-1	-1	-1	0
1062	1156	1154	0	-1	-1	-1	0
1155	1156	1062	0	-1	-1	-1	0
1071	1163	1139	8	-1	-1	-1	0
1096	1190	1088	1	-1	-1	-1	0
1090	1193	1091	8	-1	-1	-1	0
1158	1155	1063	0	-1	-1	-1	0
1087	1188	1102	8	-1	-1	-1	0
1157	1158	1063	0	-1	-1	-1	0
1071	1139	1169	8	-1	-1	-1	0
1198	1093	1092	1	-1	-1	-1	0
1092	1094	1197	1	-1	-1	-1	0
1187	1097	1100	8	-1	-1	-1	0
1065	1160	1159	8	-1	-1	-1	0
1074	1139	1172	8	-1	-1	-1	0
1066	1159	1161	4	-1	-1	-1	5.3725657260876316
1095	1093	1198	1	-1	-1	-1	0
1111	1187	1091	8	-1	-1	-1	0
1096	1095	1199	1	-1	-1	-1	0
1163	1068	1162	8	-1	-1	-1	0
1097	1187	1111	8	-1	-1	-1	0
1111	1091	1195	8	-1	-1	-1	0
1140	1128	1130	8	-1	-1	-1	0
1069	1164	1165	3	-1	-1	-1	5.3725657260876281
1131	1128	1140	8	-1	-1	-1	0
1070	1166	1164	3	-1	-1	-1	5.3725657260876281
1160	1072	1170	3	-1	-1	-1	5.3725657260876281
1166	1070	1167	3	-1	-1	-1	5.3725657260876281
1103	1201	1100	8	-1	-1	-1	0
1070	1168	1167	3	-1	-1	-1	5.3725657260876281
1101	1102	1203	2	-1	-1	-1	-5.3725657260876378
1165	1170	1072	3	-1	-1	-1	5.3725657260876281
1168	1071	1169	8	-1	-1	-1	0
1204	1103	1101	2	-1	-1	-1	-5.3725657260876378
1175	1162	1076	4	-1	-1	-1	5.3725657260876316
1141	1127	1145	1	-1	-1	-1	0
1074	1173	1171	8	-1	-1	-1	0
1205	1104	1109	8	4	-1	-1	0
1074	1172	1173	8	-1	-1	-1	0
1207	1107	1106	8	-1	-1	-1	0
1171	1174	1075	8	-1	-1	-1	0
1209	1108	1107	8	-1	-1	-1	0
1174	1175	1076	4	-1	-1	-1	5.3725657260876316
1114	1208	1106	1	-1	-1	-1	0
1211	1110	1108	8	-1	-1	-1	0
1105	1206	1118	8	-1	-1	-1	0
1085	1161	1184	4	-1	-1	-1	5.3725657260876316
1176	1177	1077	8	-1	-1	-1	0
1110	1212	1109	8	-1	-1	-1	0
1105	1120	1206	8	-1	-1	-1	0
1079	1179	1176	4	-1	-1	-1	5.3725657260876316
1166	1135	1134	8	-1	-1	-1	0
1178	1179	1079	4	-1	-1	-1	5.3725657260876316
1080	1180	1178	4	-1	-1	-1	5.3725657260876316
1111	1215	1112	1	-1	-1	-1	0
1118	1206	1116	8	-1	-1	-1	0
1182	1082	1177	1	-1	-1	-1	0
1218	1113	1112	1	-1	-1	-1	0
1081	1182	1181	1	-1	-1	-1	0
1183	1180	1083	4	-1	-1	-1	5.3725657260876316
1113	1219	1115	1	-1	-1	-1	0
1085	1184	1183	4	-1	-1	-1	5.3725657260876316
1115	1223	1114	8	-1	-1	-1	0
1185	1086	1186	8	-1	-1	-1	0
1117	1116	1226	8	-1	-1	-1	0
1186	1086	1187	8	-1	-1	-1	0
1188	1087	1185	8	-1	-1	-1	0
1226	1121	1117	8	-1	-1	-1	0
1120	1119	1227	8	-1	-1	-1	0
1189	1088	1190	1	-1	-1	-1	0
1119	1122	1227	8	-1	-1	-1	0
1167	1135	1166	8	-1	-1	-1	0
1089	1189	1191	1	-1	-1	-1	0
1158	1156	1155	0	-1	-1	-1	0
1121	1228	1122	2	-1	-1	-1	-5.3725657260876378
1089	1191	1192	1	-1	-1	-1	0
1197	1094	1181	1	-1	-1	-1	0
1163	1172	1139	8	-1	-1	-1	0
1192	1193	1090	1	-1	-1	-1	0
1123	1230	1124	0	-1	-1	-1	0
1125	1124	1231	0	-1	-1	-1	0
1194	1195	1091	8	-1	-1	-1	0
1091	1193	1196	8	-1	-1	-1	0
1196	1194	1091	8	-1	-1	-1	0
1125	1231	1126	0	-1	-1	-1	0
1190	1096	1200	1	-1	-1	-1	0
1198	1092	1197	1	-1	-1	-1	0
1100	1202	1187	8	-1	-1	-1	0
1199	1095	1198	1	-1	-1	-1	0
1203	1102	1188	8	-1	-1	-1	0
1131	1234	1129	1	-1	-1	-1	0
1200	1096	1199	1	-1	-1	-1	0
1133	1129	1234	1	-1	-1	-1	0
1135	1235	1130	8	-1	-1	-1	0
1175	1163	1162	8	-1	-1	-1	0
1132	1133	1236	1	-1	-1	-1	0
1100	1201	1202	8	-1	-1	-1	0
1234	1131	1138	8	-1	-1	-1	0
1235	1140	1130	8	-1	-1	-1	0
1137	1132	1236	1	-1	-1	-1	0
1237	1134	1136	1	-1	-1	-1	0
1103	1204	1201	8	-1	-1	-1	0
1101	1203	1204	2	-1	-1	-1	-5.3725657260876378
1138	1137	1234	8	-1	-1	-1	0
1157	1126	1233	0	-1	-1	-1	0
1240	1136	1142	1	-1	-1	-1	0
1140	1242	1139	8	-1	-1	-1	0
1111	1195	1215	1	-1	-1	-1	0
1208	1207	1106	1	-1	-1	-1	0
1210	1107	1207	8	-1	-1	-1	0
1212	1205	1109	8	-1	-1	-1	0
1209	1107	1210	8	-1	-1	-1	0
1142	1141	1243	1	-1	-1	-1	0
1209	1211	1108	8	-1	-1	-1	0
1145	1243	1141	1	-1	-1	-1	0
1145	1143	1245	1	-1	-1	-1	0
1143	1144	1246	0	-1	-1	-1	0
1211	1214	1110	8	-1	-1	-1	0
1110	1213	1212	8	-1	-1	-1	0
1110	1214	1213	8	-1	-1	-1	0
1247	1144	1146	0	-1	-1	-1	0
1238	1166	1134	8	-1	-1	-1	0
1239	1135	1167	8	-1	-1	-1	0
1146	1147	1249	0	-1	-1	-1	0
1215	1217	1112	1	-1	-1	-1	0
1249	1147	1149	0	-1	-1	-1	0
1112	1217	1216	1	-1	-1	-1	0
1114	1223	1208	8	-1	-1	-1	0
1216	1218	1112	1	-1	-1	-1	0
1184	1180	1183	4	-1	-1	-1	5.3725657260876316
1116	1206	1226	8	-1	-1	-1	0
1233	1158	1157	0	-1	-1	-1	0
1148	1251	1149	0	-1	-1	-1	0
1150	1251	1148	0	-1	-1	-1	0
1242	1169	1139	8	-1	-1	-1	0
1113	1218	1220	1	-1	-1	-1	0
1206	1120	1227	8	-1	-1	-1	0
1221	1113	1220	1	-1	-1	-1	0
1222	1219	1113	1	-1	-1	-1	0
1113	1221	1222	1	-1	-1	-1	0
1150	1152	1254	0	-1	-1	-1	0
1115	1219	1225	8	-1	-1	-1	0
1256	1152	1151	0	-1	-1	-1	0
1153	1256	1151	0	-1	-1	-1	0
1224	1223	1115	8	-1	-1	-1	0
1115	1225	1224	8	-1	-1	-1	0
1257	1153	1154	0	-1	-1	-1	0
1164	1166	1238	3	-1	-1	-1	5.3725657260876281
1259	1154	1156	0	-1	-1	-1	0
1158	1260	1156	0	-1	-1	-1	0
1226	1228	1121	8	-1	-1	-1	0
1186	1187	1202	8	-1	-1	-1	0
1227	1122	1228	8	-1	-1	-1	0
1159	1160	1261	8	-1	-1	-1	0
1159	1262	1161	4	-1	-1	-1	5.3725657260876316
1229	1230	1123	0	-1	-1	-1	0
1230	1231	1124	0	-1	-1	-1	0
1232	1126	1231	0	-1	-1	-1	0
1126	1232	1233	0	-1	-1	-1	0
1170	1264	1160	3	-1	-1	-1	5.3725657260876281
1266	1165	1164	3	-1	-1	-1	5.3725657260876281
1172	1163	1265	8	-1	-1	-1	0
1170	1165	1267	3	-1	-1	-1	5.3725657260876281
1163	1175	1265	8	-1	-1	-1	0
1234	1236	1133	1	-1	-1	-1	0
1167	1168	1268	3	-1	-1	-1	5.3725657260876281
1169	1269	1168	8	-1	-1	-1	0
1137	1236	1234	8	-1	-1	-1	0
1184	1161	1262	4	-1	-1	-1	5.3725657260876316
1235	1135	1239	8	-1	-1	-1	0
1237	1238	1134	8	-1	-1	-1	0
1265	1173	1172	8	-1	-1	-1	0
1241	1237	1136	1	-1	-1	-1	0
1273	1171	1173	8	-1	-1	-1	0
1241	1136	1240	1	-1	-1	-1	0
1140	1235	1242	8	-1	-1	-1	0
1273	1174	1171	8	-1	-1	-1	0
1174	1274	1175	4	-1	-1	-1	5.3725657260876316
1240	1142	1244	1	-1	-1	-1	0
1276	1177	1176	8	-1	-1	-1	0
1243	1244	1142	1	-1	-1	-1	0
1179	1275	1176	4	-1	-1	-1	5.3725657260876316
1245	1243	1145	1	-1	-1	-1	0
1246	1245	1143	1	-1	-1	-1	0
1179	1178	1278	4	-1	-1	-1	5.3725657260876316
1278	1178	1180	4	-1	-1	-1	5.3725657260876316
1277	1182	1177	1	-1	-1	-1	0
1246	1144	1247	0	-1	-1	-1	0
1205	1212	1223	8	-1	-1	-1	0
1247	1146	1248	0	-1	-1	-1	0
1184	1278	1180	4	-1	-1	-1	5.3725657260876316
1248	1146	1250	0	-1	-1	-1	0
1281	1181	1182	1	-1	-1	-1	0
1249	1250	1146	0	-1	-1	-1	0
1252	1249	1149	0	-1	-1	-1	0
1260	1158	1233	0	-1	-1	-1	0
1149	1251	1253	0	-1	-1	-1	0
1149	1253	1252	0	-1	-1	-1	0
1186	1284	1185	8	-1	-1	-1	0
1150	1255	1251	0	-1	-1	-1	0
1188	1185	1284	8	-1	-1	-1	0
1226	1206	1227	8	-1	-1	-1	0
1281	1197	1181	1	-1	-1	-1	0
1150	1254	1255	0	-1	-1	-1	0
1254	1152	1256	0	-1	-1	-1	0
1191	1189	1286	1	-1	-1	-1	0
1153	1258	1256	0	-1	-1	-1	0
1288	1189	1190	1	-1	-1	-1	0
1258	1153	1257	0	-1	-1	-1	0
1164	1238	1266	3	-1	-1	-1	5.3725657260876281
1259	1257	1154	0	-1	-1	-1	0
1285	1186	1202	8	-1	-1	-1	0
1268	1239	1167	8	-1	-1	-1	0
1203	1188	1284	8	-1	-1	-1	0
1259	1156	1260	0	-1	-1	-1	0
1295	1192	1191	1	-1	-1	-1	0
1192	1296	1193	1	-1	-1	-1	0
1228	1226	1227	8	-1	-1	-1	0
1261	1262	1159	8	-1	-1	-1	0
1242	1271	1169	8	-1	-1	-1	0
1200	1294	1190	1	-1	-1	-1	0
1160	1263	1261	3	-1	-1	-1	5.3725657260876281
1196	1193	1296	8	-1	-1	-1	0
1264	1263	1160	3	-1	-1	-1	5.3725657260876281
1202	1201	1285	8	-1	-1	-1	0
1299	1194	1196	8	-1	-1	-1	0
1300	1195	1194	1	-1	-1	-1	0
1201	1204	1285	8	-1	-1	-1	0
1197	1302	1198	1	-1	-1	-1	0
1165	1266	1267	3	-1	-1	-1	5.3725657260876281
1303	1199	1198	1	-1	-1	-1	0
1170	1267	1264	3	-1	-1	-1	5.3725657260876281
1199	1304	1200	1	-1	-1	-1	0
1168	1269	1268	3	-1	-1	-1	5.3725657260876281
1169	1270	1269	8	-1	-1	-1	0
1195	1300	1215	1	-1	-1	-1	0
1169	1272	1270	8	-1	-1	-1	0
1265	1274	1173	8	-1	-1	-1	0
1271	1272	1169	8	-1	-1	-1	0
1175	1274	1265	8	-1	-1	-1	0
1307	1204	1203	2	-1	-1	-1	-5.3725657260876378
1235	1239	1242	8	-1	-1	-1	0
1274	1273	1173	8	-1	-1	-1	0
1274	1174	1273	4	-1	-1	-1	5.3725657260876316
1208	1309	1207	1	-1	-1	-1	0
1309	1210	1207	1	-1	-1	-1	0
1276	1176	1275	4	-1	-1	-1	5.3725657260876316
1262	1283	1184	4	-1	-1	-1	5.3725657260876316
1177	1276	1277	8	-1	-1	-1	0
1210	1311	1209	8	-1	-1	-1	0
1311	1211	1209	8	-1	-1	-1	0
1179	1280	1275	4	-1	-1	-1	5.3725657260876316
1212	1213	1310	8	-1	-1	-1	0
1179	1278	1279	4	-1	-1	-1	5.3725657260876316
1205	1223	1308	8	-1	-1	4	0
1313	1214	1211	8	-1	-1	-1	0
1280	1179	1279	4	-1	-1	-1	5.3725657260876316
1182	1277	1281	1	-1	-1	-1	0
1213	1214	1314	8	-1	-1	-1	0
1310	1208	1223	8	-1	-1	-1	0
1184	1282	1278	4	-1	-1	-1	5.3725657260876316
1212	1310	1223	8	-1	-1	-1	0
1316	1217	1215	1	-1	-1	-1	0
1184	1283	1282	4	-1	-1	-1	5.3725657260876316
1249	1252	1250	0	-1	-1	-1	0
1318	1218	1216	8	-1	-1	-1	0
1319	1216	1217	8	-1	-1	-1	0
1223	1224	1308	8	-1	4	-1	0
1186	1285	1284	8	-1	-1	-1	0
1255	1253	1251	0	-1	-1	-1	0
1220	1218	1323	8	-1	-1	-1	0
1289	1286	1189	1	-1	-1	-1	0
1287	1189	1288	1	-1	-1	-1	0
1219	1222	1324	1	-1	-1	-1	0
1289	1189	1287	1	-1	-1	-1	0
1326	1221	1220	8	-1	-1	-1	0
1225	1219	1324	8	-1	-1	-1	0
1293	1288	1190	8	-1	-1	-1	0
1221	1328	1222	1	-1	-1	-1	0
1291	1190	1290	8	-1	-1	0	0
1292	1290	1190	8	0	-1	-1	0
1295	1191	1286	1	-1	-1	-1	0
1291	1293	1190	8	0	-1	-1	0
1190	1294	1292	8	-1	-1	-1	0
1197	1281	1302	1	-1	-1	-1	0
1224	1225	1333	8	-1	-1	4	0
1295	1297	1192	1	-1	-1	-1	0
1192	1298	1296	1	-1	-1	-1	0
1192	1297	1298	1	-1	-1	-1	0
1296	1298	1196	8	-1	-1	-1	0
1300	1194	1299	1	-1	-1	-1	0
1284	1307	1203	8	-1	-1	-1	0
1196	1298	1301	8	-1	-1	-1	0
1196	1301	1299	8	-1	-1	-1	0
1229	1337	1230	0	-1	-1	-1	0
1285	1204	1307	8	-1	-1	-1	0
1338	1231	1230	0	-1	-1	-1	0
1200	1306	1294	1	-1	-1	-1	0
1215	1300	1286	1	-1	-1	-1	0
1232	1231	1338	0	-1	-1	-1	0
1302	1303	1198	1	-1	-1	-1	0
1232	1340	1233	0	-1	-1	-1	0
1199	1303	1305	1	-1	-1	-1	0
1305	1304	1199	1	-1	-1	-1	0
1306	1200	1304	1	-1	-1	-1	0
1316	1215	1286	1	-1	-1	-1	0
1342	1238	1237	8	-1	-1	-1	0
1241	1343	1237	1	-1	-1	-1	0
1242	1239	1345	8	-1	-1	-1	0
1310	1309	1208	8	-1	-1	-1	0
1241	1240	1347	1	-1	-1	-1	0
1309	1312	1210	1	-1	-1	-1	0
1348	1240	1244	1	-1	-1	-1	0
1311	1210	1312	1	-1	-1	-1	0
1341	1260	1233	0	-1	-1	-1	0
1313	1211	1311	8	-1	-1	-1	0
1350	1244	1243	1	-1	-1	-1	0
1314	1310	1213	8	-1	-1	-1	0
1282	1279	1278	4	-1	-1	-1	5.3725657260876316
1351	1243	1245	1	-1	-1	-1	0
1246	1351	1245	1	-1	-1	-1	0
1313	1315	1214	8	-1	-1	-1	0
1314	1214	1315	8	-1	-1	-1	0
1352	1246	1247	0	-1	-1	-1	0
1238	1342	1266	3	-1	-1	-1	5.3725657260876281
1248	1353	1247	0	-1	-1	-1	0
1318	1216	1317	8	-1	-1	0	0
1239	1268	1344	8	-1	-1	-1	0
1216	1319	1317	8	-1	0	-1	0
1354	1248	1250	0	-1	-1	-1	0
1321	1217	1316	8	-1	-1	-1	0
1319	1217	1320	8	-1	-1	0	0
1242	1345	1271	8	-1	-1	-1	0
1356	1250	1252	0	-1	-1	-1	0
1322	1218	1318	8	-1	-1	0	0
1321	1320	1217	8	0	-1	-1	0
1253	1357	1252	0	-1	-1	-1	0
1323	1218	1322	8	-1	-1	0	0
1255	1358	1253	0	-1	-1	-1	0
1220	1323	1325	8	-1	0	-1	0
1256	1360	1254	0	-1	-1	-1	0
1361	1255	1254	0	-1	-1	-1	0
1220	1325	1326	8	-1	0	-1	0
1360	1256	1258	0	-1	-1	-1	0
1326	1327	1221	8	0	-1	-1	0
1324	1222	1330	1	-1	-1	-1	0
1285	1307	1284	8	-1	-1	-1	0
1362	1258	1257	0	-1	-1	-1	0
1221	1327	1329	8	-1	0	-1	0
1221	1329	1328	8	-1	-1	-1	0
1257	1259	1363	0	-1	-1	-1	0
1300	1295	1286	1	-1	-1	-1	0
1268	1269	1344	3	-1	-1	-1	5.3725657260876281
1332	1222	1328	1	-1	-1	-1	0
1331	1330	1222	1	-1	-1	-1	0
1269	1270	1344	3	-1	-1	-1	5.3725657260876281
1225	1324	1335	8	-1	-1	-1	0
1222	1332	1331	1	-1	-1	-1	0
1366	1259	1260	0	-1	-1	-1	0
1272	1346	1270	3	-1	-1	-1	5.3725657260876281
1262	1261	1367	8	-1	-1	-1	0
1289	1316	1286	1	-1	-1	-1	0
1334	1333	1225	8	-1	-1	-1	0
1263	1368	1261	3	-1	-1	-1	5.3725657260876281
1334	1225	1335	8	-1	-1	-1	0
1263	1264	1369	3	-1	-1	-1	5.3725657260876281
1299	1301	1300	1	-1	-1	-1	0
1267	1371	1264	3	-1	-1	-1	5.3725657260876281
1337	1229	1336	0	-1	-1	-1	0
1373	1267	1266	3	-1	-1	-1	5.3725657260876281
1230	1337	1339	0	-1	-1	-1	0
1338	1230	1339	0	-1	-1	-1	0
1339	1232	1338	0	-1	-1	-1	0
1232	1339	1340	0	-1	-1	-1	0
1367	1283	1262	8	-1	-1	-1	0
1340	1341	1233	0	-1	-1	-1	0
1375	1272	1271	8	-1	-1	-1	0
1342	1237	1343	8	-1	-1	-1	0
1344	1346	1239	8	-1	-1	-1	0
1378	1276	1275	4	-1	-1	-1	5.3725657260876316
1346	1345	1239	8	-1	-1	-1	0
1309	1310	1312	8	-1	-1	-1	0
1380	1277	1276	8	-1	-1	-1	0
1378	1275	1280	4	-1	-1	-1	5.3725657260876316
1343	1241	1349	1	-1	-1	-1	0
1240	1348	1347	1	-1	-1	-1	0
1310	1314	1312	8	-1	-1	-1	0
1349	1241	1347	1	-1	-1	-1	0
1312	1315	1311	1	-1	-1	-1	0
1311	1315	1313	1	-1	-1	-1	0
1277	1382	1281	1	-1	-1	-1	0
1315	1312	1314	8	-1	-1	-1	0
1348	1244	1350	1	-1	-1	-1	0
1384	1280	1279	4	-1	-1	-1	5.3725657260876316
1243	1351	1350	1	-1	-1	-1	0
1385	1279	1282	4	-1	-1	-1	5.3725657260876316
1246	1352	1351	1	-1	-1	-1	0
1385	1282	1283	4	-1	-1	-1	5.3725657260876316
1352	1247	1353	0	-1	-1	-1	0
1353	1248	1354	0	-1	-1	-1	0
1250	1355	1354	0	-1	-1	-1	0
1344	1270	1346	3	-1	-1	-1	5.3725657260876281
1356	1355	1250	0	-1	-1	-1	0
1252	1357	1356	0	-1	-1	-1	0
1392	1287	1288	8	-1	-1	-1	0
1341	1366	1260	0	-1	-1	-1	0
1253	1359	1357	0	-1	-1	-1	0
1393	1289	1287	8	-1	-1	-1	0
1253	1358	1359	0	-1	-1	-1	0
1281	1388	1302	1	-1	-1	-1	0
1255	1361	1358	0	-1	-1	-1	0
1361	1254	1360	0	-1	-1	-1	0
1395	1288	1293	8	-1	-1	0	0
1342	1373	1266	3	-1	-1	-1	5.3725657260876281
1258	1364	1360	0	-1	-1	-1	0
1362	1257	1363	0	-1	-1	-1	0
1258	1362	1364	0	-1	-1	-1	0
1399	1292	1294	8	0	-1	-1	0
1259	1365	1363	0	-1	-1	-1	0
1329	1332	1328	8	-1	-1	-1	0
1324	1330	1335	8	-1	-1	-1	0
1366	1365	1259	0	-1	-1	-1	0
1271	1345	1376	8	-1	-1	-1	0
1302	1388	1303	1	-1	-1	-1	0
1295	1402	1297	1	-1	-1	-1	0
1272	1377	1346	3	-1	-1	-1	5.3725657260876281
1261	1368	1367	3	-1	-1	-1	5.3725657260876281
1402	1295	1300	1	-1	-1	-1	0
1404	1298	1297	1	-1	-1	-1	0
1401	1294	1306	8	-1	-1	-1	0
1368	1263	1370	3	-1	-1	-1	5.3725657260876281
1263	1369	1370	3	-1	-1	-1	5.3725657260876281
1289	1398	1316	8	-1	-1	-1	0
1298	1405	1301	8	-1	-1	-1	0
1301	1402	1300	1	-1	-1	-1	0
1372	1369	1264	3	-1	-1	-1	5.3725657260876281
1372	1264	1371	3	-1	-1	-1	5.3725657260876281
1374	1371	1267	3	-1	-1	-1	5.3725657260876281
1267	1373	1374	3	-1	-1	-1	5.3725657260876281
1303	1406	1305	1	-1	-1	-1	0
1305	1409	1304	1	-1	-1	-1	0
1410	1306	1304	1	-1	-1	-1	0
1376	1375	1271	8	-1	-1	-1	0
1375	1377	1272	3	-1	-1	-1	5.3725657260876281
1379	1276	1378	4	-1	-1	-1	5.3725657260876316
1379	1380	1276	8	-1	-1	-1	0
1380	1381	1277	8	-1	-1	-1	0
1389	1283	1367	8	-1	-1	-1	0
1277	1381	1382	1	-1	-1	-1	0
1280	1386	1378	4	-1	-1	-1	5.3725657260876316
1279	1383	1384	4	-1	-1	-1	5.3725657260876316
1279	1385	1383	4	-1	-1	-1	5.3725657260876316
1387	1280	1384	4	-1	-1	-1	5.3725657260876316
1281	1382	1388	1	-1	-1	-1	0
1386	1280	1387	4	-1	-1	-1	5.3725657260876316
1321	1316	1417	8	-1	-1	0	0
1283	1389	1385	8	-1	-1	-1	0
1377	1345	1346	8	-1	-1	-1	0
1390	1287	1391	8	-1	-1	0	0
1393	1287	1390	8	-1	-1	0	0
1287	1392	1391	8	-1	0	-1	0
1288	1394	1392	8	-1	0	-1	0
1394	1288	1395	8	-1	-1	0	0
1289	1393	1397	8	-1	0	-1	0
1329	1418	1332	8	0	-1	-1	0
1419	1330	1331	1	-1	-1	-1	0
1396	1289	1397	8	-1	-1	0	0
1331	1332	1420	1	-1	-1	-1	0
1398	1289	1396	8	-1	-1	0	0
1335	1330	1419	8	-1	-1	-1	0
1364	1361	1360	0	-1	-1	-1	0
1424	1333	1334	8	-1	-1	-1	0
1399	1294	1400	8	-1	-1	0	0
1294	1401	1400	8	-1	0	-1	0
1335	1427	1334	8	-1	-1	-1	0
1303	1388	1407	1	-1	-1	-1	0
1377	1376	1345	8	-1	-1	-1	0
1403	1297	1402	1	-1	-1	-1	0
1430	1337	1336	0	-1	-1	-1	0
1403	1404	1297	1	-1	-1	-1	0
1404	1405	1298	8	-1	-1	-1	0
1431	1339	1337	0	-1	-1	-1	0
1405	1402	1301	1	-1	-1	-1	0
1340	1339	1431	0	-1	-1	-1	0
1432	1341	1340	0	-1	-1	-1	0
1303	1408	1406	1	-1	-1	-1	0
1408	1303	1407	1	-1	-1	-1	0
1435	1342	1343	8	-1	-1	-1	0
1401	1306	1415	8	-1	-1	0	0
1410	1304	1409	1	-1	-1	-1	0
1305	1406	1414	8	-1	-1	-1	0
1305	1413	1409	8	-1	-1	-1	0
1411	1305	1412	8	-1	-1	0	0
1375	1376	1377	3	-1	-1	-1	5.3725657260876281
1343	1349	1436	1	-1	-1	-1	0
1413	1305	1411	8	-1	-1	0	0
1316	1398	1416	8	-1	0	-1	0
1305	1414	1412	8	-1	0	-1	0
1306	1410	1415	8	-1	-1	-1	0
1437	1347	1348	1	-1	-1	-1	0
1438	1349	1347	1	-1	-1	-1	0
1348	1350	1441	1	-1	-1	-1	0
1366	1341	1434	0	-1	-1	-1	0
1350	1351	1441	1	-1	-1	-1	0
1352	1442	1351	1	-1	-1	-1	0
1353	1442	1352	0	-1	-1	-1	0
1416	1417	1316	8	0	-1	-1	0
1443	1353	1354	0	-1	-1	-1	0
1435	1373	1342	3	-1	-1	-1	5.3725657260876281
1355	1444	1354	0	-1	-1	-1	0
1445	1355	1356	0	-1	-1	-1	0
1357	1446	1356	0	-1	-1	-1	0
1359	1447	1357	0	-1	-1	-1	0
1359	1358	1448	0	-1	-1	-1	0
1434	1365	1366	0	-1	-1	-1	0
1358	1361	1448	0	-1	-1	-1	0
1419	1331	1421	1	-1	-1	-1	0
1421	1331	1420	1	-1	-1	-1	0
1418	1422	1332	8	-1	-1	-1	0
1422	1420	1332	8	-1	-1	-1	0
1364	1449	1361	0	-1	-1	-1	0
1449	1364	1362	0	-1	-1	-1	0
1363	1450	1362	0	-1	-1	-1	0
1423	1333	1424	8	4	-1	0	0
1363	1365	1452	0	-1	-1	-1	0
1419	1428	1335	8	-1	-1	-1	0
1425	1424	1334	8	0	-1	-1	0
1334	1426	1425	8	-1	0	-1	0
1334	1427	1426	8	-1	-1	-1	0
1368	1454	1367	3	-1	-1	-1	5.3725657260876281
1428	1427	1335	8	-1	-1	-1	0
1368	1370	1455	3	-1	-1	-1	5.3725657260876281
1430	1336	1429	0	-1	-1	-1	0
1457	1370	1369	3	-1	-1	-1	5.3725657260876281
1337	1430	1431	0	-1	-1	-1	0
1457	1369	1372	3	-1	-1	-1	5.3725657260876281
1372	1371	1459	3	-1	-1	-1	5.3725657260876281
1371	1374	1459	3	-1	-1	-1	5.3725657260876281
1340	1431	1433	0	-1	-1	-1	0
1341	1432	1434	0	-1	-1	-1	0
1340	1433	1432	0	-1	-1	-1	0
1461	1374	1373	3	-1	-1	-1	5.3725657260876281
1405	1403	1402	1	-1	-1	-1	0
1389	1367	1454	3	-1	-1	-1	5.3725657260876281
1403	1405	1404	8	-1	-1	-1	0
1343	1436	1435	8	-1	-1	-1	0
1378	1465	1379	4	-1	-1	-1	5.3725657260876316
1347	1437	1438	1	-1	-1	-1	0
1436	1349	1438	1	-1	-1	-1	0
1465	1380	1379	8	-1	-1	-1	0
1437	1348	1440	1	-1	-1	-1	0
1386	1463	1378	4	-1	-1	-1	5.3725657260876316
1348	1439	1440	1	-1	-1	-1	0
1381	1380	1467	8	-1	-1	-1	0
1441	1439	1348	1	-1	-1	-1	0
1382	1381	1469	1	-1	-1	-1	0
1441	1351	1442	1	-1	-1	-1	0
1353	1443	1442	0	-1	-1	-1	0
1384	1383	1473	4	-1	-1	-1	5.3725657260876316
1354	1444	1443	0	-1	-1	-1	0
1382	1471	1388	1	-1	-1	-1	0
1385	1473	1383	4	-1	-1	-1	5.3725657260876316
1445	1444	1355	0	-1	-1	-1	0
1474	1387	1384	4	-1	-1	-1	5.3725657260876316
1356	1446	1445	0	-1	-1	-1	0
1386	1387	1476	4	-1	-1	-1	5.3725657260876316
1385	1389	1475	8	-1	-1	-1	0
1446	1357	1447	0	-1	-1	-1	0
1365	1434	1452	0	-1	-1	-1	0
1448	1447	1359	0	-1	-1	-1	0
1448	1361	1449	0	-1	-1	-1	0
1362	1451	1449	0	-1	-1	-1	0
1451	1362	1450	0	-1	-1	-1	0
1407	1388	1471	1	-1	-1	-1	0
1450	1363	1453	0	-1	-1	-1	0
1453	1363	1452	0	-1	-1	-1	0
1435	1461	1373	3	-1	-1	-1	5.3725657260876281
1456	1454	1368	3	-1	-1	-1	5.3725657260876281
1368	1455	1456	3	-1	-1	-1	5.3725657260876281
1370	1458	1455	3	-1	-1	-1	5.3725657260876281
1457	1458	1370	3	-1	-1	-1	5.3725657260876281
1457	1372	1460	3	-1	-1	-1	5.3725657260876281
1459	1460	1372	3	-1	-1	-1	5.3725657260876281
1430	1433	1431	0	-1	-1	-1	0
1374	1462	1459	3	-1	-1	-1	5.3725657260876281
1461	1462	1374	3	-1	-1	-1	5.3725657260876281
1486	1406	1408	8	-1	-1	-1	0
1408	1407	1488	1	-1	-1	-1	0
1485	1414	1406	8	0	-1	-1	0
1463	1464	1378	4	-1	-1	-1	5.3725657260876316
1378	1464	1466	4	-1	-1	-1	5.3725657260876316
1465	1378	1466	4	-1	-1	-1	5.3725657260876316
1410	1409	1493	8	-1	-1	-1	0
1380	1465	1468	8	-1	-1	-1	0
1493	1409	1413	8	-1	-1	0	0
1467	1380	1468	8	-1	-1	-1	0
1470	1381	1467	8	-1	-1	-1	0
1415	1410	1494	8	-1	-1	0	0
1470	1469	1381	8	-1	-1	-1	0
1382	1469	1472	1	-1	-1	-1	0
1472	1471	1382	1	-1	-1	-1	0
1454	1483	1389	3	-1	-1	-1	5.3725657260876281
1479	1463	1386	8	-1	-1	-1	0
1474	1384	1473	4	-1	-1	-1	5.3725657260876316
1385	1475	1473	8	-1	-1	-1	0
1422	1418	1495	8	-1	-1	-1	0
1496	1419	1421	1	-1	-1	-1	0
1421	1420	1497	1	-1	-1	-1	0
1426	1495	1418	8	-1	-1	0	0
1420	1422	1497	8	-1	-1	-1	0
1476	1477	1386	8	-1	-1	-1	0
1478	1386	1477	8	-1	-1	-1	0
1474	1480	1387	4	-1	-1	-1	5.3725657260876316
1386	1478	1479	8	-1	-1	-1	0
1419	1496	1428	8	-1	-1	-1	0
1387	1481	1476	4	-1	-1	-1	5.3725657260876316
1475	1389	1483	3	-1	-1	-1	5.3725657260876281
1495	1426	1427	8	-1	-1	-1	0
1387	1480	1482	4	-1	-1	-1	5.3725657260876316
1481	1387	1482	4	-1	-1	-1	5.3725657260876316
1427	1428	1500	8	-1	-1	-1	0
1502	1430	1429	0	-1	-1	-1	0
1407	1471	1487	1	-1	-1	-1	0
1433	1430	1503	0	-1	-1	-1	0
1504	1432	1433	0	-1	-1	-1	0
1434	1432	1504	0	-1	-1	-1	0
1485	1406	1484	8	-1	-1	0	0
1486	1484	1406	8	0	-1	-1	0
1508	1435	1436	8	-1	-1	-1	0
1460	1459	1462	3	-1	-1	-1	5.3725657260876281
1489	1407	1487	1	-1	-1	-1	0
1436	1438	1509	1	-1	-1	-1	0
1488	1407	1489	1	-1	-1	-1	0
1486	1408	1490	8	-1	-1	0	0
1511	1438	1437	1	-1	-1	-1	0
1488	1492	1408	8	-1	-1	-1	0
1437	1440	1511	1	-1	-1	-1	0
1491	1490	1408	8	0	-1	-1	0
1408	1492	1491	8	-1	0	-1	0
1441	1513	1439	1	-1	-1	-1	0
1434	1507	1452	0	-1	-1	-1	0
1483	1454	1456	3	-1	-1	-1	5.3725657260876281
1514	1440	1439	1	-1	-1	-1	0
1513	1441	1442	1	-1	-1	-1	0
1494	1410	1493	8	-1	-1	0	0
1442	1443	1516	0	-1	-1	-1	0
1508	1461	1435	3	-1	-1	-1	5.3725657260876281
1443	1444	1517	0	-1	-1	-1	0
1444	1445	1519	0	-1	-1	-1	0
1446	1520	1445	0	-1	-1	-1	0
1521	1446	1447	0	-1	-1	-1	0
1421	1498	1496	1	-1	-1	-1	0
1421	1497	1498	1	-1	-1	-1	0
1495	1499	1422	8	-1	-1	-1	0
1448	1522	1447	0	-1	-1	-1	0
1497	1422	1499	8	-1	-1	-1	0
1524	1448	1449	0	-1	-1	-1	0
1500	1495	1427	8	-1	-1	-1	0
1500	1428	1496	8	-1	-1	-1	0
1449	1451	1524	0	-1	-1	-1	0
1451	1450	1525	0	-1	-1	-1	0
1450	1453	1525	0	-1	-1	-1	0
1453	1452	1527	0	-1	-1	-1	0
1502	1429	1501	0	-1	-1	-1	0
1430	1502	1503	0	-1	-1	-1	0
1455	1530	1456	3	-1	-1	-1	5.3725657260876281
1503	1505	1433	0	-1	-1	-1	0
1504	1433	1506	0	-1	-1	-1	0
1455	1458	1530	3	-1	-1	-1	5.3725657260876281
1506	1433	1505	0	-1	-1	-1	0
1434	1504	1507	0	-1	-1	-1	0
1532	1458	1457	3	-1	-1	-1	5.3725657260876281
1457	1460	1533	3	-1	-1	-1	5.3725657260876281
1508	1436	1510	8	-1	-1	-1	0
1436	1509	1510	8	-1	-1	-1	0
1460	1462	1535	3	-1	-1	-1	5.3725657260876281
1438	1512	1509	1	-1	-1	-1	0
1462	1461	1537	3	-1	-1	-1	5.3725657260876281
1438	1511	1512	1	-1	-1	-1	0
1463	1538	1464	8	-1	-1	-1	0
1515	1511	1440	1	-1	-1	-1	0
1514	1439	1513	1	-1	-1	-1	0
1464	1539	1466	4	-1	-1	-1	5.3725657260876316
1515	1440	1514	1	-1	-1	-1	0
1531	1483	1456	3	-1	-1	-1	5.3725657260876281
1516	1513	1442	1	-1	-1	-1	0
1541	1465	1466	4	-1	-1	-1	5.3725657260876316
1468	1465	1541	8	-1	-1	-1	0
1443	1517	1516	0	-1	-1	-1	0
1517	1444	1518	0	-1	-1	-1	0
1463	1479	1538	8	-1	-1	-1	0
1468	1545	1467	8	-1	-1	-1	0
1518	1444	1519	0	-1	-1	-1	0
1519	1445	1520	0	-1	-1	-1	0
1547	1470	1467	8	-1	-1	-1	0
1507	1527	1452	0	-1	-1	-1	0
1446	1521	1520	0	-1	-1	-1	0
1470	1549	1469	8	-1	-1	-1	0
1469	1549	1472	1	-1	-1	-1	0
1447	1523	1521	0	-1	-1	-1	0
1447	1522	1523	0	-1	-1	-1	0
1522	1448	1524	0	-1	-1	-1	0
1500	1499	1495	8	-1	-1	-1	0
1499	1498	1497	8	-1	-1	-1	0
1471	1472	1554	1	-1	-1	-1	0
1451	1526	1524	0	-1	-1	-1	0
1526	1451	1525	0	-1	-1	-1	0
1508	1536	1461	3	-1	-1	-1	5.3725657260876281
1558	1474	1473	8	-1	-1	-1	0
1528	1525	1453	0	-1	-1	-1	0
1475	1558	1473	8	-1	-1	-1	0
1453	1527	1529	0	-1	-1	-1	0
1528	1453	1529	0	-1	-1	-1	0
1471	1554	1487	1	-1	-1	-1	0
1480	1474	1559	8	-1	-1	-1	0
1477	1476	1561	8	-1	-1	-1	0
1478	1477	1562	8	-1	-1	-1	0
1456	1530	1531	3	-1	-1	-1	5.3725657260876281
1560	1475	1483	3	-1	-1	-1	5.3725657260876281
1476	1481	1561	8	-1	-1	-1	0
1534	1530	1458	3	-1	-1	-1	5.3725657260876281
1457	1533	1532	3	-1	-1	-1	5.3725657260876281
1478	1566	1479	1	-1	-1	-1	0
1458	1532	1534	3	-1	-1	-1	5.3725657260876281
1535	1533	1460	3	-1	-1	-1	5.3725657260876281
1480	1568	1482	4	-1	-1	-1	5.3725657260876316
1481	1482	1570	4	-1	-1	-1	5.3725657260876316
1462	1537	1535	3	-1	-1	-1	5.3725657260876281
1537	1461	1536	3	-1	-1	-1	5.3725657260876281
1538	1540	1464	8	-1	-1	-1	0
1464	1540	1539	8	-1	-1	-1	0
1466	1539	1543	4	-1	-1	-1	5.3725657260876316
1466	1544	1541	4	-1	-1	-1	5.3725657260876316
1466	1543	1542	4	-1	-1	-1	5.3725657260876316
1466	1542	1544	4	-1	-1	-1	5.3725657260876316
1541	1544	1468	8	-1	-1	-1	0
1489	1487	1577	1	-1	-1	-1	0
1488	1489	1580	8	-1	-1	-1	0
1492	1488	1578	8	-1	-1	0	0
1546	1467	1545	8	-1	-1	-1	0
1544	1548	1468	8	-1	-1	-1	0
1467	1546	1547	8	-1	-1	-1	0
1548	1545	1468	8	-1	-1	-1	0
1553	1470	1547	8	-1	-1	-1	0
1538	1479	1553	8	-1	-1	-1	0
1552	1549	1470	8	-1	-1	-1	0
1550	1470	1551	8	-1	-1	-1	0
1552	1470	1550	8	-1	-1	-1	0
1553	1551	1470	8	-1	-1	-1	0
1472	1549	1555	1	-1	-1	-1	0
1584	1496	1498	1	-1	-1	-1	0
1496	1584	1500	8	-1	-1	-1	0
1498	1499	1584	8	-1	-1	-1	0
1556	1554	1472	1	-1	-1	-1	0
1500	1584	1499	8	-1	-1	-1	0
1555	1557	1472	1	-1	-1	-1	0
1557	1556	1472	1	-1	-1	-1	0
1483	1531	1574	3	-1	-1	-1	5.3725657260876281
1586	1502	1501	0	-1	-1	-1	0
1558	1559	1474	8	-1	-1	-1	0
1503	1502	1586	0	-1	-1	-1	0
1558	1475	1560	3	-1	-1	-1	5.3725657260876281
1588	1505	1503	0	-1	-1	-1	0
1553	1479	1567	1	-1	-1	-1	0
1506	1589	1504	0	-1	-1	-1	0
1588	1506	1505	0	-1	-1	-1	0
1504	1589	1507	0	-1	-1	-1	0
1561	1563	1477	8	-1	-1	-1	0
1477	1563	1562	8	-1	-1	-1	0
1562	1564	1478	1	-1	-1	-1	0
1478	1564	1565	1	-1	-1	-1	0
1569	1480	1559	8	-1	-1	-1	0
1591	1508	1510	8	-1	-1	-1	0
1565	1566	1478	1	-1	-1	-1	0
1479	1566	1567	1	-1	-1	-1	0
1509	1593	1510	8	-1	-1	-1	0
1571	1561	1481	8	-1	-1	-1	0
1512	1592	1509	1	-1	-1	-1	0
1483	1574	1560	3	-1	-1	-1	5.3725657260876281
1568	1480	1569	8	-1	-1	-1	0
1554	1576	1487	1	-1	-1	-1	0
1511	1596	1512	1	-1	-1	-1	0
1595	1511	1515	1	-1	-1	-1	0
1571	1481	1570	8	-1	-1	-1	0
1482	1568	1572	4	-1	-1	-1	5.3725657260876316
1539	1540	1543	8	-1	-1	-1	0
1527	1507	1589	0	-1	-1	-1	0
1547	1540	1538	8	-1	-1	-1	0
1570	1482	1573	4	-1	-1	-1	5.3725657260876316
1514	1513	1599	1	-1	-1	-1	0
1482	1572	1573	4	-1	-1	-1	5.3725657260876316
1599	1513	1516	1	-1	-1	-1	0
1514	1601	1515	1	-1	-1	-1	0
1591	1536	1508	3	-1	-1	-1	5.3725657260876281
1602	1516	1517	0	-1	-1	-1	0
1517	1518	1603	0	-1	-1	-1	0
1576	1575	1487	1	-1	-1	-1	0
1553	1547	1538	8	-1	-1	-1	0
1487	1575	1577	1	-1	-1	-1	0
1604	1518	1519	0	-1	-1	-1	0
1519	1520	1605	0	-1	-1	-1	0
1488	1579	1578	8	-1	0	-1	0
1589	1529	1527	0	-1	-1	-1	0
1606	1520	1521	0	-1	-1	-1	0
1579	1488	1580	8	-1	-1	0	0
1583	1489	1577	8	-1	-1	-1	0
1580	1489	1581	8	-1	-1	0	0
1523	1607	1521	0	-1	-1	-1	0
1489	1582	1581	8	-1	0	-1	0
1608	1523	1522	0	-1	-1	-1	0
1522	1524	1608	0	-1	-1	-1	0
1489	1583	1582	8	-1	0	-1	0
1552	1555	1549	8	-1	-1	-1	0
1524	1526	1608	0	-1	-1	-1	0
1525	1610	1526	0	-1	-1	-1	0
1525	1528	1610	0	-1	-1	-1	0
1552	1557	1555	8	-1	-1	-1	0
1528	1529	1613	0	-1	-1	-1	0
1501	1585	1586	0	-1	-1	-1	0
1503	1586	1587	0	-1	-1	-1	0
1550	1551	1576	1	-1	-1	-1	0
1503	1587	1588	0	-1	-1	-1	0
1530	1617	1531	3	-1	-1	-1	5.3725657260876281
1551	1553	1575	1	-1	-1	-1	0
1530	1534	1618	3	-1	-1	-1	5.3725657260876281
1533	1619	1532	8	-1	-1	-1	0
1588	1590	1506	0	-1	-1	-1	0
1589	1506	1590	0	-1	-1	-1	0
1532	1619	1534	8	-1	-1	-1	0
1620	1533	1535	8	-1	-1	-1	0
1509	1592	1593	8	-1	-1	-1	0
1537	1622	1535	8	-1	-1	-1	0
1594	1591	1510	8	-1	-1	-1	0
1567	1575	1553	1	-1	-1	-1	0
1623	1537	1536	3	-1	-1	-1	5.3725657260876281
1594	1510	1593	8	-1	-1	-1	0
1598	1592	1512	1	-1	-1	-1	0
1511	1595	1596	1	-1	-1	-1	0
1576	1551	1575	1	-1	-1	-1	0
1597	1512	1596	1	-1	-1	-1	0
1597	1598	1512	1	-1	-1	-1	0
1568	1569	1572	8	-1	-1	-1	0
1540	1628	1543	8	-1	-1	-1	0
1601	1595	1515	1	-1	-1	-1	0
1599	1600	1514	1	-1	-1	-1	0
1571	1570	1573	8	-1	-1	-1	0
1601	1514	1600	1	-1	-1	-1	0
1543	1631	1542	4	-1	-1	-1	5.3725657260876316
1629	1540	1547	8	-1	-1	-1	0
1544	1542	1630	4	-1	-1	-1	5.3725657260876316
1516	1602	1599	1	-1	-1	-1	0
1544	1630	1548	8	-1	-1	-1	0
1602	1517	1603	0	-1	-1	-1	0
1546	1629	1547	8	-1	-1	-1	0
1574	1531	1617	3	-1	-1	-1	5.3725657260876281
1632	1546	1545	8	-1	-1	-1	0
1603	1518	1604	0	-1	-1	-1	0
1545	1548	1632	8	-1	-1	-1	0
1519	1605	1604	0	-1	-1	-1	0
1520	1606	1605	0	-1	-1	-1	0
1589	1616	1529	0	-1	-1	-1	0
1521	1607	1606	0	-1	-1	-1	0
1550	1634	1552	8	-1	-1	-1	0
1609	1607	1523	0	-1	-1	-1	0
1523	1608	1609	0	-1	-1	-1	0
1552	1635	1557	8	-1	-1	-1	0
1526	1611	1608	0	-1	-1	-1	0
1636	1554	1556	1	-1	-1	-1	0
1526	1610	1612	0	-1	-1	-1	0
1611	1526	1612	0	-1	-1	-1	0
1638	1556	1557	1	-1	-1	-1	0
1625	1536	1591	3	-1	-1	-1	5.3725657260876281
1528	1614	1610	0	-1	-1	-1	0
1614	1528	1613	0	-1	-1	-1	0
1640	1559	1558	8	-1	-1	-1	0
1613	1529	1615	0	-1	-1	-1	0
1640	1558	1560	3	-1	-1	-1	5.3725657260876281
1576	1634	1550	1	-1	-1	-1	0
1529	1616	1615	0	-1	-1	-1	0
1618	1617	1530	3	-1	-1	-1	5.3725657260876281
1636	1576	1554	1	-1	-1	-1	0
1559	1641	1569	8	-1	-1	-1	0
1563	1561	1647	8	-1	-1	-1	0
1619	1533	1620	8	-1	-1	-1	0
1621	1618	1534	8	-1	-1	-1	0
1534	1619	1621	8	-1	-1	-1	0
1562	1563	1650	8	-1	-1	-1	0
1562	1651	1564	1	-1	-1	-1	0
1535	1622	1620	8	-1	-1	-1	0
1645	1560	1574	3	-1	-1	-1	5.3725657260876281
1571	1648	1561	8	-1	-1	-1	0
1565	1564	1654	8	-1	-1	-1	0
1536	1624	1623	3	-1	-1	-1	5.3725657260876281
1622	1537	1626	8	-1	-1	-1	0
1624	1536	1625	3	-1	-1	-1	5.3725657260876281
1566	1565	1655	1	-1	-1	-1	0
1627	1537	1623	8	-1	-1	-1	0
1537	1627	1626	8	-1	-1	-1	0
1566	1659	1567	1	-1	-1	-1	0
1629	1628	1540	8	-1	-1	-1	0
1602	1600	1599	1	-1	-1	-1	0
1631	1543	1628	8	-1	-1	-1	0
1542	1631	1630	4	-1	-1	-1	5.3725657260876316
1662	1575	1567	1	-1	-1	-1	0
1572	1569	1664	8	-1	-1	-1	0
1546	1633	1629	8	-1	-1	-1	0
1573	1666	1571	8	-1	-1	-1	0
1548	1630	1632	8	-1	-1	-1	0
1546	1632	1633	8	-1	-1	-1	0
1669	1573	1572	4	-1	-1	-1	5.3725657260876316
1577	1575	1662	1	-1	-1	-1	0
1635	1552	1634	8	-1	-1	-1	0
1556	1637	1636	1	-1	-1	-1	0
1637	1556	1638	1	-1	-1	-1	0
1635	1639	1557	8	-1	-1	-1	0
1583	1577	1673	8	-1	-1	0	0
1557	1639	1638	8	-1	-1	-1	0
1610	1614	1612	0	-1	-1	-1	0
1640	1642	1559	8	-1	-1	-1	0
1643	1641	1559	8	-1	-1	-1	0
1643	1559	1642	8	-1	-1	-1	0
1576	1635	1634	1	-1	-1	-1	0
1640	1560	1646	3	-1	-1	-1	5.3725657260876281
1635	1576	1636	1	-1	-1	-1	0
1586	1585	1677	0	-1	-1	-1	0
1645	1644	1560	3	-1	-1	-1	5.3725657260876281
1586	1677	1587	0	-1	-1	-1	0
1646	1560	1644	3	-1	-1	-1	5.3725657260876281
1678	1588	1587	0	-1	-1	-1	0
1649	1647	1561	8	-1	-1	-1	0
1679	1590	1588	0	-1	-1	-1	0
1561	1648	1649	8	-1	-1	-1	0
1680	1589	1590	0	-1	-1	-1	0
1563	1647	1652	8	-1	-1	-1	0
1650	1651	1562	1	-1	-1	-1	0
1617	1672	1574	3	-1	-1	-1	5.3725657260876281
1591	1594	1681	8	-1	-1	-1	0
1563	1653	1650	8	-1	-1	-1	0
1563	1652	1653	8	-1	-1	-1	0
1592	1683	1593	8	-1	-1	-1	0
1654	1564	1651	8	-1	-1	-1	0
1684	1594	1593	8	-1	-1	-1	0
1598	1682	1592	1	-1	-1	-1	0
1624	1627	1623	8	-1	-1	-1	0
1656	1565	1654	8	-1	-1	-1	0
1641	1665	1569	8	-1	-1	-1	0
1565	1656	1655	8	-1	-1	-1	0
1596	1595	1689	1	-1	-1	-1	0
1658	1657	1566	1	-1	-1	-1	0
1660	1566	1655	1	-1	-1	-1	0
1659	1566	1657	1	-1	-1	-1	0
1596	1690	1597	1	-1	-1	-1	0
1595	1601	1688	1	-1	-1	-1	0
1660	1658	1566	1	-1	-1	-1	0
1680	1616	1589	0	-1	-1	-1	0
1661	1567	1659	1	-1	-1	-1	0
1692	1598	1597	1	-1	-1	-1	0
1668	1648	1571	8	-1	-1	-1	0
1574	1671	1645	3	-1	-1	-1	5.3725657260876281
1662	1567	1661	1	-1	-1	-1	0
1629	1633	1628	8	-1	-1	-1	0
1628	1633	1631	8	-1	-1	-1	0
1569	1663	1664	8	-1	-1	-1	0
1591	1681	1625	3	-1	-1	-1	5.3725657260876281
1569	1665	1663	8	-1	-1	-1	0
1600	1698	1601	1	-1	-1	-1	0
1600	1602	1697	1	-1	-1	-1	0
1602	1603	1697	0	-1	-1	-1	0
1571	1666	1667	8	-1	-1	-1	0
1669	1572	1664	8	-1	-1	-1	0
1668	1571	1667	8	-1	-1	-1	0
1701	1603	1604	0	-1	-1	-1	0
1573	1670	1666	8	-1	-1	-1	0
1639	1635	1636	1	-1	-1	-1	0
1669	1670	1573	4	-1	-1	-1	5.3725657260876316
1637	1639	1636	1	-1	-1	-1	0
1703	1604	1605	0	-1	-1	-1	0
1606	1703	1605	0	-1	-1	-1	0
1639	1637	1638	8	-1	-1	-1	0
1577	1662	1675	8	-1	-1	-1	0
1671	1574	1672	3	-1	-1	-1	5.3725657260876281
1606	1607	1704	0	-1	-1	-1	0
1706	1607	1609	0	-1	-1	-1	0
1674	1673	1577	8	0	-1	-1	0
1707	1609	1608	0	-1	-1	-1	0
1608	1611	1707	0	-1	-1	-1	0
1675	1674	1577	8	0	-1	-1	0
1708	1611	1612	0	-1	-1	-1	0
1710	1612	1614	0	-1	-1	-1	0
1676	1677	1585	0	-1	-1	-1	0
1614	1613	1712	0	-1	-1	-1	0
1711	1613	1615	0	-1	-1	-1	0
1677	1678	1587	0	-1	-1	-1	0
1615	1616	1713	0	-1	-1	-1	0
1588	1678	1679	0	-1	-1	-1	0
1679	1680	1590	0	-1	-1	-1	0
1617	1618	1715	3	-1	-1	-1	5.3725657260876281
1618	1621	1716	8	-1	-1	-1	0
1717	1621	1619	1	-1	-1	-1	0
1619	1620	1718	1	-1	-1	-1	0
1592	1682	1683	8	-1	-1	-1	0
1620	1622	1719	1	-1	-1	-1	0
1593	1683	1685	8	-1	-1	-1	0
1594	1687	1681	8	-1	-1	-1	0
1684	1593	1685	8	-1	-1	-1	0
1684	1686	1594	8	-1	-1	-1	0
1594	1686	1687	8	-1	-1	-1	0
1622	1626	1721	1	-1	-1	-1	0
1722	1624	1625	3	-1	-1	-1	5.3725657260876281
1689	1595	1688	1	-1	-1	-1	0
1624	1723	1627	8	-1	-1	-1	0
1598	1694	1682	1	-1	-1	-1	0
1690	1596	1689	1	-1	-1	-1	0
1693	1597	1690	1	-1	-1	-1	0
1597	1691	1692	1	-1	-1	-1	0
1727	1626	1627	8	-1	-1	-1	0
1597	1693	1691	1	-1	-1	-1	0
1598	1692	1696	1	-1	-1	-1	0
1601	1699	1688	1	-1	-1	-1	0
1598	1695	1694	1	-1	-1	-1	0
1631	1729	1630	4	-1	-1	-1	5.3725657260876316
1598	1696	1695	1	-1	-1	-1	0
1630	1729	1632	8	-1	-1	-1	0
1631	1633	1729	8	-1	-1	-1	0
1625	1681	1687	3	-1	-1	-1	5.3725657260876281
1729	1633	1632	8	-1	-1	-1	0
1697	1698	1600	1	-1	-1	-1	0
1601	1698	1699	1	-1	-1	-1	0
1603	1700	1697	0	-1	-1	-1	0
1617	1715	1672	3	-1	-1	-1	5.3725657260876281
1700	1603	1701	0	-1	-1	-1	0
1702	1701	1604	0	-1	-1	-1	0
1703	1702	1604	0	-1	-1	-1	0
1616	1680	1714	0	-1	-1	-1	0
1640	1730	1642	8	-1	-1	-1	0
1606	1705	1703	0	-1	-1	-1	0
1641	1643	1731	8	-1	-1	-1	0
1606	1704	1705	0	-1	-1	-1	0
1730	1640	1646	3	-1	-1	-1	5.3725657260876281
1607	1706	1704	0	-1	-1	-1	0
1642	1733	1643	8	-1	-1	-1	0
1609	1707	1706	0	-1	-1	-1	0
1646	1644	1737	3	-1	-1	-1	5.3725657260876281
1709	1707	1611	0	-1	-1	-1	0
1645	1739	1644	8	-1	-1	-1	0
1611	1708	1709	0	-1	-1	-1	0
1710	1708	1612	0	-1	-1	-1	0
1613	1711	1712	0	-1	-1	-1	0
1687	1724	1625	3	-1	-1	-1	5.3725657260876281
1710	1614	1712	0	-1	-1	-1	0
1731	1665	1641	8	-1	-1	-1	0
1742	1647	1649	8	-1	-1	-1	0
1615	1713	1711	0	-1	-1	-1	0
1649	1648	1743	8	-1	-1	-1	0
1742	1652	1647	8	-1	-1	-1	0
1713	1616	1714	0	-1	-1	-1	0
1668	1731	1648	8	-1	-1	-1	0
1650	1747	1651	1	-1	-1	-1	0
1716	1715	1618	8	-1	-1	-1	0
1653	1747	1650	1	-1	-1	-1	0
1748	1654	1651	8	-1	-1	-1	0
1749	1653	1652	8	-1	-1	-1	0
1718	1717	1619	1	-1	-1	-1	0
1645	1671	1740	8	-1	-1	-1	0
1719	1718	1620	1	-1	-1	-1	0
1720	1716	1621	1	-1	-1	-1	0
1720	1621	1717	1	-1	-1	-1	0
1751	1656	1654	8	-1	-1	-1	0
1721	1719	1622	1	-1	-1	-1	0
1668	1665	1731	8	-1	-1	-1	0
1655	1656	1753	8	-1	-1	-1	0
1660	1655	1752	1	-1	-1	-1	0
1722	1723	1624	8	-1	-1	-1	0
1625	1725	1722	3	-1	-1	-1	5.3725657260876281
1679	1714	1680	0	-1	-1	-1	0
1626	1726	1721	1	-1	-1	-1	0
1625	1724	1725	3	-1	-1	-1	5.3725657260876281
1759	1657	1658	8	-1	-1	-1	0
1659	1657	1760	8	-1	-1	-1	0
1723	1728	1627	8	-1	-1	-1	0
1727	1726	1626	1	-1	-1	-1	0
1763	1658	1660	1	-1	-1	-1	0
1727	1627	1728	8	-1	-1	-1	0
1659	1765	1661	8	-1	-1	-1	0
1661	1770	1662	8	-1	-1	-1	0
1700	1698	1697	1	-1	-1	-1	0
1683	1728	1685	8	-1	-1	-1	0
1772	1664	1663	8	-1	-1	-1	0
1663	1665	1773	8	-1	-1	-1	0
1664	1772	1669	8	-1	-1	-1	0
1773	1665	1668	8	-1	-1	-1	0
1734	1642	1730	8	-1	-1	-1	0
1667	1666	1774	8	-1	-1	-1	0
1732	1733	1642	8	-1	-1	-1	0
1732	1642	1734	8	-1	-1	-1	0
1773	1668	1667	8	-1	-1	-1	0
1675	1662	1771	8	-1	-1	0	0
1735	1731	1643	8	-1	-1	-1	0
1774	1666	1670	8	-1	-1	-1	0
1734	1730	1646	3	-1	-1	-1	5.3725657260876281
1736	1643	1733	8	-1	-1	-1	0
1735	1643	1736	8	-1	-1	-1	0
1775	1670	1669	4	-1	-1	-1	5.3725657260876316
1644	1738	1737	8	-1	-1	-1	0
1776	1671	1672	3	-1	-1	-1	5.3725657260876281
1738	1644	1739	8	-1	-1	-1	0
1734	1646	1741	3	-1	-1	-1	5.3725657260876281
1648	1731	1744	8	-1	-1	-1	0
1741	1646	1737	3	-1	-1	-1	5.3725657260876281
1645	1740	1739	8	-1	-1	-1	0
1744	1743	1648	8	-1	-1	-1	0
1649	1743	1745	8	-1	-1	-1	0
1649	1746	1742	8	-1	-1	-1	0
1677	1676	1784	0	-1	-1	-1	0
1683	1727	1728	8	-1	-1	-1	0
1746	1649	1745	8	-1	-1	-1	0
1678	1677	1785	0	-1	-1	-1	0
1744	1654	1743	8	-1	-1	-1	0
1652	1742	1749	8	-1	-1	-1	0
1678	1786	1679	0	-1	-1	-1	0
1743	1654	1748	8	-1	-1	-1	0
1747	1748	1651	8	-1	-1	-1	0
1744	1751	1654	8	-1	-1	-1	0
1653	1750	1747	1	-1	-1	-1	0
1749	1750	1653	1	-1	-1	-1	0
1788	1683	1682	8	-1	-1	-1	0
1791	1684	1685	8	-1	-1	-1	0
1655	1753	1752	8	-1	-1	-1	0
1791	1686	1684	8	-1	-1	-1	0
1656	1751	1755	8	-1	-1	-1	0
1682	1694	1788	8	-1	-1	-1	0
1754	1656	1755	8	-1	-1	-1	0
1656	1754	1756	8	-1	-1	-1	0
1672	1715	1779	3	-1	-1	-1	5.3725657260876281
1757	1753	1656	8	-1	-1	-1	0
1794	1687	1686	8	-1	-1	-1	0
1656	1756	1757	8	-1	-1	-1	0
1723	1722	1725	8	-1	-1	-1	0
1688	1795	1689	1	-1	-1	-1	0
1759	1758	1657	8	0	-1	-1	0
1657	1758	1760	8	-1	0	-1	0
1689	1797	1690	1	-1	-1	-1	0
1788	1694	1695	8	-1	-1	-1	0
1752	1766	1660	1	-1	-1	-1	0
1761	1759	1658	8	0	-1	-1	0
1714	1679	1787	0	-1	-1	-1	0
1658	1762	1761	8	-1	0	-1	0
1690	1798	1693	1	-1	-1	-1	0
1795	1688	1699	1	-1	-1	-1	0
1799	1692	1691	1	-1	-1	-1	0
1762	1658	1763	8	-1	-1	-1	0
1760	1764	1659	8	0	-1	-1	0
1800	1691	1693	1	-1	-1	-1	0
1765	1659	1764	8	-1	-1	0	0
1740	1671	1778	8	-1	-1	-1	0
1692	1802	1696	1	-1	-1	-1	0
1660	1767	1763	1	-1	-1	-1	0
1766	1768	1660	1	-1	-1	-1	0
1660	1768	1767	1	-1	-1	-1	0
1765	1769	1661	8	0	-1	-1	0
1806	1695	1696	1	-1	-1	-1	0
1683	1789	1727	8	-1	-1	-1	0
1770	1661	1769	8	-1	-1	0	0
1771	1662	1770	8	-1	-1	0	0
1698	1808	1699	1	-1	-1	-1	0
1687	1794	1724	3	-1	-1	-1	5.3725657260876281
1792	1685	1728	8	-1	-1	-1	0
1700	1808	1698	1	-1	-1	-1	0
1773	1772	1663	8	-1	-1	-1	0
1735	1744	1731	8	-1	-1	-1	0
1701	1810	1700	0	-1	-1	-1	0
1773	1667	1774	8	-1	-1	-1	0
1702	1812	1701	0	-1	-1	-1	0
1772	1775	1669	8	-1	-1	-1	0
1737	1738	1741	8	-1	-1	-1	0
1702	1703	1813	0	-1	-1	-1	0
1775	1774	1670	8	-1	-1	-1	0
1705	1813	1703	0	-1	-1	-1	0
1815	1705	1704	0	-1	-1	-1	0
1777	1671	1776	8	-1	-1	-1	0
1706	1815	1704	0	-1	-1	-1	0
1671	1777	1778	8	-1	-1	-1	0
1815	1706	1707	0	-1	-1	-1	0
1781	1776	1672	3	-1	-1	-1	5.3725657260876281
1780	1672	1779	3	-1	-1	-1	5.3725657260876281
1707	1709	1818	0	-1	-1	-1	0
1780	1782	1672	3	-1	-1	-1	5.3725657260876281
1782	1781	1672	3	-1	-1	-1	5.3725657260876281
1708	1819	1709	0	-1	-1	-1	0
1748	1745	1743	8	-1	-1	-1	0
1819	1708	1710	0	-1	-1	-1	0
1784	1676	1783	0	-1	-1	-1	0
1712	1821	1710	0	-1	-1	-1	0
1723	1792	1728	8	-1	-1	-1	0
1750	1748	1747	8	-1	-1	-1	0
1713	1822	1711	0	-1	-1	-1	0
1823	1712	1711	0	-1	-1	-1	0
1784	1785	1677	0	-1	-1	-1	0
1785	1786	1678	0	-1	-1	-1	0
1822	1713	1714	0	-1	-1	-1	0
1679	1786	1787	0	-1	-1	-1	0
1726	1727	1800	1	-1	-1	-1	0
1715	1716	1825	8	-1	-1	-1	0
1683	1788	1790	8	-1	-1	-1	0
1683	1790	1789	8	-1	-1	-1	0
1716	1720	1827	1	-1	-1	-1	0
1828	1717	1718	1	-1	-1	-1	0
1720	1717	1828	1	-1	-1	-1	0
1719	1830	1718	1	-1	-1	-1	0
1791	1685	1793	8	-1	-1	-1	0
1793	1685	1792	8	-1	-1	-1	0
1791	1794	1686	8	-1	-1	-1	0
1721	1832	1719	1	-1	-1	-1	0
1796	1689	1795	1	-1	-1	-1	0
1726	1835	1721	1	-1	-1	-1	0
1689	1796	1797	1	-1	-1	-1	0
1725	1836	1723	8	-1	-1	-1	0
1690	1797	1798	1	-1	-1	-1	0
1724	1837	1725	3	-1	-1	-1	5.3725657260876281
1695	1805	1788	8	-1	-1	-1	0
1799	1691	1801	1	-1	-1	-1	0
1691	1800	1801	1	-1	-1	-1	0
1802	1692	1799	1	-1	-1	-1	0
1693	1798	1803	1	-1	-1	-1	0
1800	1693	1804	1	-1	-1	-1	0
1693	1803	1804	1	-1	-1	-1	0
1733	1732	1839	8	-1	-1	-1	0
1699	1809	1795	1	-1	-1	-1	0
1734	1838	1732	8	-1	-1	-1	0
1696	1802	1807	1	-1	-1	-1	0
1805	1695	1806	8	-1	-1	-1	0
1839	1736	1733	8	-1	-1	-1	0
1807	1806	1696	1	-1	-1	-1	0
1735	1736	1841	8	-1	-1	-1	0
1838	1734	1741	3	-1	-1	-1	5.3725657260876281
1789	1800	1727	1	-1	-1	-1	0
1699	1808	1809	1	-1	-1	-1	0
1738	1739	1841	8	-1	-1	-1	0
1808	1700	1810	1	-1	-1	-1	0
1774	1772	1773	8	-1	-1	-1	0
1840	1744	1735	8	-1	-1	-1	0
1715	1826	1779	8	-1	-1	-1	0
1772	1774	1775	8	-1	-1	-1	0
1810	1701	1811	0	-1	-1	-1	0
1738	1844	1741	8	-1	-1	-1	0
1812	1811	1701	0	-1	-1	-1	0
1787	1824	1714	0	-1	-1	-1	0
1740	1847	1739	8	-1	-1	-1	0
1812	1702	1814	0	-1	-1	-1	0
1702	1813	1814	0	-1	-1	-1	0
1800	1804	1726	1	-1	-1	-1	0
1705	1816	1813	0	-1	-1	-1	0
1815	1817	1705	0	-1	-1	-1	0
1742	1746	1850	8	-1	-1	-1	0
1817	1816	1705	0	-1	-1	-1	0
1815	1707	1818	0	-1	-1	-1	0
1749	1742	1850	8	-1	-1	-1	0
1852	1746	1745	8	-1	-1	-1	0
1852	1745	1748	8	-1	-1	-1	0
1744	1851	1751	8	-1	-1	-1	0
1820	1818	1709	0	-1	-1	-1	0
1820	1709	1819	0	-1	-1	-1	0
1819	1710	1821	0	-1	-1	-1	0
1852	1748	1750	8	-1	-1	-1	0
1836	1792	1723	8	-1	-1	-1	0
1749	1853	1750	1	-1	-1	-1	0
1724	1794	1837	3	-1	-1	-1	5.3725657260876281
1822	1823	1711	0	-1	-1	-1	0
1712	1823	1821	0	-1	-1	-1	0
1824	1822	1714	0	-1	-1	-1	0
1755	1751	1854	8	-1	-1	-1	0
1753	1857	1752	8	-1	-1	-1	0
1726	1804	1835	1	-1	-1	-1	0
1848	1740	1778	8	-1	-1	-1	0
1715	1825	1826	8	-1	-1	-1	0
1757	1858	1753	8	-1	-1	-1	0
1825	1716	1827	1	-1	-1	-1	0
1860	1754	1755	1	-1	-1	-1	0
1754	1859	1756	8	-1	-1	-1	0
1766	1752	1857	8	-1	-1	-1	0
1757	1756	1863	8	-1	-1	-1	0
1718	1830	1829	1	-1	-1	-1	0
1718	1831	1828	1	-1	-1	-1	0
1718	1829	1831	1	-1	-1	-1	0
1789	1790	1801	1	-1	-1	-1	0
1720	1834	1827	1	-1	-1	-1	0
1830	1719	1832	1	-1	-1	-1	0
1779	1826	1780	8	-1	-1	-1	0
1720	1828	1833	1	-1	-1	-1	0
1854	1778	1755	1	-1	-1	-1	0
1720	1833	1834	1	-1	-1	-1	0
1832	1721	1835	1	-1	-1	-1	0
1868	1762	1763	8	-1	-1	-1	0
1778	1860	1755	1	-1	-1	-1	0
1868	1763	1767	8	-1	-1	-1	0
1800	1789	1801	1	-1	-1	-1	0
1725	1837	1836	8	-1	-1	-1	0
1766	1869	1768	1	-1	-1	-1	0
1767	1768	1870	1	-1	-1	-1	0
1732	1838	1839	8	-1	-1	-1	0
1841	1840	1735	8	-1	-1	-1	0
1736	1839	1843	8	-1	-1	-1	0
1841	1736	1842	8	-1	-1	-1	0
1739	1840	1841	8	-1	-1	-1	0
1841	1842	1738	8	-1	-1	-1	0
1792	1836	1793	8	-1	-1	-1	0
1736	1843	1842	8	-1	-1	-1	0
1844	1738	1842	8	-1	-1	-1	0
1840	1739	1846	8	-1	-1	-1	0
1776	1872	1777	8	-1	-1	-1	0
1838	1741	1849	3	-1	-1	-1	5.3725657260876281
1781	1872	1776	8	-1	-1	-1	0
1777	1874	1778	1	-1	-1	-1	0
1845	1846	1739	8	-1	-1	-1	0
1847	1845	1739	8	-1	-1	-1	0
1849	1741	1844	8	-1	-1	-1	0
1848	1847	1740	8	-1	-1	-1	0
1851	1744	1840	8	-1	-1	-1	0
1782	1780	1875	3	-1	-1	-1	5.3725657260876281
1877	1781	1782	3	-1	-1	-1	5.3725657260876281
1816	1814	1813	0	-1	-1	-1	0
1853	1850	1746	8	-1	-1	-1	0
1783	1883	1784	0	-1	-1	-1	0
1746	1852	1853	8	-1	-1	-1	0
1785	1784	1883	0	-1	-1	-1	0
1749	1850	1853	1	-1	-1	-1	0
1884	1786	1785	0	-1	-1	-1	0
1750	1853	1852	8	-1	-1	-1	0
1851	1856	1751	8	-1	-1	-1	0
1786	1885	1787	0	-1	-1	-1	0
1751	1855	1854	8	-1	-1	-1	0
1856	1855	1751	8	-1	-1	-1	0
1788	1887	1790	8	-1	-1	-1	0
1793	1836	1837	8	-1	-1	-1	0
1857	1753	1858	8	-1	-1	-1	0
1791	1793	1888	8	-1	-1	-1	0
1888	1794	1791	8	-1	-1	-1	0
1754	1861	1859	1	-1	-1	-1	0
1861	1754	1860	1	-1	-1	-1	0
1756	1859	1862	8	-1	-1	-1	0
1790	1887	1801	1	-1	-1	-1	0
1795	1889	1796	1	-1	-1	-1	0
1805	1887	1788	8	-1	-1	-1	0
1858	1757	1865	8	-1	-1	-1	0
1854	1848	1778	1	-1	-1	-1	0
1863	1756	1862	8	-1	-1	-1	0
1780	1826	1876	8	-1	-1	-1	0
1797	1796	1890	1	-1	-1	-1	0
1866	1757	1863	8	-1	-1	-1	0
1757	1864	1865	8	-1	0	-1	0
1757	1866	1864	8	-1	0	-1	0
1798	1797	1892	1	-1	-1	-1	0
1766	1857	1869	8	-1	-1	-1	0
1795	1809	1889	1	-1	-1	-1	0
1893	1803	1798	1	-1	-1	-1	0
1894	1799	1801	1	-1	-1	-1	0
1802	1799	1894	1	-1	-1	-1	0
1886	1824	1787	0	-1	-1	-1	0
1762	1868	1867	8	-1	-1	0	0
1893	1804	1803	1	-1	-1	-1	0
1895	1807	1802	1	-1	-1	-1	0
1868	1767	1870	8	-1	-1	-1	0
1895	1805	1806	8	-1	-1	-1	0
1895	1806	1807	8	-1	-1	-1	0
1768	1869	1871	1	-1	-1	-1	0
1871	1870	1768	1	-1	-1	-1	0
1778	1874	1860	1	-1	-1	-1	0
1808	1897	1809	1	-1	-1	-1	0
1897	1808	1810	1	-1	-1	-1	0
1888	1793	1837	8	-1	-1	-1	0
1837	1794	1888	3	-1	-1	-1	5.3725657260876281
1811	1899	1810	0	-1	-1	-1	0
1872	1873	1777	8	-1	-1	-1	0
1811	1812	1900	0	-1	-1	-1	0
1873	1874	1777	1	-1	-1	-1	0
1901	1812	1814	0	-1	-1	-1	0
1842	1843	1844	8	-1	-1	-1	0
1876	1875	1780	8	-1	-1	-1	0
1781	1878	1872	8	-1	-1	-1	0
1814	1816	1903	0	-1	-1	-1	0
1896	1835	1804	1	-1	-1	-1	0
1817	1815	1904	0	-1	-1	-1	0
1843	1849	1844	8	-1	-1	-1	0
1878	1781	1877	8	-1	-1	-1	0
1816	1817	1903	0	-1	-1	-1	0
1818	1904	1815	0	-1	-1	-1	0
1880	1782	1875	3	-1	-1	-1	5.3725657260876281
1846	1851	1840	8	-1	-1	-1	0
1877	1782	1881	3	-1	-1	-1	5.3725657260876281
1782	1880	1879	3	-1	-1	-1	5.3725657260876281
1782	1879	1881	3	-1	-1	-1	5.3725657260876281
1906	1818	1820	0	-1	-1	-1	0
1907	1820	1819	0	-1	-1	-1	0
1907	1819	1821	0	-1	-1	-1	0
1883	1783	1882	0	-1	-1	-1	0
1785	1883	1884	0	-1	-1	-1	0
1823	1910	1821	0	-1	-1	-1	0
1884	1885	1786	0	-1	-1	-1	0
1911	1823	1822	0	-1	-1	-1	0
1824	1911	1822	0	-1	-1	-1	0
1854	1855	1848	1	-1	-1	-1	0
1886	1787	1885	0	-1	-1	-1	0
1914	1826	1825	8	-1	-1	-1	0
1827	1916	1825	1	-1	-1	-1	0
1889	1890	1796	1	-1	-1	-1	0
1916	1827	1834	1	-1	-1	-1	0
1918	1828	1831	1	-1	-1	-1	0
1890	1891	1797	1	-1	-1	-1	0
1830	1919	1829	1	-1	-1	-1	0
1828	1918	1833	1	-1	-1	-1	0
1919	1831	1829	1	-1	-1	-1	0
1797	1891	1892	1	-1	-1	-1	0
1887	1894	1801	1	-1	-1	-1	0
1920	1830	1832	1	-1	-1	-1	0
1893	1798	1892	1	-1	-1	-1	0
1895	1887	1805	8	-1	-1	-1	0
1832	1835	1922	1	-1	-1	-1	0
1833	1924	1834	1	-1	-1	-1	0
1894	1895	1802	1	-1	-1	-1	0
1896	1804	1893	1	-1	-1	-1	0
1898	1889	1809	1	-1	-1	-1	0
1838	1926	1839	8	-1	-1	-1	0
1897	1898	1809	1	-1	-1	-1	0
1897	1810	1899	1	-1	-1	-1	0
1843	1839	1926	8	-1	-1	-1	0
1899	1811	1900	0	-1	-1	-1	0
1849	1926	1838	3	-1	-1	-1	5.3725657260876281
1812	1901	1900	0	-1	-1	-1	0
1902	1901	1814	0	-1	-1	-1	0
1926	1849	1843	8	-1	-1	-1	0
1928	1846	1845	8	-1	-1	-1	0
1814	1903	1902	0	-1	-1	-1	0
1876	1826	1917	8	-1	-1	-1	0
1927	1845	1847	8	-1	-1	-1	0
1824	1886	1913	0	-1	-1	-1	0
1903	1817	1905	0	-1	-1	-1	0
1846	1929	1851	8	-1	-1	-1	0
1817	1904	1905	0	-1	-1	-1	0
1931	1847	1848	8	-1	-1	-1	0
1818	1906	1904	0	-1	-1	-1	0
1875	1876	1880	8	-1	-1	-1	0
1906	1820	1908	0	-1	-1	-1	0
1855	1931	1848	1	-1	-1	-1	0
1908	1820	1907	0	-1	-1	-1	0
1929	1856	1851	8	-1	-1	-1	0
1878	1877	1881	8	-1	-1	-1	0
1909	1907	1821	0	-1	-1	-1	0
1909	1821	1910	0	-1	-1	-1	0
1855	1856	1933	8	-1	-1	-1	0
1912	1910	1823	0	-1	-1	-1	0
1823	1911	1912	0	-1	-1	-1	0
1911	1824	1913	0	-1	-1	-1	0
1937	1857	1858	8	-1	-1	-1	0
1896	1922	1835	1	-1	-1	-1	0
1915	1914	1825	1	-1	-1	-1	0
1825	1916	1915	1	-1	-1	-1	0
1917	1826	1914	8	-1	-1	-1	0
1938	1858	1865	8	-1	-1	0	0
1859	1861	1941	1	-1	-1	-1	0
1859	1941	1862	8	-1	-1	-1	0
1936	1869	1857	8	-1	-1	-1	0
1942	1861	1860	1	-1	-1	-1	0
1919	1830	1920	1	-1	-1	-1	0
1918	1831	1921	1	-1	-1	-1	0
1919	1921	1831	1	-1	-1	-1	0
1947	1863	1862	8	-1	-1	-1	0
1923	1920	1832	1	-1	-1	-1	0
1918	1924	1833	1	-1	-1	-1	0
1916	1834	1925	1	-1	-1	-1	0
1887	1895	1894	1	-1	-1	-1	0
1922	1923	1832	1	-1	-1	-1	0
1860	1874	1943	1	-1	-1	-1	0
1863	1950	1866	8	-1	0	-1	0
1834	1924	1925	1	-1	-1	-1	0
1953	1867	1868	8	-1	-1	-1	0
1870	1954	1868	8	-1	-1	-1	0
1869	1955	1871	1	-1	-1	-1	0
1956	1870	1871	1	-1	-1	-1	0
1927	1928	1845	8	-1	-1	-1	0
1872	1958	1873	8	-1	-1	-1	0
1928	1930	1846	8	-1	-1	-1	0
1846	1930	1929	8	-1	-1	-1	0
1927	1847	1932	8	-1	-1	-1	0
1874	1873	1960	1	-1	-1	-1	0
1958	1872	1878	8	-1	-1	-1	0
1932	1847	1931	8	-1	-1	-1	0
1934	1856	1929	8	-1	-1	-1	0
1855	1933	1931	1	-1	-1	-1	0
1876	1964	1880	8	-1	-1	-1	0
1933	1856	1935	8	-1	-1	-1	0
1934	1935	1856	8	-1	-1	-1	0
1881	1966	1878	8	-1	-1	-1	0
1879	1880	1968	3	-1	-1	-1	5.3725657260876281
1969	1881	1879	3	-1	-1	-1	5.3725657260876281
1936	1857	1937	8	-1	-1	-1	0
1939	1858	1938	8	-1	-1	0	0
1940	1937	1858	8	-1	-1	-1	0
1882	1971	1883	0	-1	-1	-1	0
1913	1912	1911	0	-1	-1	-1	0
1939	1940	1858	8	-1	-1	-1	0
1884	1883	1972	0	-1	-1	-1	0
1973	1885	1884	0	-1	-1	-1	0
1973	1886	1885	0	-1	-1	-1	0
1860	1943	1942	1	-1	-1	-1	0
1867	1940	1939	8	-1	-1	0	0
1946	1941	1861	1	-1	-1	-1	0
1942	1945	1861	1	-1	-1	-1	0
1945	1944	1861	1	-1	-1	-1	0
1946	1861	1944	1	-1	-1	-1	0
1949	1862	1941	8	-1	-1	-1	0
1890	1889	1976	1	-1	-1	-1	0
1948	1947	1862	8	-1	-1	-1	0
1965	1876	1917	8	-1	-1	-1	0
1891	1890	1977	1	-1	-1	-1	0
1949	1948	1862	8	-1	-1	-1	0
1955	1869	1936	8	-1	-1	-1	0
1867	1953	1940	8	-1	-1	-1	0
1891	1978	1892	1	-1	-1	-1	0
1889	1898	1975	1	-1	-1	-1	0
1952	1863	1947	8	-1	-1	-1	0
1863	1951	1950	8	-1	0	-1	0
1892	1979	1893	1	-1	-1	-1	0
1951	1863	1952	8	-1	-1	-1	0
1893	1979	1896	1	-1	-1	-1	0
1974	1913	1886	0	-1	-1	-1	0
1954	1953	1868	8	-1	-1	-1	0
1898	1897	1981	1	-1	-1	-1	0
1897	1899	1981	1	-1	-1	-1	0
1943	1874	1962	1	-1	-1	-1	0
1870	1956	1954	8	-1	-1	-1	0
1984	1899	1900	0	-1	-1	-1	0
1957	1871	1955	1	-1	-1	-1	0
1957	1956	1871	1	-1	-1	-1	0
1987	1900	1901	0	-1	-1	-1	0
1987	1901	1902	0	-1	-1	-1	0
1961	1917	1914	8	-1	-1	-1	0
1873	1958	1961	8	-1	-1	-1	0
1959	1960	1873	1	-1	-1	-1	0
1873	1961	1959	8	-1	-1	-1	0
1903	1988	1902	0	-1	-1	-1	0
1934	1929	1930	8	-1	-1	-1	0
1933	1932	1931	1	-1	-1	-1	0
1874	1960	1963	1	-1	-1	-1	0
1979	1922	1896	1	-1	-1	-1	0
1903	1905	1990	0	-1	-1	-1	0
1874	1963	1962	1	-1	-1	-1	0
1904	1991	1905	0	-1	-1	-1	0
1933	1935	1932	1	-1	-1	-1	0
1904	1906	1991	0	-1	-1	-1	0
1878	1967	1958	8	-1	-1	-1	0
1992	1906	1908	0	-1	-1	-1	0
1964	1876	1965	8	-1	-1	-1	0
1908	1907	1993	0	-1	-1	-1	0
1993	1907	1909	0	-1	-1	-1	0
1878	1966	1967	8	-1	-1	-1	0
1968	1880	1964	8	-1	-1	-1	0
1910	1996	1909	0	-1	-1	-1	0
1879	1968	1969	3	-1	-1	-1	5.3725657260876281
1881	1969	1966	8	-1	-1	-1	0
1912	1997	1910	0	-1	-1	-1	0
1882	1970	1971	0	-1	-1	-1	0
1999	1912	1913	0	-1	-1	-1	0
1883	1971	1972	0	-1	-1	-1	0
1914	1915	2000	1	-1	-1	-1	0
1973	1884	1972	0	-1	-1	-1	0
1973	1974	1886	0	-1	-1	-1	0
1916	2002	1915	1	-1	-1	-1	0
1949	1941	1946	1	-1	-1	-1	0
1917	1961	1958	8	-1	-1	-1	0
1976	1889	1975	1	-1	-1	-1	0
1977	1890	1976	1	-1	-1	-1	0
1978	1891	1977	1	-1	-1	-1	0
2005	1916	1925	1	-1	-1	-1	0
2008	1918	1921	1	-1	-1	-1	0
2009	1919	1920	1	-1	-1	-1	0
2009	1921	1919	1	-1	-1	-1	0
1918	2007	1924	1	-1	-1	-1	0
1892	1978	1980	1	-1	-1	-1	0
1979	1892	1980	1	-1	-1	-1	0
1920	1923	2011	1	-1	-1	-1	0
1975	1898	1983	1	-1	-1	-1	0
2012	1923	1922	1	-1	-1	-1	0
1898	1981	1982	1	-1	-1	-1	0
1924	2014	1925	1	-1	-1	-1	0
1898	1982	1983	1	-1	-1	-1	0
1985	1981	1899	1	-1	-1	-1	0
1954	1956	1957	8	-1	-1	-1	0
1899	1984	1985	0	-1	-1	-1	0
2015	1928	1927	8	-1	-1	-1	0
1900	1986	1984	0	-1	-1	-1	0
1900	1987	1986	0	-1	-1	-1	0
1932	2015	1927	8	-1	-1	-1	0
2016	1930	1928	8	-1	-1	-1	0
1914	2000	1961	8	-1	-1	-1	0
1902	1989	1987	0	-1	-1	-1	0
1988	1989	1902	0	-1	-1	-1	0
1990	1988	1903	0	-1	-1	-1	0
2006	1917	1958	8	-1	-1	-1	0
1934	1930	2017	8	-1	-1	-1	0
2015	1932	1935	1	-1	-1	-1	0
1905	1991	1990	0	-1	-1	-1	0
2017	1935	1934	8	-1	-1	-1	0
1974	1999	1913	0	-1	-1	-1	0
1965	1917	2006	8	-1	-1	-1	0
1992	1991	1906	0	-1	-1	-1	0
1936	1937	2018	8	-1	-1	-1	0
1908	1994	1992	0	-1	-1	-1	0
2018	1937	1940	8	-1	-1	-1	0
1993	1994	1908	0	-1	-1	-1	0
1909	1995	1993	0	-1	-1	-1	0
1996	1995	1909	0	-1	-1	-1	0
1910	1997	1996	0	-1	-1	-1	0
2020	1942	1943	8	-1	-1	-1	0
1998	1997	1912	0	-1	-1	-1	0
1942	2021	1945	8	-1	-1	-1	0
1955	1936	2018	8	-1	-1	-1	0
1998	1912	1999	0	-1	-1	-1	0
2018	1940	1953	8	-1	-1	-1	0
1922	1979	2012	1	-1	-1	-1	0
1946	1944	2025	1	-1	-1	-1	0
2026	1944	1945	8	-1	-1	-1	0
1915	2002	2001	1	-1	-1	-1	0
1915	2003	2000	1	-1	-1	-1	0
2001	2003	1915	1	-1	-1	-1	0
2002	1916	2004	1	-1	-1	-1	0
1949	1946	2027	1	-1	-1	-1	0
2028	1947	1948	8	-1	-1	-1	0
2004	1916	2005	1	-1	-1	-1	0
1949	2029	1948	8	-1	-1	-1	0
2028	1952	1947	8	-1	-1	-1	0
2024	1943	1962	8	-1	-1	-1	0
2006	1958	1967	8	-1	-1	-1	0
1952	2030	1951	8	-1	0	-1	0
2008	2007	1918	1	-1	-1	-1	0
2008	1921	2009	1	-1	-1	-1	0
1920	2010	2009	1	-1	-1	-1	0
1954	2032	1953	8	-1	-1	-1	0
2011	2010	1920	1	-1	-1	-1	0
1957	2032	1954	8	-1	-1	-1	0
1955	2032	1957	1	-1	-1	-1	0
2005	1925	2014	1	-1	-1	-1	0
2007	2014	1924	1	-1	-1	-1	0
2011	1923	2013	1	-1	-1	-1	0
2012	2013	1923	1	-1	-1	-1	0
1981	1985	1982	1	-1	-1	-1	0
1959	2034	1960	1	-1	-1	-1	0
2033	1959	1961	8	-1	-1	-1	0
1986	1985	1984	0	-1	-1	-1	0
2016	1928	2015	8	-1	-1	-1	0
1960	2036	1963	1	-1	-1	-1	0
2016	2017	1930	8	-1	-1	-1	0
2041	1962	1963	8	-1	-1	-1	0
1935	2017	2015	1	-1	-1	-1	0
2012	1979	1980	1	-1	-1	-1	0
1964	1965	2045	8	-1	-1	-1	0
1968	1964	2045	8	-1	-1	-1	0
1967	1966	2046	8	-1	-1	-1	0
1966	1969	2046	8	-1	-1	-1	0
2019	1942	2020	8	-1	-1	0	0
2021	1942	2019	8	-1	-1	0	0
2047	1969	1968	3	-1	-1	-1	5.3725657260876281
2022	2020	1943	8	0	-1	-1	0
2022	1943	2023	8	-1	-1	0	0
2049	1971	1970	0	-1	-1	-1	0
1943	2024	2023	8	-1	0	-1	0
1971	2049	1972	0	-1	-1	-1	0
2026	1945	2021	8	-1	-1	-1	0
2026	2025	1944	8	-1	-1	-1	0
1973	1972	2051	0	-1	-1	-1	0
2027	1946	2025	1	-1	-1	-1	0
2000	2037	1961	8	-1	-1	-1	0
2051	1974	1973	0	-1	-1	-1	0
2032	2018	1953	8	-1	-1	-1	0
2028	1948	2029	8	-1	-1	-1	0
2029	1949	2027	1	-1	-1	-1	0
1975	2054	1976	1	-1	-1	-1	0
2032	1955	2018	8	-1	-1	-1	0
1977	1976	2055	1	-1	-1	-1	0
1952	2028	2031	8	-1	-1	-1	0
1977	2057	1978	1	-1	-1	-1	0
2054	1975	1983	1	-1	-1	-1	0
2030	1952	2031	8	-1	-1	-1	0
1978	2058	1980	1	-1	-1	-1	0
2006	2045	1965	8	-1	-1	-1	0
2046	2006	1967	8	-1	-1	-1	0
1983	1982	2060	1	-1	-1	-1	0
2024	1962	2039	8	-1	-1	0	0
1959	2033	2034	1	-1	-1	-1	0
1999	1974	2053	0	-1	-1	-1	0
1985	2060	1982	1	-1	-1	-1	0
2035	1960	2034	1	-1	-1	-1	0
2036	1960	2035	1	-1	-1	-1	0
2038	2033	1961	8	-1	-1	-1	0
2062	1985	1986	0	-1	-1	-1	0
1961	2037	2038	8	-1	-1	-1	0
1986	1987	2065	0	-1	-1	-1	0
2003	2037	2000	1	-1	-1	-1	0
2039	1962	2040	8	-1	-1	0	0
2041	2040	1962	8	0	-1	-1	0
1963	2036	2044	8	-1	-1	-1	0
1987	1989	2067	0	-1	-1	-1	0
1989	1988	2068	0	-1	-1	-1	0
1990	2068	1988	0	-1	-1	-1	0
2043	2041	1963	8	0	-1	-1	0
2016	2015	2017	1	-1	-1	-1	0
2043	1963	2042	8	-1	-1	0	0
2070	1990	1991	0	-1	-1	-1	0
2044	2042	1963	8	0	-1	-1	0
2059	2012	1980	1	-1	-1	-1	0
2070	1991	1992	0	-1	-1	-1	0
1992	1994	2071	0	-1	-1	-1	0
2072	1994	1993	0	-1	-1	-1	0
2047	1968	2045	8	-1	-1	-1	0
2072	1993	1995	0	-1	-1	-1	0
2046	1969	2047	8	-1	-1	-1	0
1995	1996	2073	0	-1	-1	-1	0
2074	1996	1997	0	-1	-1	-1	0
2048	2049	1970	0	-1	-1	-1	0
2074	1997	1998	0	-1	-1	-1	0
1998	1999	2075	0	-1	-1	-1	0
1972	2049	2052	0	-1	-1	-1	0
1972	2050	2051	0	-1	-1	-1	0
1972	2052	2050	0	-1	-1	-1	0
2021	2030	2026	8	0	-1	-1	0
2051	2053	1974	0	-1	-1	-1	0
2077	2003	2001	1	-1	-1	-1	0
2078	2001	2002	1	-1	-1	-1	0
2013	2012	2059	1	-1	-1	-1	0
2079	2002	2004	1	-1	-1	-1	0
2056	1976	2054	1	-1	-1	-1	0
2056	2055	1976	1	-1	-1	-1	0
2030	2031	2026	8	-1	-1	-1	0
1977	2055	2057	1	-1	-1	-1	0
2004	2005	2083	1	-1	-1	-1	0
2058	1978	2057	1	-1	-1	-1	0
1980	2058	2059	1	-1	-1	-1	0
2045	2006	2046	8	-1	-1	-1	0
1983	2060	2054	1	-1	-1	-1	0
2008	2086	2007	1	-1	-1	-1	0
2084	2005	2014	1	-1	-1	-1	0
2087	2008	2009	1	-1	-1	-1	0
2014	2007	2085	1	-1	-1	-1	0
1985	2063	2060	1	-1	-1	-1	0
2089	2009	2010	1	-1	-1	-1	0
2061	2063	1985	1	-1	-1	-1	0
1985	2064	2061	1	-1	-1	-1	0
2010	2011	2089	1	-1	-1	-1	0
2064	1985	2062	0	-1	-1	-1	0
2062	1986	2065	0	-1	-1	-1	0
2077	2001	2035	1	-1	-1	-1	0
2035	2001	2078	1	-1	-1	-1	0
2090	2011	2013	1	-1	-1	-1	0
2065	1987	2066	0	-1	-1	-1	0
2067	2066	1987	0	-1	-1	-1	0
2003	2080	2037	1	-1	-1	-1	0
2069	2067	1989	0	-1	-1	-1	0
2069	1989	2068	0	-1	-1	-1	0
1999	2053	2075	0	-1	-1	-1	0
2070	2068	1990	0	-1	-1	-1	0
1992	2071	2070	0	-1	-1	-1	0
2072	2071	1994	0	-1	-1	-1	0
2046	2047	2045	8	-1	-1	-1	0
1995	2073	2072	0	-1	-1	-1	0
2073	1996	2074	0	-1	-1	-1	0
2026	2094	2025	8	-1	-1	-1	0
2027	2025	2093	1	-1	-1	-1	0
2077	2035	2034	1	-1	-1	-1	0
1998	2076	2074	0	-1	-1	-1	0
2076	1998	2075	0	-1	-1	-1	0
2027	2095	2029	1	-1	-1	-1	0
2031	2094	2026	8	-1	-1	-1	0
2028	2029	2096	8	-1	-1	-1	0
2038	2037	2080	8	-1	-1	-1	0
2028	2096	2031	8	-1	-1	-1	0
2079	2078	2002	1	-1	-1	-1	0
2003	2077	2081	1	-1	-1	-1	0
2091	2013	2059	1	-1	-1	-1	0
2034	2033	2097	1	-1	-1	-1	0
2003	2082	2080	1	-1	-1	-1	0
2083	2079	2004	1	-1	-1	-1	0
2003	2081	2082	1	-1	-1	-1	0
2097	2033	2038	8	-1	-1	-1	0
2036	2035	2100	1	-1	-1	-1	0
2084	2083	2005	1	-1	-1	-1	0
2054	2060	2063	1	-1	-1	-1	0
2086	2085	2007	1	-1	-1	-1	0
2008	2087	2086	1	-1	-1	-1	0
2044	2036	2101	8	-1	-1	0	0
2009	2088	2087	1	-1	-1	-1	0
2088	2009	2089	1	-1	-1	-1	0
2090	2089	2011	1	-1	-1	-1	0
2084	2014	2092	1	-1	-1	-1	0
2085	2092	2014	1	-1	-1	-1	0
2013	2091	2090	1	-1	-1	-1	0
2080	2082	2038	8	-1	-1	-1	0
2048	2104	2049	0	-1	-1	-1	0
2104	2052	2049	0	-1	-1	-1	0
2051	2050	2105	0	-1	-1	-1	0
2106	2050	2052	0	-1	-1	-1	0
2051	2105	2053	0	-1	-1	-1	0
2098	2077	2034	1	-1	-1	-1	0
2093	2025	2094	8	-1	-1	-1	0
2078	2100	2035	1	-1	-1	-1	0
2027	2093	2095	1	-1	-1	-1	0
2038	2082	2099	8	-1	-1	-1	0
2096	2029	2095	1	-1	-1	-1	0
2111	2056	2054	1	-1	-1	-1	0
2094	2031	2096	8	-1	-1	-1	0
2112	2055	2056	1	-1	-1	-1	0
2057	2055	2112	1	-1	-1	-1	0
2054	2063	2110	1	-1	-1	-1	0
2097	2099	2034	1	-1	-1	-1	0
2115	2058	2057	1	-1	-1	-1	0
2099	2098	2034	1	-1	-1	-1	0
2059	2058	2116	1	-1	-1	-1	0
2038	2099	2097	8	-1	-1	-1	0
2075	2053	2108	0	-1	-1	-1	0
2036	2100	2102	8	-1	-1	-1	0
2036	2102	2101	8	-1	0	-1	0
2061	2117	2063	1	-1	-1	-1	0
2117	2061	2064	1	-1	-1	-1	0
2062	2118	2064	0	-1	-1	-1	0
2062	2065	2118	0	-1	-1	-1	0
2118	2065	2066	0	-1	-1	-1	0
2121	2066	2067	0	-1	-1	-1	0
2048	2103	2104	0	-1	-1	-1	0
2098	2081	2077	1	-1	-1	-1	0
2123	2067	2069	0	-1	-1	-1	0
2076	2075	2108	0	-1	-1	-1	0
2106	2105	2050	0	-1	-1	-1	0
2069	2068	2126	0	-1	-1	-1	0
2107	2052	2104	0	-1	-1	-1	0
2070	2126	2068	0	-1	-1	-1	0
2106	2052	2107	0	-1	-1	-1	0
2053	2105	2108	0	-1	-1	-1	0
2091	2059	2116	1	-1	-1	-1	0
2070	2071	2127	0	-1	-1	-1	0
2129	2071	2072	0	-1	-1	-1	0
2054	2110	2109	1	-1	-1	-1	0
2054	2109	2111	1	-1	-1	-1	0
2072	2073	2129	0	-1	-1	-1	0
2074	2130	2073	0	-1	-1	-1	0
2111	2112	2056	1	-1	-1	-1	0
2130	2074	2076	0	-1	-1	-1	0
2057	2112	2113	1	-1	-1	-1	0
2093	2094	2095	8	-1	-1	-1	0
2057	2113	2114	1	-1	-1	-1	0
2094	2096	2095	8	-1	-1	-1	0
2114	2115	2057	1	-1	-1	-1	0
2115	2116	2058	1	-1	-1	-1	0
2117	2110	2063	1	-1	-1	-1	0
2136	2078	2079	1	-1	-1	-1	0
2083	2138	2079	1	-1	-1	-1	0
2118	2119	2064	0	-1	-1	-1	0
2120	2117	2064	1	-1	-1	-1	0
2140	2082	2081	1	-1	-1	-1	0
2119	2120	2064	0	-1	-1	-1	0
2121	2118	2066	0	-1	-1	-1	0
2142	2083	2084	1	-1	-1	-1	0
2121	2067	2122	0	-1	-1	-1	0
2100	2078	2134	1	-1	-1	-1	0
2124	2122	2067	0	-1	-1	-1	0
2067	2123	2125	0	-1	-1	-1	0
2144	2085	2086	1	-1	-1	-1	0
2124	2067	2125	0	-1	-1	-1	0
2133	2076	2108	0	-1	-1	-1	0
2145	2086	2087	1	-1	-1	-1	0
2081	2098	2139	1	-1	-1	-1	0
2069	2126	2123	0	-1	-1	-1	0
2092	2143	2084	1	-1	-1	-1	0
2088	2145	2087	1	-1	-1	-1	0
2144	2092	2085	1	-1	-1	-1	0
2082	2141	2099	8	-1	-1	-1	0
2126	2070	2127	0	-1	-1	-1	0
2147	2088	2089	1	-1	-1	-1	0
2128	2127	2071	0	-1	-1	-1	0
2148	2089	2090	1	-1	-1	-1	0
2128	2071	2129	0	-1	-1	-1	0
2090	2091	2149	1	-1	-1	-1	0
2131	2129	2073	0	-1	-1	-1	0
2073	2130	2131	0	-1	-1	-1	0
2141	2098	2099	1	-1	-1	-1	0
2130	2076	2132	0	-1	-1	-1	0
2132	2076	2133	0	-1	-1	-1	0
2078	2135	2134	1	-1	-1	-1	0
2078	2136	2135	1	-1	-1	-1	0
2137	2136	2079	1	-1	-1	-1	0
2138	2137	2079	1	-1	-1	-1	0
2102	2100	2153	8	-1	-1	0	0
2116	2151	2091	1	-1	-1	-1	0
2081	2139	2140	1	-1	-1	-1	0
2140	2141	2082	8	-1	-1	-1	0
2083	2142	2138	1	-1	-1	-1	0
2103	2157	2104	0	-1	-1	-1	0
2104	2158	2107	0	-1	-1	-1	0
2142	2084	2143	1	-1	-1	-1	0
2106	2159	2105	0	-1	-1	-1	0
2158	2106	2107	0	-1	-1	-1	0
2108	2105	2159	0	-1	-1	-1	0
2127	2125	2123	0	-1	-1	-1	0
2126	2127	2123	0	-1	-1	-1	0
2144	2086	2146	1	-1	-1	-1	0
2146	2086	2145	1	-1	-1	-1	0
2139	2098	2141	1	-1	-1	-1	0
2147	2145	2088	1	-1	-1	-1	0
2162	2109	2110	1	-1	-1	-1	0
2116	2115	2151	1	-1	-1	-1	0
2109	2163	2111	1	-1	-1	-1	0
2148	2147	2089	1	-1	-1	-1	0
2092	2152	2143	1	-1	-1	-1	0
2149	2148	2090	1	-1	-1	-1	0
2144	2152	2092	1	-1	-1	-1	0
2111	2166	2112	1	-1	-1	-1	0
2155	2100	2134	8	-1	-1	-1	0
2091	2150	2149	1	-1	-1	-1	0
2166	2113	2112	1	-1	-1	-1	0
2117	2165	2110	1	-1	-1	-1	0
2151	2150	2091	1	-1	-1	-1	0
2168	2114	2113	1	-1	-1	-1	0
2171	2115	2114	1	-1	-1	-1	0
2161	2133	2108	0	-1	-1	-1	0
2117	2120	2165	1	-1	-1	-1	0
2154	2153	2100	8	0	-1	-1	0
2100	2155	2154	8	-1	0	-1	0
2118	2173	2119	0	-1	-1	-1	0
2118	2121	2173	0	-1	-1	-1	0
2174	2120	2119	0	-1	-1	-1	0
2157	2103	2156	0	-1	-1	-1	0
2157	2158	2104	0	-1	-1	-1	0
2140	2139	2141	8	-1	-1	-1	0
2178	2121	2122	0	-1	-1	-1	0
2106	2158	2160	0	-1	-1	-1	0
2122	2124	2179	0	-1	-1	-1	0
2106	2160	2159	0	-1	-1	-1	0
2159	2161	2108	0	-1	-1	-1	0
2124	2125	2180	0	-1	-1	-1	0
2182	2125	2127	0	-1	-1	-1	0
2109	2162	2164	1	-1	-1	-1	0
2163	2109	2164	1	-1	-1	-1	0
2162	2110	2165	1	-1	-1	-1	0
2183	2127	2128	0	-1	-1	-1	0
2172	2151	2115	1	-1	-1	-1	0
2128	2129	2184	0	-1	-1	-1	0
2167	2111	2163	1	-1	-1	-1	0
2146	2152	2144	1	-1	-1	-1	0
2111	2167	2166	1	-1	-1	-1	0
2184	2129	2131	0	-1	-1	-1	0
2130	2185	2131	0	-1	-1	-1	0
2168	2113	2166	1	-1	-1	-1	0
2132	2185	2130	0	-1	-1	-1	0
2114	2168	2170	1	-1	-1	-1	0
2132	2133	2187	0	-1	-1	-1	0
2169	2114	2170	1	-1	-1	-1	0
2169	2171	2114	1	-1	-1	-1	0
2171	2172	2115	1	-1	-1	-1	0
2134	2135	2190	8	-1	-1	-1	0
2176	2165	2120	1	-1	-1	-1	0
2193	2135	2136	8	-1	-1	-1	0
2173	2175	2119	0	-1	-1	-1	0
2174	2119	2175	0	-1	-1	-1	0
2196	2136	2137	8	-1	-1	-1	0
2120	2174	2177	0	-1	-1	-1	0
2173	2121	2178	0	-1	-1	-1	0
2177	2176	2120	1	-1	-1	-1	0
2137	2138	2199	1	-1	-1	-1	0
2155	2134	2189	8	-1	-1	0	0
2178	2122	2179	0	-1	-1	-1	0
2160	2161	2159	0	-1	-1	-1	0
2142	2201	2138	1	-1	-1	-1	0
2188	2133	2161	0	-1	-1	-1	0
2124	2181	2179	0	-1	-1	-1	0
2124	2180	2181	0	-1	-1	-1	0
2202	2142	2143	1	-1	-1	-1	0
2127	2183	2182	0	-1	-1	-1	0
2180	2125	2182	0	-1	-1	-1	0
2184	2183	2128	0	-1	-1	-1	0
2205	2146	2145	1	-1	-1	-1	0
2205	2145	2147	1	-1	-1	-1	0
2204	2143	2152	1	-1	-1	-1	0
2184	2131	2186	0	-1	-1	-1	0
2186	2131	2185	0	-1	-1	-1	0
2147	2148	2209	1	-1	-1	-1	0
2187	2185	2132	0	-1	-1	-1	0
2146	2207	2152	1	-1	-1	-1	0
2149	2209	2148	1	-1	-1	-1	0
2187	2133	2188	0	-1	-1	-1	0
2150	2210	2149	1	-1	-1	-1	0
2151	2211	2150	1	-1	-1	-1	0
2189	2134	2190	8	-1	-1	0	0
2192	2190	2135	8	0	-1	-1	0
2135	2191	2192	8	-1	0	-1	0
2191	2135	2193	8	-1	-1	0	0
2193	2136	2195	8	-1	-1	0	0
2157	2156	2212	0	-1	-1	-1	0
2136	2194	2195	8	-1	0	-1	0
2175	2173	2178	0	-1	-1	-1	0
2136	2196	2194	8	-1	0	-1	0
2214	2158	2157	0	-1	-1	-1	0
2196	2137	2197	8	-1	-1	0	0
2197	2137	2198	8	-1	-1	0	0
2160	2158	2214	0	-1	-1	-1	0
2137	2199	2198	8	-1	-1	-1	0
2151	2172	2211	1	-1	-1	-1	0
2138	2200	2199	1	-1	-1	-1	0
2161	2160	2216	0	-1	-1	-1	0
2181	2178	2179	0	-1	-1	-1	0
2201	2200	2138	1	-1	-1	-1	0
2164	2162	2217	1	-1	-1	-1	0
2217	2162	2165	1	-1	-1	-1	0
2164	2218	2163	1	-1	-1	-1	0
2142	2202	2201	1	-1	-1	-1	0
2167	2163	2218	1	-1	-1	-1	0
2202	2143	2203	1	-1	-1	-1	0
2204	2203	2143	1	-1	-1	-1	0
2166	2167	2221	1	-1	-1	-1	0
2220	2168	2166	1	-1	-1	-1	0
2146	2205	2206	1	-1	-1	-1	0
2165	2176	2217	1	-1	-1	-1	0
2146	2206	2207	1	-1	-1	-1	0
2205	2147	2208	1	-1	-1	-1	0
2170	2168	2225	1	-1	-1	-1	0
2204	2152	2207	1	-1	-1	-1	0
2208	2147	2209	1	-1	-1	-1	0
2161	2216	2188	0	-1	-1	-1	0
2170	2226	2169	1	-1	-1	-1	0
2227	2171	2169	8	-1	-1	-1	0
2149	2210	2209	1	-1	-1	-1	0
2210	2150	2211	1	-1	-1	-1	0
2171	2231	2172	8	-1	-1	-1	0
2213	2212	2156	0	-1	-1	-1	0
2175	2233	2174	0	-1	-1	-1	0
2214	2157	2212	0	-1	-1	-1	0
2174	2234	2177	0	-1	-1	-1	0
2235	2175	2178	0	-1	-1	-1	0
2215	2160	2214	0	-1	-1	-1	0
2160	2215	2216	0	-1	-1	-1	0
2238	2176	2177	1	-1	-1	-1	0
2181	2240	2178	0	-1	-1	-1	0
2219	2164	2217	1	-1	-1	-1	0
2219	2218	2164	1	-1	-1	-1	0
2181	2180	2241	0	-1	-1	-1	0
2242	2180	2182	0	-1	-1	-1	0
2242	2182	2183	0	-1	-1	-1	0
2221	2220	2166	1	-1	-1	-1	0
2167	2218	2223	1	-1	-1	-1	0
2221	2167	2222	1	-1	-1	-1	0
2244	2183	2184	0	-1	-1	-1	0
2220	2225	2168	1	-1	-1	-1	0
2224	2222	2167	1	-1	-1	-1	0
2223	2224	2167	1	-1	-1	-1	0
2245	2184	2186	0	-1	-1	-1	0
2232	2211	2172	8	-1	-1	-1	0
2186	2185	2246	0	-1	-1	-1	0
2187	2246	2185	0	-1	-1	-1	0
2226	2227	2169	8	-1	-1	-1	0
2248	2187	2188	0	-1	-1	-1	0
2225	2228	2170	1	-1	-1	-1	0
2226	2170	2229	1	-1	-1	-1	0
2170	2228	2229	1	-1	-1	-1	0
2230	2171	2227	8	-1	-1	-1	0
2176	2237	2217	1	-1	-1	-1	0
2171	2230	2231	8	-1	-1	-1	0
2231	2232	2172	8	-1	-1	-1	0
2234	2174	2233	0	-1	-1	-1	0
2175	2236	2233	0	-1	-1	-1	0
2235	2236	2175	0	-1	-1	-1	0
2198	2199	2250	8	-1	-1	0	0
2177	2234	2239	0	-1	-1	-1	0
2199	2200	2252	8	-1	-1	-1	0
2238	2237	2176	1	-1	-1	-1	0
2216	2248	2188	0	-1	-1	-1	0
2178	2240	2235	0	-1	-1	-1	0
2238	2177	2239	1	-1	-1	-1	0
2201	2254	2200	8	-1	-1	-1	0
2201	2202	2258	1	-1	-1	-1	0
2180	2242	2241	0	-1	-1	-1	0
2243	2240	2181	0	-1	-1	-1	0
2181	2241	2243	0	-1	-1	-1	0
2202	2203	2260	1	-1	-1	-1	0
2203	2204	2262	1	-1	-1	-1	0
2242	2183	2244	0	-1	-1	-1	0
2244	2184	2245	0	-1	-1	-1	0
2237	2219	2217	1	-1	-1	-1	0
2263	2204	2207	1	-1	-1	-1	0
2264	2206	2205	1	-1	-1	-1	0
2186	2246	2245	0	-1	-1	-1	0
2205	2208	2264	1	-1	-1	-1	0
2265	2207	2206	1	-1	-1	-1	0
2246	2187	2247	0	-1	-1	-1	0
2187	2249	2247	0	-1	-1	-1	0
2208	2209	2266	1	-1	-1	-1	0
2187	2248	2249	0	-1	-1	-1	0
2209	2210	2266	1	-1	-1	-1	0
2268	2210	2211	8	-1	-1	-1	0
2212	2213	2269	0	-1	-1	-1	0
2214	2212	2269	0	-1	-1	-1	0
2250	2199	2251	8	-1	-1	0	0
2272	2215	2214	0	-1	-1	-1	0
2251	2199	2252	8	-1	-1	0	0
2273	2216	2215	0	-1	-1	-1	0
2253	2252	2200	8	0	-1	-1	0
2200	2254	2253	8	-1	0	-1	0
2268	2211	2232	8	-1	-1	-1	0
2256	2254	2201	8	0	-1	-1	0
2256	2201	2255	8	-1	-1	0	0
2255	2201	2257	8	-1	-1	0	0
2218	2219	2276	1	-1	-1	-1	0
2275	2223	2218	1	-1	-1	-1	0
2257	2201	2258	8	-1	-1	-1	0
2202	2259	2258	1	-1	-1	-1	0
2279	2220	2221	1	-1	-1	-1	0
2259	2202	2260	1	-1	-1	-1	0
2220	2278	2225	1	-1	-1	-1	0
2222	2281	2221	1	-1	-1	-1	0
2261	2260	2203	1	-1	-1	-1	0
2261	2203	2262	1	-1	-1	-1	0
2263	2262	2204	1	-1	-1	-1	0
2222	2224	2283	8	-1	-1	-1	0
2281	2222	2227	8	-1	-1	-1	0
2278	2228	2225	1	-1	-1	-1	0
2283	2227	2222	8	-1	-1	-1	0
2224	2223	2285	1	-1	-1	-1	0
2219	2237	2277	1	-1	-1	-1	0
2206	2264	2265	1	-1	-1	-1	0
2265	2263	2207	1	-1	-1	-1	0
2248	2216	2273	0	-1	-1	-1	0
2264	2208	2266	1	-1	-1	-1	0
2230	2227	2283	8	-1	-1	-1	0
2288	2227	2226	8	-1	-1	-1	0
2266	2210	2267	8	-1	-1	-1	0
2226	2229	2288	8	-1	-1	-1	0
2267	2210	2268	8	-1	-1	-1	0
2289	2229	2228	1	-1	-1	-1	0
2269	2213	2271	0	-1	-1	-1	0
2292	2231	2230	8	-1	-1	-1	0
2271	2213	2270	0	-1	-1	-1	0
2272	2214	2269	0	-1	-1	-1	0
2232	2231	2294	8	-1	-1	-1	0
2274	2215	2272	0	-1	-1	-1	0
2274	2273	2215	0	-1	-1	-1	0
2233	2299	2234	0	-1	-1	-1	0
2236	2299	2233	0	-1	-1	-1	0
2275	2218	2276	1	-1	-1	-1	0
2249	2248	2273	0	-1	-1	-1	0
2301	2236	2235	0	-1	-1	-1	0
2276	2219	2277	1	-1	-1	-1	0
2234	2300	2239	0	-1	-1	-1	0
2301	2235	2240	0	-1	-1	-1	0
2278	2220	2279	1	-1	-1	-1	0
2303	2237	2238	1	-1	-1	-1	0
2304	2238	2239	1	-1	-1	-1	0
2282	2279	2221	1	-1	-1	-1	0
2275	2284	2223	1	-1	-1	-1	0
2221	2281	2280	1	-1	-1	-1	0
2280	2282	2221	1	-1	-1	-1	0
2305	2240	2243	0	-1	-1	-1	0
2306	2243	2241	0	-1	-1	-1	0
2241	2242	2307	0	-1	-1	-1	0
2223	2284	2285	1	-1	-1	-1	0
2283	2224	2286	8	-1	-1	-1	0
2244	2308	2242	0	-1	-1	-1	0
2278	2289	2228	1	-1	-1	-1	0
2227	2288	2281	8	-1	-1	-1	0
2224	2285	2287	8	-1	-1	-1	0
2268	2232	2296	6	-1	-1	-1	-5.3725657260876281
2286	2224	2287	8	-1	-1	-1	0
2245	2308	2244	0	-1	-1	-1	0
2310	2245	2246	0	-1	-1	-1	0
2247	2311	2246	0	-1	-1	-1	0
2293	2230	2283	8	-1	-1	-1	0
2290	2288	2229	8	-1	-1	-1	0
2249	2312	2247	0	-1	-1	-1	0
2229	2289	2290	8	-1	-1	-1	0
2291	2292	2230	8	-1	-1	-1	0
2293	2291	2230	8	-1	-1	-1	0
2303	2277	2237	1	-1	-1	-1	0
2231	2292	2295	8	-1	-1	-1	0
2294	2231	2295	8	-1	-1	-1	0
2232	2294	2298	6	-1	-1	-1	-5.3725657260876281
2297	2296	2232	6	-1	-1	-1	-5.3725657260876281
2298	2297	2232	6	-1	-1	-1	-5.3725657260876281
2257	2258	2315	8	-1	-1	0	0
2316	2258	2259	8	-1	-1	-1	0
2299	2300	2234	0	-1	-1	-1	0
2249	2273	2314	0	-1	-1	-1	0
2236	2302	2299	0	-1	-1	-1	0
2320	2259	2260	1	-1	-1	-1	0
2236	2301	2302	0	-1	-1	-1	0
2260	2261	2322	1	-1	-1	-1	0
2304	2239	2300	1	-1	-1	-1	0
2303	2238	2304	1	-1	-1	-1	0
2301	2240	2305	0	-1	-1	-1	0
2261	2262	2325	1	-1	-1	-1	0
2280	2281	2288	8	-1	-1	-1	0
2288	2282	2280	8	-1	-1	-1	0
2327	2262	2263	1	-1	-1	-1	0
2307	2306	2241	0	-1	-1	-1	0
2265	2328	2263	8	-1	-1	-1	0
2242	2308	2307	0	-1	-1	-1	0
2309	2305	2243	0	-1	-1	-1	0
2309	2243	2306	0	-1	-1	-1	0
2290	2282	2288	8	-1	-1	-1	0
2331	2265	2264	8	-1	-1	-1	0
2266	2330	2264	8	-1	-1	-1	0
2314	2273	2274	0	-1	-1	-1	0
2283	2286	2293	8	-1	-1	-1	0
2308	2245	2310	0	-1	-1	-1	0
2266	2267	2332	8	-1	-1	-1	0
2310	2246	2311	0	-1	-1	-1	0
2268	2334	2267	6	-1	-1	-1	-5.3725657260876281
2311	2247	2312	0	-1	-1	-1	0
2312	2249	2313	0	-1	-1	-1	0
2269	2271	2335	0	-1	-1	-1	0
2272	2269	2335	0	-1	-1	-1	0
2313	2249	2314	0	-1	-1	-1	0
2337	2271	2270	0	-1	-1	-1	0
2274	2272	2338	0	-1	-1	-1	0
2294	2295	2298	6	-1	-1	-1	-5.3725657260876281
2316	2315	2258	8	0	-1	-1	0
2316	2259	2317	8	-1	-1	0	0
2341	2275	2276	1	-1	-1	-1	0
2317	2259	2318	8	-1	-1	0	0
2277	2342	2276	1	-1	-1	-1	0
2318	2259	2319	8	-1	-1	0	0
2334	2268	2296	6	-1	-1	-1	-5.3725657260876281
2319	2259	2320	8	-1	-1	-1	0
2284	2275	2341	1	-1	-1	-1	0
2344	2278	2279	1	-1	-1	-1	0
2260	2321	2320	1	-1	-1	-1	0
2260	2323	2321	1	-1	-1	-1	0
2323	2260	2322	1	-1	-1	-1	0
2345	2279	2282	1	-1	-1	-1	0
2322	2261	2324	1	-1	-1	-1	0
2324	2261	2325	1	-1	-1	-1	0
2344	2289	2278	1	-1	-1	-1	0
2262	2326	2325	1	-1	-1	-1	0
2346	2285	2284	1	-1	-1	-1	0
2262	2327	2326	1	-1	-1	-1	0
2345	2282	2290	8	-1	-1	-1	0
2285	2347	2287	8	-1	-1	-1	0
2329	2327	2263	8	-1	-1	-1	0
2329	2263	2328	8	-1	-1	-1	0
2286	2287	2350	8	-1	-1	-1	0
2303	2343	2277	1	-1	-1	-1	0
2345	2290	2289	8	-1	-1	-1	0
2328	2265	2331	8	-1	-1	-1	0
2264	2330	2331	8	-1	-1	-1	0
2339	2314	2274	0	-1	-1	-1	0
2293	2286	2349	8	-1	-1	-1	0
2330	2266	2332	8	-1	-1	-1	0
2333	2332	2267	6	-1	-1	-1	-5.3725657260876281
2334	2333	2267	6	-1	-1	-1	-5.3725657260876281
2352	2292	2291	8	-1	-1	-1	0
2293	2353	2291	8	-1	-1	-1	0
2295	2292	2354	8	-1	-1	-1	0
2298	2347	2297	6	-1	-1	-1	-5.3725657260876281
2270	2336	2337	0	-1	-1	-1	0
2335	2271	2337	0	-1	-1	-1	0
2338	2272	2335	0	-1	-1	-1	0
2295	2357	2298	6	-1	-1	-1	-5.3725657260876281
2297	2358	2296	6	-1	-1	-1	-5.3725657260876281
2340	2274	2338	0	-1	-1	-1	0
2339	2274	2340	0	-1	-1	-1	0
2341	2276	2342	1	-1	-1	-1	0
2299	2361	2300	0	-1	-1	-1	0
2302	2360	2299	0	-1	-1	-1	0
2343	2342	2277	1	-1	-1	-1	0
2362	2304	2300	1	-1	-1	-1	0
2301	2363	2302	0	-1	-1	-1	0
2345	2344	2279	1	-1	-1	-1	0
2301	2305	2364	0	-1	-1	-1	0
2284	2341	2346	1	-1	-1	-1	0
2304	2366	2303	1	-1	-1	-1	0
2289	2344	2345	8	-1	-1	-1	0
2309	2364	2305	0	-1	-1	-1	0
2346	2348	2285	8	-1	-1	-1	0
2347	2285	2348	8	-1	-1	-1	0
2368	2306	2307	0	-1	-1	-1	0
2309	2306	2368	0	-1	-1	-1	0
2351	2287	2347	8	-1	-1	-1	0
2349	2286	2350	8	-1	-1	-1	0
2307	2308	2370	0	-1	-1	-1	0
2310	2370	2308	0	-1	-1	-1	0
2287	2351	2350	8	-1	-1	-1	0
2358	2334	2296	6	-1	-1	-1	-5.3725657260876281
2297	2347	2348	6	-1	-1	-1	-5.3725657260876281
2311	2374	2310	0	-1	-1	-1	0
2351	2347	2298	6	-1	-1	-1	-5.3725657260876281
2352	2291	2353	8	-1	-1	-1	0
2374	2311	2312	0	-1	-1	-1	0
2356	2293	2349	8	-1	-1	-1	0
2292	2352	2355	8	-1	-1	-1	0
2375	2312	2313	0	-1	-1	-1	0
2354	2292	2355	8	-1	-1	-1	0
2293	2356	2353	8	-1	-1	-1	0
2297	2348	2359	6	-1	-1	-1	-5.3725657260876281
2313	2314	2377	0	-1	-1	-1	0
2357	2351	2298	6	-1	-1	-1	-5.3725657260876281
2357	2295	2354	6	-1	-1	-1	-5.3725657260876281
2338	2335	2337	0	-1	-1	-1	0
2343	2303	2366	1	-1	-1	-1	0
2359	2358	2297	6	-1	-1	-1	-5.3725657260876281
2320	2378	2319	8	-1	0	-1	0
2360	2361	2299	0	-1	-1	-1	0
2320	2321	2380	8	-1	-1	-1	0
2361	2362	2300	0	-1	-1	-1	0
2302	2363	2360	0	-1	-1	-1	0
2323	2382	2321	8	-1	-1	-1	0
2323	2322	2384	1	-1	-1	-1	0
2363	2301	2365	0	-1	-1	-1	0
2301	2364	2365	0	-1	-1	-1	0
2339	2377	2314	0	-1	-1	-1	0
2385	2322	2324	1	-1	-1	-1	0
2367	2304	2362	1	-1	-1	-1	0
2304	2367	2366	1	-1	-1	-1	0
2390	2324	2325	1	-1	-1	-1	0
2325	2326	2392	1	-1	-1	-1	0
2368	2307	2369	0	-1	-1	-1	0
2364	2309	2372	0	-1	-1	-1	0
2370	2369	2307	0	-1	-1	-1	0
2394	2326	2327	8	-1	-1	-1	0
2371	2309	2368	0	-1	-1	-1	0
2327	2329	2395	8	-1	-1	-1	0
2309	2371	2372	0	-1	-1	-1	0
2370	2310	2373	0	-1	-1	-1	0
2396	2329	2328	8	-1	-1	-1	0
2328	2331	2397	6	-1	-1	-1	-5.3725657260876281
2310	2374	2373	0	-1	-1	-1	0
2312	2375	2374	0	-1	-1	-1	0
2330	2402	2331	6	-1	-1	-1	-5.3725657260876281
2401	2330	2332	6	-1	-1	-1	-5.3725657260876281
2375	2313	2376	0	-1	-1	-1	0
2333	2401	2332	6	-1	-1	-1	-5.3725657260876281
2355	2357	2354	6	-1	-1	-1	-5.3725657260876281
2377	2376	2313	0	-1	-1	-1	0
2333	2334	2403	6	-1	-1	-1	-5.3725657260876281
2378	2320	2379	8	-1	-1	0	0
2379	2320	2380	8	-1	-1	0	0
2407	2337	2336	0	-1	-1	-1	0
2380	2321	2381	8	-1	-1	0	0
2408	2338	2337	0	-1	-1	-1	0
2382	2381	2321	8	0	-1	-1	0
2338	2408	2340	0	-1	-1	-1	0
2409	2339	2340	0	-1	-1	-1	0
2383	2384	2322	1	-1	-1	-1	0
2385	2383	2322	1	-1	-1	-1	0
2382	2323	2387	8	-1	-1	0	0
2341	2342	2411	1	-1	-1	-1	0
2384	2388	2323	8	-1	-1	-1	0
2387	2323	2386	8	-1	-1	0	0
2405	2334	2358	6	-1	-1	-1	-5.3725657260876281
2388	2386	2323	8	0	-1	-1	0
2412	2342	2343	1	-1	-1	-1	0
2389	2385	2324	1	-1	-1	-1	0
2411	2346	2341	1	-1	-1	-1	0
2389	2324	2390	1	-1	-1	-1	0
2393	2390	2325	1	-1	-1	-1	0
2325	2392	2391	1	-1	-1	-1	0
2391	2393	2325	1	-1	-1	-1	0
2346	2415	2348	8	-1	-1	-1	0
2394	2392	2326	8	-1	-1	-1	0
2394	2327	2395	8	-1	-1	-1	0
2418	2349	2350	8	-1	-1	-1	0
2419	2350	2351	8	-1	-1	-1	0
2396	2328	2398	6	-1	-1	-1	-5.3725657260876281
2359	2348	2415	6	-1	-1	-1	-5.3725657260876281
2328	2397	2398	6	-1	-1	-1	-5.3725657260876281
2418	2356	2349	8	-1	-1	-1	0
2343	2366	2414	1	-1	-1	-1	0
2399	2329	2396	8	-1	-1	-1	0
2395	2329	2400	8	-1	-1	-1	0
2377	2339	2409	0	-1	-1	-1	0
2352	2353	2421	8	-1	-1	-1	0
2419	2351	2357	6	-1	-1	-1	-5.3725657260876281
2421	2355	2352	8	-1	-1	-1	0
2329	2399	2400	8	-1	-1	-1	0
2402	2397	2331	6	-1	-1	-1	-5.3725657260876281
2356	2422	2353	8	-1	-1	-1	0
2401	2402	2330	6	-1	-1	-1	-5.3725657260876281
2357	2355	2423	6	-1	-1	-1	-5.3725657260876281
2333	2404	2401	6	-1	-1	-1	-5.3725657260876281
2404	2333	2403	6	-1	-1	-1	-5.3725657260876281
2403	2334	2405	6	-1	-1	-1	-5.3725657260876281
2359	2425	2358	6	-1	-1	-1	-5.3725657260876281
2367	2414	2366	1	-1	-1	-1	0
2407	2336	2406	0	-1	-1	-1	0
2361	2360	2429	0	-1	-1	-1	0
2360	2363	2428	0	-1	-1	-1	0
2408	2337	2407	0	-1	-1	-1	0
2430	2362	2361	0	-1	-1	-1	0
2363	2365	2428	0	-1	-1	-1	0
2410	2340	2408	0	-1	-1	-1	0
2340	2410	2409	0	-1	-1	-1	0
2431	2367	2362	1	-1	-1	-1	0
2365	2364	2432	0	-1	-1	-1	0
2413	2411	2342	1	-1	-1	-1	0
2412	2413	2342	1	-1	-1	-1	0
2372	2432	2364	0	-1	-1	-1	0
2414	2412	2343	1	-1	-1	-1	0
2436	2368	2369	0	-1	-1	-1	0
2411	2417	2346	1	-1	-1	-1	0
2368	2436	2371	0	-1	-1	-1	0
2369	2370	2437	0	-1	-1	-1	0
2416	2415	2346	8	-1	-1	-1	0
2416	2346	2417	8	-1	-1	-1	0
2370	2373	2438	0	-1	-1	-1	0
2439	2372	2371	0	-1	-1	-1	0
2440	2373	2374	0	-1	-1	-1	0
2418	2350	2420	8	-1	-1	-1	0
2358	2426	2405	6	-1	-1	-1	-5.3725657260876281
2420	2350	2419	8	-1	-1	-1	0
2440	2374	2375	0	-1	-1	-1	0
2375	2376	2441	0	-1	-1	-1	0
2398	2399	2396	6	-1	-1	-1	-5.3725657260876281
2376	2377	2443	0	-1	-1	-1	0
2419	2357	2420	6	-1	-1	-1	-5.3725657260876281
2353	2422	2421	8	-1	-1	-1	0
2418	2424	2356	8	-1	-1	-1	0
2423	2355	2421	6	-1	-1	-1	-5.3725657260876281
2357	2423	2420	6	-1	-1	-1	-5.3725657260876281
2427	2359	2415	6	-1	-1	-1	-5.3725657260876281
2424	2422	2356	8	-1	-1	-1	0
2359	2427	2425	6	-1	-1	-1	-5.3725657260876281
2358	2425	2426	6	-1	-1	-1	-5.3725657260876281
2444	2383	2385	1	-1	-1	-1	0
2384	2383	2447	1	-1	-1	-1	0
2367	2435	2414	1	-1	-1	-1	0
2429	2360	2428	0	-1	-1	-1	0
2429	2430	2361	0	-1	-1	-1	0
2388	2384	2448	8	-1	-1	0	0
2362	2430	2431	0	-1	-1	-1	0
2452	2385	2389	1	-1	-1	-1	0
2433	2428	2365	0	-1	-1	-1	0
2377	2409	2443	0	-1	-1	-1	0
2365	2432	2434	0	-1	-1	-1	0
2434	2433	2365	0	-1	-1	-1	0
2453	2389	2390	1	-1	-1	-1	0
2367	2431	2435	1	-1	-1	-1	0
2455	2390	2393	1	-1	-1	-1	0
2456	2391	2392	8	-1	-1	-1	0
2456	2393	2391	8	-1	-1	-1	0
2411	2413	2417	1	-1	-1	-1	0
2436	2369	2437	0	-1	-1	-1	0
2456	2392	2394	8	-1	-1	-1	0
2372	2439	2432	0	-1	-1	-1	0
2437	2370	2438	0	-1	-1	-1	0
2457	2394	2395	8	-1	-1	-1	0
2439	2371	2436	0	-1	-1	-1	0
2438	2373	2440	0	-1	-1	-1	0
2400	2458	2395	8	-1	-1	-1	0
2398	2397	2460	6	-1	-1	-1	-5.3725657260876281
2375	2441	2440	0	-1	-1	-1	0
2416	2427	2415	6	-1	-1	-1	-5.3725657260876281
2441	2376	2442	0	-1	-1	-1	0
2402	2460	2397	6	-1	-1	-1	-5.3725657260876281
2399	2398	2464	6	-1	-1	-1	-5.3725657260876281
2443	2442	2376	0	-1	-1	-1	0
2420	2424	2418	8	-1	-1	-1	0
2400	2399	2465	8	-1	-1	-1	0
2424	2421	2422	6	-1	-1	-1	-5.3725657260876281
2424	2420	2423	6	-1	-1	-1	-5.3725657260876281
2423	2421	2424	6	-1	-1	-1	-5.3725657260876281
2402	2401	2468	6	-1	-1	-1	-5.3725657260876281
2444	2445	2383	1	-1	-1	-1	0
2468	2401	2404	6	-1	-1	-1	-5.3725657260876281
2446	2383	2445	1	-1	-1	-1	0
2446	2447	2383	1	-1	-1	-1	0
2470	2404	2403	6	-1	-1	-1	-5.3725657260876281
2403	2405	2471	6	-1	-1	-1	-5.3725657260876281
2449	2384	2447	8	-1	-1	-1	0
2451	2444	2385	1	-1	-1	-1	0
2448	2384	2449	8	-1	-1	0	0
2445	2444	2394	8	-1	-1	-1	0
2385	2450	2451	1	-1	-1	-1	0
2385	2452	2450	1	-1	-1	-1	0
2406	2475	2407	0	-1	-1	-1	0
2451	2394	2444	8	-1	-1	-1	0
2429	2428	2433	0	-1	-1	-1	0
2476	2408	2407	0	-1	-1	-1	0
2410	2408	2476	0	-1	-1	-1	0
2454	2452	2389	1	-1	-1	-1	0
2453	2454	2389	1	-1	-1	-1	0
2445	2394	2457	8	-1	-1	-1	0
2410	2478	2409	0	-1	-1	-1	0
2390	2455	2453	1	-1	-1	-1	0
2452	2454	2393	8	-1	-1	-1	0
2456	2394	2451	8	-1	-1	-1	0
2456	2452	2393	8	-1	-1	-1	0
2393	2454	2455	8	-1	-1	-1	0
2405	2426	2473	6	-1	-1	-1	-5.3725657260876281
2480	2413	2412	1	-1	-1	-1	0
2480	2412	2414	1	-1	-1	-1	0
2395	2459	2457	8	-1	-1	-1	0
2459	2395	2458	8	-1	-1	-1	0
2482	2417	2413	1	-1	-1	-1	0
2484	2416	2417	8	-1	-1	-1	0
2461	2462	2398	6	-1	-1	-1	-5.3725657260876281
2460	2463	2398	6	-1	-1	-1	-5.3725657260876281
2461	2398	2463	6	-1	-1	-1	-5.3725657260876281
2398	2462	2464	6	-1	-1	-1	-5.3725657260876281
2466	2458	2400	8	-1	-1	-1	0
2485	2427	2416	6	-1	-1	-1	-5.3725657260876281
2465	2399	2464	6	-1	-1	-1	-5.3725657260876281
2409	2477	2443	0	-1	-1	-1	0
2460	2402	2469	6	-1	-1	-1	-5.3725657260876281
2435	2483	2414	1	-1	-1	-1	0
2465	2467	2400	8	-1	-1	-1	0
2467	2466	2400	8	-1	-1	-1	0
2425	2486	2426	6	-1	-1	-1	-5.3725657260876281
2427	2486	2425	6	-1	-1	-1	-5.3725657260876281
2402	2468	2469	6	-1	-1	-1	-5.3725657260876281
2472	2468	2404	6	-1	-1	-1	-5.3725657260876281
2471	2470	2403	6	-1	-1	-1	-5.3725657260876281
2472	2404	2470	6	-1	-1	-1	-5.3725657260876281
2429	2489	2430	0	-1	-1	-1	0
2471	2405	2473	6	-1	-1	-1	-5.3725657260876281
2429	2433	2490	0	-1	-1	-1	0
2430	2491	2431	0	-1	-1	-1	0
2475	2406	2474	0	-1	-1	-1	0
2435	2431	2491	1	-1	-1	-1	0
2433	2434	2490	0	-1	-1	-1	0
2451	2450	2456	8	-1	-1	-1	0
2452	2456	2450	8	-1	-1	-1	0
2432	2492	2434	0	-1	-1	-1	0
2407	2475	2476	0	-1	-1	-1	0
2455	2454	2453	8	-1	-1	-1	0
2493	2432	2439	0	-1	-1	-1	0
2409	2478	2477	0	-1	-1	-1	0
2476	2479	2410	0	-1	-1	-1	0
2410	2479	2478	0	-1	-1	-1	0
2436	2437	2496	0	-1	-1	-1	0
2439	2436	2498	0	-1	-1	-1	0
2438	2499	2437	0	-1	-1	-1	0
2481	2413	2480	1	-1	-1	-1	0
2482	2413	2481	1	-1	-1	-1	0
2480	2414	2483	1	-1	-1	-1	0
2440	2500	2438	0	-1	-1	-1	0
2441	2500	2440	0	-1	-1	-1	0
2442	2500	2441	0	-1	-1	-1	0
2484	2417	2482	8	-1	-1	-1	0
2484	2485	2416	6	-1	-1	-1	-5.3725657260876281
2487	2473	2426	6	-1	-1	-1	-5.3725657260876281
2503	2442	2443	0	-1	-1	-1	0
2464	2467	2465	6	-1	-1	-1	-5.3725657260876281
2445	2506	2446	1	-1	-1	-1	0
2486	2427	2485	6	-1	-1	-1	-5.3725657260876281
2486	2487	2426	6	-1	-1	-1	-5.3725657260876281
2446	2507	2447	1	-1	-1	-1	0
2429	2488	2489	0	-1	-1	-1	0
2429	2490	2488	0	-1	-1	-1	0
2445	2457	2505	8	-1	-1	-1	0
2511	2449	2447	8	0	-1	-1	0
2491	2430	2489	0	-1	-1	-1	0
2483	2435	2495	1	-1	-1	-1	0
2471	2472	2470	6	-1	-1	-1	-5.3725657260876281
2493	2492	2432	0	-1	-1	-1	0
2494	2490	2434	0	-1	-1	-1	0
2492	2494	2434	0	-1	-1	-1	0
2435	2491	2495	1	-1	-1	-1	0
2504	2443	2477	0	-1	-1	-1	0
2461	2505	2462	8	-1	-1	-1	0
2497	2436	2496	0	-1	-1	-1	0
2459	2514	2457	8	-1	-1	-1	0
2498	2493	2439	0	-1	-1	-1	0
2475	2479	2476	0	-1	-1	-1	0
2461	2463	2506	8	-1	-1	-1	0
2487	2471	2473	6	-1	-1	-1	-5.3725657260876281
2498	2436	2497	0	-1	-1	-1	0
2499	2496	2437	0	-1	-1	-1	0
2516	2459	2458	8	-1	-1	-1	0
2499	2438	2500	0	-1	-1	-1	0
2458	2466	2516	8	-1	-1	-1	0
2463	2460	2519	6	-1	-1	-1	-5.3725657260876281
2442	2501	2500	0	-1	-1	-1	0
2502	2501	2442	0	-1	-1	-1	0
2462	2520	2464	6	-1	-1	-1	-5.3725657260876281
2502	2442	2503	0	-1	-1	-1	0
2518	2460	2469	6	-1	-1	-1	-5.3725657260876281
2503	2443	2504	0	-1	-1	-1	0
2464	2523	2467	6	-1	-1	-1	-5.3725657260876281
2505	2506	2445	8	-1	-1	-1	0
2467	2525	2466	8	-1	-1	-1	0
2504	2477	2478	0	-1	-1	-1	0
2446	2509	2507	1	-1	-1	-1	0
2510	2446	2506	1	-1	-1	-1	0
2446	2508	2509	1	-1	-1	-1	0
2526	2469	2468	6	-1	-1	-1	-5.3725657260876281
2508	2446	2510	1	-1	-1	-1	0
2472	2526	2468	6	-1	-1	-1	-5.3725657260876281
2447	2507	2513	8	-1	-1	-1	0
2447	2512	2511	8	-1	0	-1	0
2513	2512	2447	8	0	-1	-1	0
2471	2529	2472	6	-1	-1	-1	-5.3725657260876281
2461	2506	2505	8	-1	-1	-1	0
2457	2515	2505	8	-1	-1	-1	0
2463	2510	2506	8	-1	-1	-1	0
2474	2533	2475	0	-1	-1	-1	0
2505	2515	2462	8	-1	-1	-1	0
2514	2515	2457	8	-1	-1	-1	0
2471	2487	2529	6	-1	-1	-1	-5.3725657260876281
2459	2517	2514	8	-1	-1	-1	0
2475	2534	2479	0	-1	-1	-1	0
2534	2478	2479	0	-1	-1	-1	0
2459	2516	2517	8	-1	-1	-1	0
2510	2463	2522	8	-1	-1	-1	0
2462	2515	2520	8	-1	-1	-1	0
2519	2460	2518	6	-1	-1	-1	-5.3725657260876281
2481	2480	2537	1	-1	-1	-1	0
2500	2501	2499	0	-1	-1	-1	0
2483	2537	2480	1	-1	-1	-1	0
2481	2538	2482	1	-1	-1	-1	0
2463	2519	2521	6	-1	-1	-1	-5.3725657260876281
2521	2522	2463	8	-1	-1	-1	0
2466	2525	2516	8	-1	-1	-1	0
2482	2541	2484	8	-1	-1	-1	0
2464	2520	2524	6	-1	-1	-1	-5.3725657260876281
2464	2524	2523	6	-1	-1	-1	-5.3725657260876281
2527	2518	2469	6	-1	-1	-1	-5.3725657260876281
2545	2485	2484	6	-1	-1	-1	-5.3725657260876281
2525	2467	2523	6	-1	-1	-1	-5.3725657260876281
2546	2486	2485	6	-1	-1	-1	-5.3725657260876281
2536	2504	2478	0	-1	-1	-1	0
2487	2486	2547	6	-1	-1	-1	-5.3725657260876281
2544	2483	2495	1	-1	-1	-1	0
2528	2469	2526	6	-1	-1	-1	-5.3725657260876281
2469	2528	2527	6	-1	-1	-1	-5.3725657260876281
2489	2488	2549	0	-1	-1	-1	0
2550	2488	2490	0	-1	-1	-1	0
2472	2530	2526	6	-1	-1	-1	-5.3725657260876281
2489	2551	2491	0	-1	-1	-1	0
2472	2529	2531	6	-1	-1	-1	-5.3725657260876281
2531	2530	2472	6	-1	-1	-1	-5.3725657260876281
2494	2550	2490	0	-1	-1	-1	0
2491	2552	2495	1	-1	-1	-1	0
2553	2492	2493	0	-1	-1	-1	0
2494	2492	2553	0	-1	-1	-1	0
2474	2532	2533	0	-1	-1	-1	0
2475	2533	2534	0	-1	-1	-1	0
2554	2493	2498	0	-1	-1	-1	0
2534	2535	2478	0	-1	-1	-1	0
2478	2535	2536	0	-1	-1	-1	0
2497	2496	2558	0	-1	-1	-1	0
2496	2499	2558	0	-1	-1	-1	0
2498	2497	2559	0	-1	-1	-1	0
2537	2539	2481	1	-1	-1	-1	0
2558	2499	2501	0	-1	-1	-1	0
2538	2481	2540	1	-1	-1	-1	0
2520	2515	2524	8	-1	-1	-1	0
2481	2539	2540	1	-1	-1	-1	0
2482	2538	2542	8	-1	-1	-1	0
2502	2560	2501	0	-1	-1	-1	0
2537	2483	2544	1	-1	-1	-1	0
2487	2548	2529	6	-1	-1	-1	-5.3725657260876281
2541	2482	2543	8	-1	-1	-1	0
2503	2562	2502	0	-1	-1	-1	0
2482	2542	2543	8	-1	-1	-1	0
2484	2541	2545	6	-1	-1	-1	-5.3725657260876281
2503	2504	2564	0	-1	-1	-1	0
2485	2545	2546	6	-1	-1	-1	-5.3725657260876281
2546	2547	2486	6	-1	-1	-1	-5.3725657260876281
2547	2548	2487	6	-1	-1	-1	-5.3725657260876281
2509	2567	2507	8	-1	-1	-1	0
2528	2526	2530	6	-1	-1	-1	-5.3725657260876281
2568	2508	2510	1	-1	-1	-1	0
2507	2566	2513	8	-1	0	-1	0
2549	2488	2550	0	-1	-1	-1	0
2570	2509	2508	1	-1	-1	-1	0
2551	2489	2549	0	-1	-1	-1	0
2552	2491	2551	0	-1	-1	-1	0
2557	2544	2495	1	-1	-1	-1	0
2550	2494	2556	0	-1	-1	-1	0
2555	2553	2493	0	-1	-1	-1	0
2493	2554	2555	0	-1	-1	-1	0
2494	2553	2556	0	-1	-1	-1	0
2552	2557	2495	1	-1	-1	-1	0
2504	2536	2564	0	-1	-1	-1	0
2514	2577	2515	8	-1	-1	-1	0
2514	2517	2577	8	-1	-1	-1	0
2510	2522	2576	8	-1	-1	-1	0
2578	2517	2516	8	-1	-1	-1	0
2548	2531	2529	6	-1	-1	-1	-5.3725657260876281
2561	2554	2498	0	-1	-1	-1	0
2560	2497	2558	0	-1	-1	-1	0
2497	2560	2559	0	-1	-1	-1	0
2515	2577	2524	8	-1	-1	-1	0
2580	2519	2518	6	-1	-1	-1	-5.3725657260876281
2561	2498	2559	0	-1	-1	-1	0
2525	2578	2516	8	-1	-1	-1	0
2501	2560	2558	0	-1	-1	-1	0
2519	2583	2521	6	-1	-1	-1	-5.3725657260876281
2560	2502	2563	0	-1	-1	-1	0
2518	2527	2581	6	-1	-1	-1	-5.3725657260876281
2524	2579	2523	6	-1	-1	-1	-5.3725657260876281
2523	2579	2525	6	-1	-1	-1	-5.3725657260876281
2563	2502	2562	0	-1	-1	-1	0
2522	2521	2585	8	-1	-1	-1	0
2503	2564	2562	0	-1	-1	-1	0
2528	2581	2527	6	-1	-1	-1	-5.3725657260876281
2566	2507	2565	8	-1	-1	0	0
2565	2507	2567	8	-1	-1	0	0
2508	2568	2569	1	-1	-1	-1	0
2530	2589	2528	8	-1	-1	-1	0
2508	2569	2571	1	-1	-1	-1	0
2567	2509	2573	8	-1	-1	0	0
2571	2570	2508	1	-1	-1	-1	0
2590	2530	2531	8	-1	-1	-1	0
2570	2574	2509	8	-1	-1	-1	0
2510	2575	2568	1	-1	-1	-1	0
2509	2572	2573	8	-1	0	-1	0
2574	2572	2509	8	0	-1	-1	0
2532	2593	2533	0	-1	-1	-1	0
2534	2533	2594	0	-1	-1	-1	0
2576	2575	2510	1	-1	-1	-1	0
2534	2594	2535	0	-1	-1	-1	0
2596	2536	2535	0	-1	-1	-1	0
2591	2531	2548	8	-1	-1	-1	0
2577	2517	2579	8	-1	-1	-1	0
2537	2598	2539	1	-1	-1	-1	0
2579	2517	2578	8	-1	-1	-1	0
2538	2540	2599	1	-1	-1	-1	0
2580	2518	2581	6	-1	-1	-1	-5.3725657260876281
2537	2544	2598	1	-1	-1	-1	0
2538	2600	2542	8	-1	-1	-1	0
2579	2524	2577	8	-1	-1	-1	0
2582	2519	2580	6	-1	-1	-1	-5.3725657260876281
2539	2603	2540	1	-1	-1	-1	0
2579	2578	2525	6	-1	-1	-1	-5.3725657260876281
2522	2586	2576	8	-1	-1	-1	0
2582	2584	2519	6	-1	-1	-1	-5.3725657260876281
2583	2519	2584	6	-1	-1	-1	-5.3725657260876281
2521	2583	2585	8	-1	-1	-1	0
2606	2541	2543	8	-1	-1	-1	0
2608	2543	2542	8	-1	-1	-1	0
2545	2541	2607	6	-1	-1	-1	-5.3725657260876281
2585	2586	2522	8	-1	-1	-1	0
2536	2597	2564	0	-1	-1	-1	0
2528	2588	2581	8	-1	-1	-1	0
2528	2587	2588	8	-1	-1	-1	0
2528	2589	2587	8	-1	-1	-1	0
2546	2545	2616	8	-1	-1	-1	0
2530	2590	2589	8	-1	-1	-1	0
2618	2547	2546	8	-1	-1	-1	0
2531	2591	2590	8	-1	-1	-1	0
2619	2548	2547	8	-1	-1	-1	0
2544	2557	2615	1	-1	-1	-1	0
2532	2592	2593	0	-1	-1	-1	0
2621	2549	2550	0	-1	-1	-1	0
2549	2620	2551	0	-1	-1	-1	0
2593	2594	2533	0	-1	-1	-1	0
2552	2551	2620	0	-1	-1	-1	0
2535	2594	2595	0	-1	-1	-1	0
2596	2535	2595	0	-1	-1	-1	0
2556	2622	2550	0	-1	-1	-1	0
2597	2536	2596	0	-1	-1	-1	0
2557	2552	2623	1	-1	-1	-1	0
2555	2624	2553	0	-1	-1	-1	0
2624	2556	2553	0	-1	-1	-1	0
2555	2554	2625	0	-1	-1	-1	0
2538	2599	2600	8	-1	-1	-1	0
2539	2598	2602	1	-1	-1	-1	0
2561	2625	2554	0	-1	-1	-1	0
2601	2539	2602	1	-1	-1	-1	0
2603	2539	2601	1	-1	-1	-1	0
2540	2605	2599	1	-1	-1	-1	0
2540	2603	2604	1	-1	-1	-1	0
2604	2605	2540	1	-1	-1	-1	0
2560	2631	2559	0	-1	-1	-1	0
2600	2609	2542	8	-1	-1	-1	0
2561	2559	2631	0	-1	-1	-1	0
2563	2631	2560	0	-1	-1	-1	0
2541	2606	2607	6	-1	-1	-1	-5.3725657260876281
2544	2614	2598	1	-1	-1	-1	0
2548	2619	2591	8	-1	-1	-1	0
2563	2562	2634	0	-1	-1	-1	0
2564	2634	2562	0	-1	-1	-1	0
2606	2543	2611	8	-1	-1	-1	0
2542	2610	2608	8	-1	-1	-1	0
2609	2610	2542	8	-1	-1	-1	0
2612	2543	2608	8	-1	-1	-1	0
2543	2613	2611	8	-1	-1	-1	0
2613	2543	2612	8	-1	-1	-1	0
2617	2545	2607	8	-1	-1	-1	0
2614	2544	2615	1	-1	-1	-1	0
2638	2569	2568	8	-1	-1	-1	0
2617	2616	2545	8	-1	-1	-1	0
2639	2571	2569	1	-1	-1	-1	0
2616	2618	2546	8	-1	-1	-1	0
2637	2568	2575	8	-1	-1	-1	0
2547	2618	2619	8	-1	-1	-1	0
2643	2570	2571	1	-1	-1	-1	0
2641	2574	2570	8	0	-1	-1	0
2621	2620	2549	0	-1	-1	-1	0
2622	2621	2550	0	-1	-1	-1	0
2557	2623	2615	1	-1	-1	-1	0
2620	2623	2552	0	-1	-1	-1	0
2634	2564	2597	0	-1	-1	-1	0
2576	2647	2575	1	-1	-1	-1	0
2605	2600	2599	8	-1	-1	-1	0
2624	2555	2626	0	-1	-1	-1	0
2622	2556	2628	0	-1	-1	-1	0
2627	2555	2625	0	-1	-1	-1	0
2627	2626	2555	0	-1	-1	-1	0
2630	2556	2624	0	-1	-1	-1	0
2576	2586	2648	8	-1	-1	-1	0
2580	2581	2649	8	-1	-1	-1	0
2582	2580	2650	8	-1	-1	-1	0
2556	2629	2628	0	-1	-1	-1	0
2630	2629	2556	0	-1	-1	-1	0
2582	2651	2584	6	-1	-1	-1	-5.3725657260876281
2649	2581	2588	8	-1	-1	-1	0
2561	2633	2625	0	-1	-1	-1	0
2583	2584	2653	6	-1	-1	-1	-5.3725657260876281
2631	2632	2561	0	-1	-1	-1	0
2654	2585	2583	8	-1	-1	-1	0
2586	2585	2657	8	-1	-1	-1	0
2632	2633	2561	0	-1	-1	-1	0
2634	2635	2563	0	-1	-1	-1	0
2636	2631	2563	0	-1	-1	-1	0
2635	2636	2563	0	-1	-1	-1	0
2587	2589	2662	5	-1	-1	-1	-1.8993367258368848e-015
2588	2587	2663	5	-1	-1	-1	-1.8993367258368848e-015
2637	2638	2568	8	-1	-1	-1	0
2590	2665	2589	5	-1	-1	-1	-1.8993367258368848e-015
2591	2666	2590	5	-1	-1	-1	-1.8993367258368848e-015
2638	2640	2569	8	-1	-1	-1	0
2569	2640	2639	8	-1	-1	-1	0
2570	2642	2641	8	-1	0	-1	0
2639	2644	2571	1	-1	-1	-1	0
2642	2570	2643	8	-1	-1	-1	0
2670	2593	2592	0	-1	-1	-1	0
2593	2671	2594	0	-1	-1	-1	0
2571	2645	2643	1	-1	-1	-1	0
2637	2575	2647	8	-1	-1	-1	0
2671	2595	2594	0	-1	-1	-1	0
2644	2646	2571	1	-1	-1	-1	0
2571	2646	2645	1	-1	-1	-1	0
2595	2672	2596	0	-1	-1	-1	0
2596	2673	2597	0	-1	-1	-1	0
2648	2647	2576	1	-1	-1	-1	0
2602	2598	2675	1	-1	-1	-1	0
2591	2619	2667	5	-1	-1	-1	-1.8993367258368848e-015
2649	2650	2580	8	-1	-1	-1	0
2626	2630	2624	0	-1	-1	-1	0
2676	2600	2605	8	-1	-1	-1	0
2679	2603	2601	1	-1	-1	-1	0
2602	2680	2601	1	-1	-1	-1	0
2652	2582	2650	8	-1	-1	-1	0
2582	2652	2651	8	-1	-1	-1	0
2627	2625	2633	0	-1	-1	-1	0
2677	2609	2600	8	-1	-1	-1	0
2614	2675	2598	1	-1	-1	-1	0
2651	2655	2584	6	-1	-1	-1	-5.3725657260876281
2654	2583	2653	8	-1	-1	-1	0
2603	2683	2604	1	-1	-1	-1	0
2653	2584	2656	6	-1	-1	-1	-5.3725657260876281
2685	2605	2604	1	-1	-1	-1	0
2655	2656	2584	6	-1	-1	-1	-5.3725657260876281
2586	2661	2648	8	-1	-1	-1	0
2654	2658	2585	8	-1	-1	-1	0
2632	2631	2636	0	-1	-1	-1	0
2607	2606	2686	6	-1	-1	-1	-5.3725657260876281
2659	2657	2585	8	-1	-1	-1	0
2649	2588	2664	5	-1	-1	-1	-1.8993367258368848e-015
2585	2658	2659	8	-1	-1	-1	0
2657	2660	2586	8	-1	-1	-1	0
2606	2611	2686	6	-1	-1	-1	-5.3725657260876281
2634	2597	2673	0	-1	-1	-1	0
2608	2610	2687	8	-1	-1	-1	0
2586	2660	2661	8	-1	-1	-1	0
2612	2608	2689	8	-1	-1	-1	0
2690	2610	2609	8	-1	-1	-1	0
2662	2663	2587	5	-1	-1	-1	-1.8993367258368848e-015
2617	2607	2688	8	-1	-1	-1	0
2664	2588	2663	5	-1	-1	-1	-1.8993367258368848e-015
2611	2613	2692	6	-1	-1	-1	-5.3725657260876281
2665	2662	2589	5	-1	-1	-1	-1.8993367258368848e-015
2694	2613	2612	8	-1	-1	-1	0
2666	2665	2590	5	-1	-1	-1	-1.8993367258368848e-015
2615	2696	2614	1	-1	-1	-1	0
2668	2666	2591	5	-1	-1	-1	-1.8993367258368848e-015
2667	2668	2591	5	-1	-1	-1	-1.8993367258368848e-015
2592	2669	2670	0	-1	-1	-1	0
2616	2617	2701	5	-1	-1	-1	-1.8993367258368848e-015
2593	2670	2671	0	-1	-1	-1	0
2700	2618	2616	5	-1	-1	-1	-1.8993367258368848e-015
2698	2615	2623	1	-1	-1	-1	0
2672	2595	2671	0	-1	-1	-1	0
2618	2704	2619	5	-1	-1	-1	-1.8993367258368848e-015
2672	2674	2596	0	-1	-1	-1	0
2674	2673	2596	0	-1	-1	-1	0
2621	2705	2620	0	-1	-1	-1	0
2705	2623	2620	0	-1	-1	-1	0
2622	2706	2621	0	-1	-1	-1	0
2676	2677	2600	8	-1	-1	-1	0
2601	2678	2677	1	-1	-1	-1	0
2707	2622	2628	0	-1	-1	-1	0
2679	2601	2677	1	-1	-1	-1	0
2651	2652	2655	8	-1	-1	-1	0
2675	2681	2602	1	-1	-1	-1	0
2678	2601	2680	1	-1	-1	-1	0
2626	2627	2708	0	-1	-1	-1	0
2654	2653	2656	8	-1	-1	-1	0
2626	2708	2630	0	-1	-1	-1	0
2609	2677	2678	8	-1	-1	-1	0
2680	2602	2682	1	-1	-1	-1	0
2602	2681	2682	1	-1	-1	-1	0
2684	2603	2679	1	-1	-1	-1	0
2676	2605	2685	8	-1	-1	-1	0
2678	2680	2609	8	-1	-1	-1	0
2629	2710	2628	0	-1	-1	-1	0
2709	2627	2633	0	-1	-1	-1	0
2684	2683	2603	1	-1	-1	-1	0
2712	2629	2630	0	-1	-1	-1	0
2604	2683	2685	1	-1	-1	-1	0
2713	2633	2632	0	-1	-1	-1	0
2680	2690	2609	8	-1	-1	-1	0
2607	2686	2687	8	-1	-1	-1	0
2714	2632	2636	0	-1	-1	-1	0
2687	2688	2607	8	-1	-1	-1	0
2715	2635	2634	0	-1	-1	-1	0
2608	2687	2689	8	-1	-1	-1	0
2610	2688	2687	8	-1	-1	-1	0
2675	2614	2696	1	-1	-1	-1	0
2636	2635	2716	0	-1	-1	-1	0
2686	2611	2692	6	-1	-1	-1	-5.3725657260876281
2610	2691	2688	8	-1	-1	-1	0
2704	2667	2619	5	-1	-1	-1	-1.8993367258368848e-015
2690	2691	2610	8	-1	-1	-1	0
2638	2637	2718	8	-1	-1	-1	0
2612	2689	2693	8	-1	-1	-1	0
2693	2694	2612	8	-1	-1	-1	0
2692	2613	2695	6	-1	-1	-1	-5.3725657260876281
2717	2637	2647	8	-1	-1	-1	0
2723	2640	2638	8	-1	-1	-1	0
2613	2694	2695	6	-1	-1	-1	-5.3725657260876281
2640	2724	2639	8	-1	-1	-1	0
2644	2639	2724	8	-1	-1	-1	0
2696	2615	2697	1	-1	-1	-1	0
2688	2703	2617	8	-1	-1	-1	0
2697	2615	2698	1	-1	-1	-1	0
2727	2642	2643	8	-1	-1	-1	0
2672	2671	2670	0	-1	-1	-1	0
2616	2699	2700	5	-1	-1	-1	-1.8993367258368848e-015
2727	2643	2645	8	-1	-1	-1	0
2699	2616	2701	5	-1	-1	-1	-1.8993367258368848e-015
2644	2728	2646	1	-1	-1	-1	0
2645	2646	2729	1	-1	-1	-1	0
2701	2617	2702	5	-1	-1	-1	-1.8993367258368848e-015
2618	2700	2704	5	-1	-1	-1	-1.8993367258368848e-015
2617	2703	2702	5	-1	-1	-1	-1.8993367258368848e-015
2673	2715	2634	0	-1	-1	-1	0
2705	2698	2623	0	-1	-1	-1	0
2648	2731	2647	1	-1	-1	-1	0
2649	2732	2650	8	-1	-1	-1	0
2705	2621	2706	0	-1	-1	-1	0
2706	2622	2707	0	-1	-1	-1	0
2650	2734	2652	8	-1	-1	-1	0
2719	2659	2658	8	-1	-1	-1	0
2661	2731	2648	1	-1	-1	-1	0
2652	2735	2655	8	-1	-1	-1	0
2709	2708	2627	0	-1	-1	-1	0
2710	2707	2628	0	-1	-1	-1	0
2732	2649	2664	5	-1	-1	-1	-1.8993367258368848e-015
2656	2738	2654	8	-1	-1	-1	0
2711	2710	2629	0	-1	-1	-1	0
2708	2712	2630	0	-1	-1	-1	0
2682	2690	2680	8	-1	-1	-1	0
2712	2711	2629	0	-1	-1	-1	0
2741	2656	2655	6	-1	-1	-1	-5.3725657260876281
2654	2740	2658	8	-1	-1	-1	0
2633	2713	2709	0	-1	-1	-1	0
2714	2713	2632	0	-1	-1	-1	0
2743	2657	2659	8	-1	-1	-1	0
2743	2660	2657	8	-1	-1	-1	0
2686	2692	2687	8	-1	-1	-1	0
2716	2714	2636	0	-1	-1	-1	0
2635	2715	2716	0	-1	-1	-1	0
2747	2661	2660	8	-1	-1	-1	0
2695	2689	2687	8	-1	-1	-1	0
2637	2717	2719	8	-1	-1	-1	0
2719	2718	2637	8	-1	-1	-1	0
2663	2662	2749	5	-1	-1	-1	-1.8993367258368848e-015
2687	2692	2695	8	-1	-1	-1	0
2749	2662	2665	5	-1	-1	-1	-1.8993367258368848e-015
2663	2751	2664	5	-1	-1	-1	-1.8993367258368848e-015
2718	2722	2638	8	-1	-1	-1	0
2638	2721	2720	8	-1	-1	-1	0
2721	2638	2722	8	-1	-1	-1	0
2720	2723	2638	8	-1	-1	-1	0
2701	2682	2699	8	-1	-1	-1	0
2665	2666	2756	5	-1	-1	-1	-1.8993367258368848e-015
2725	2640	2723	8	-1	-1	-1	0
2640	2725	2724	8	-1	-1	-1	0
2666	2668	2757	5	-1	-1	-1	-1.8993367258368848e-015
2667	2758	2668	5	-1	-1	-1	-1.8993367258368848e-015
2642	2727	2726	8	-1	-1	0	0
2717	2647	2731	8	-1	-1	-1	0
2644	2724	2728	8	-1	-1	-1	0
2727	2645	2729	8	-1	-1	-1	0
2670	2669	2762	0	-1	-1	-1	0
2646	2728	2730	1	-1	-1	-1	0
2730	2729	2646	1	-1	-1	-1	0
2670	2763	2672	0	-1	-1	-1	0
2764	2674	2672	0	-1	-1	-1	0
2673	2674	2765	0	-1	-1	-1	0
2650	2732	2733	8	-1	-1	-1	0
2650	2733	2734	8	-1	-1	-1	0
2744	2719	2658	8	-1	-1	-1	0
2745	2659	2719	8	-1	-1	-1	0
2770	2677	2676	8	-1	-1	-1	0
2734	2737	2652	8	-1	-1	-1	0
2736	2735	2652	8	-1	-1	-1	0
2652	2737	2736	8	-1	-1	-1	0
2769	2681	2675	1	-1	-1	-1	0
2677	2770	2679	1	-1	-1	-1	0
2667	2704	2758	5	-1	-1	-1	-1.8993367258368848e-015
2741	2655	2735	8	-1	-1	-1	0
2676	2685	2770	8	-1	-1	-1	0
2654	2738	2739	8	-1	-1	-1	0
2740	2654	2739	8	-1	-1	-1	0
2679	2770	2684	1	-1	-1	-1	0
2682	2681	2771	1	-1	-1	-1	0
2656	2742	2738	8	-1	-1	-1	0
2741	2742	2656	6	-1	-1	-1	-5.3725657260876281
2675	2696	2768	1	-1	-1	-1	0
2661	2748	2731	1	-1	-1	-1	0
2684	2773	2683	1	-1	-1	-1	0
2685	2683	2773	1	-1	-1	-1	0
2658	2740	2744	8	-1	-1	-1	0
2772	2690	2682	8	-1	-1	-1	0
2746	2743	2659	8	-1	-1	-1	0
2746	2659	2745	8	-1	-1	-1	0
2660	2743	2747	8	-1	-1	-1	0
2664	2754	2732	5	-1	-1	-1	-1.8993367258368848e-015
2699	2682	2771	8	-1	-1	-1	0
2673	2765	2715	0	-1	-1	-1	0
2690	2772	2691	8	-1	-1	-1	0
2691	2775	2688	8	-1	-1	-1	0
2772	2682	2701	8	-1	-1	-1	0
2747	2748	2661	1	-1	-1	-1	0
2777	2693	2689	8	-1	-1	-1	0
2777	2689	2695	8	-1	-1	-1	0
2750	2663	2749	5	-1	-1	-1	-1.8993367258368848e-015
2777	2694	2693	6	-1	-1	-1	-5.3725657260876281
2663	2750	2751	5	-1	-1	-1	-1.8993367258368848e-015
2688	2774	2703	8	-1	-1	-1	0
2695	2694	2777	6	-1	-1	-1	-5.3725657260876281
2664	2751	2752	5	-1	-1	-1	-1.8993367258368848e-015
2664	2752	2753	5	-1	-1	-1	-1.8993367258368848e-015
2665	2755	2749	5	-1	-1	-1	-1.8993367258368848e-015
2754	2664	2753	5	-1	-1	-1	-1.8993367258368848e-015
2697	2779	2696	1	-1	-1	-1	0
2702	2772	2701	8	-1	-1	-1	0
2665	2756	2755	5	-1	-1	-1	-1.8993367258368848e-015
2698	2781	2697	1	-1	-1	-1	0
2666	2757	2756	5	-1	-1	-1	-1.8993367258368848e-015
2745	2719	2717	8	-1	-1	-1	0
2700	2699	2783	5	-1	-1	-1	-1.8993367258368848e-015
2698	2705	2782	0	-1	-1	-1	0
2760	2757	2668	5	-1	-1	-1	-1.8993367258368848e-015
2758	2759	2668	5	-1	-1	-1	-1.8993367258368848e-015
2760	2668	2759	5	-1	-1	-1	-1.8993367258368848e-015
2784	2704	2700	5	-1	-1	-1	-1.8993367258368848e-015
2702	2703	2785	5	-1	-1	-1	-1.8993367258368848e-015
2669	2761	2762	0	-1	-1	-1	0
2670	2762	2763	0	-1	-1	-1	0
2748	2717	2731	8	-1	-1	-1	0
2705	2706	2786	0	-1	-1	-1	0
2763	2764	2672	0	-1	-1	-1	0
2706	2707	2787	0	-1	-1	-1	0
2787	2707	2710	0	-1	-1	-1	0
2674	2764	2766	0	-1	-1	-1	0
2709	2788	2708	0	-1	-1	-1	0
2674	2767	2765	0	-1	-1	-1	0
2674	2766	2767	0	-1	-1	-1	0
2712	2708	2788	0	-1	-1	-1	0
2789	2709	2713	0	-1	-1	-1	0
2711	2790	2710	0	-1	-1	-1	0
2675	2768	2769	1	-1	-1	-1	0
2712	2792	2711	0	-1	-1	-1	0
2744	2740	2737	8	-1	-1	-1	0
2769	2771	2681	1	-1	-1	-1	0
2795	2713	2714	0	-1	-1	-1	0
2796	2714	2716	0	-1	-1	-1	0
2773	2684	2770	1	-1	-1	-1	0
2773	2770	2685	8	-1	-1	-1	0
2715	2798	2716	0	-1	-1	-1	0
2688	2776	2774	8	-1	-1	-1	0
2776	2688	2775	8	-1	-1	-1	0
2719	2803	2718	8	-1	-1	-1	0
2800	2722	2718	8	-1	-1	-1	0
2691	2772	2778	8	-1	-1	-1	0
2775	2691	2778	8	-1	-1	-1	0
2768	2696	2780	1	-1	-1	-1	0
2721	2804	2720	8	-1	-1	-1	0
2704	2784	2758	5	-1	-1	-1	-1.8993367258368848e-015
2723	2720	2806	8	-1	-1	-1	0
2808	2721	2722	1	-1	-1	-1	0
2699	2771	2783	8	-1	-1	-1	0
2780	2696	2779	1	-1	-1	-1	0
2779	2697	2781	1	-1	-1	-1	0
2725	2723	2811	8	-1	-1	-1	0
2772	2702	2785	8	-1	-1	-1	0
2799	2745	2717	8	-1	-1	-1	0
2782	2781	2698	0	-1	-1	-1	0
2703	2774	2785	5	-1	-1	-1	-1.8993367258368848e-015
2814	2724	2725	8	-1	-1	-1	0
2748	2799	2717	8	-1	-1	-1	0
2813	2728	2724	8	-1	-1	-1	0
2803	2719	2744	8	-1	-1	-1	0
2700	2783	2784	5	-1	-1	-1	-1.8993367258368848e-015
2818	2726	2727	8	-1	-1	-1	0
2786	2782	2705	0	-1	-1	-1	0
2729	2819	2727	8	-1	-1	-1	0
2765	2798	2715	0	-1	-1	-1	0
2728	2820	2730	1	-1	-1	-1	0
2786	2706	2787	0	-1	-1	-1	0
2821	2729	2730	1	-1	-1	-1	0
2709	2789	2788	0	-1	-1	-1	0
2710	2791	2787	0	-1	-1	-1	0
2732	2823	2733	8	-1	-1	-1	0
2799	2746	2745	8	-1	-1	-1	0
2791	2710	2790	0	-1	-1	-1	0
2734	2733	2825	8	-1	-1	-1	0
2793	2790	2711	0	-1	-1	-1	0
2793	2711	2792	0	-1	-1	-1	0
2788	2794	2712	0	-1	-1	-1	0
2795	2789	2713	0	-1	-1	-1	0
2737	2734	2827	8	-1	-1	-1	0
2792	2712	2794	0	-1	-1	-1	0
2735	2736	2829	8	-1	-1	-1	0
2737	2830	2736	8	-1	-1	-1	0
2829	2741	2735	8	-1	-1	-1	0
2795	2714	2797	0	-1	-1	-1	0
2830	2737	2740	8	-1	-1	-1	0
2714	2796	2797	0	-1	-1	-1	0
2739	2738	2831	8	-1	-1	-1	0
2744	2737	2827	8	-1	-1	-1	0
2740	2739	2830	8	-1	-1	-1	0
2823	2732	2754	5	-1	-1	-1	-1.8993367258368848e-015
2716	2798	2796	0	-1	-1	-1	0
2831	2738	2742	8	-1	-1	-1	0
2832	2742	2741	6	-1	-1	-1	-5.3725657260876281
2718	2801	2800	8	-1	-1	-1	0
2802	2801	2718	8	-1	-1	-1	0
2743	2746	2833	8	-1	-1	-1	0
2747	2743	2833	8	-1	-1	-1	0
2803	2802	2718	8	-1	-1	-1	0
2720	2804	2805	8	-1	-1	-1	0
2767	2798	2765	0	-1	-1	-1	0
2720	2805	2806	8	-1	-1	-1	0
2747	2836	2748	1	-1	-1	-1	0
2800	2809	2722	1	-1	-1	-1	0
2721	2807	2804	1	-1	-1	-1	0
2807	2721	2808	1	-1	-1	-1	0
2749	2837	2750	5	-1	-1	-1	-1.8993367258368848e-015
2809	2808	2722	1	-1	-1	-1	0
2751	2750	2838	5	-1	-1	-1	-1.8993367258368848e-015
2755	2837	2749	5	-1	-1	-1	-1.8993367258368848e-015
2723	2806	2812	8	-1	-1	-1	0
2751	2839	2752	5	-1	-1	-1	-1.8993367258368848e-015
2723	2810	2811	8	-1	0	-1	0
2723	2812	2810	8	-1	0	-1	0
2752	2842	2753	8	-1	-1	-1	0
2843	2754	2753	5	-1	-1	-1	-1.8993367258368848e-015
2813	2724	2814	8	-1	-1	-1	0
2815	2725	2811	8	-1	-1	0	0
2816	2725	2815	8	-1	-1	0	0
2817	2814	2725	8	-1	-1	-1	0
2756	2846	2755	5	-1	-1	-1	-1.8993367258368848e-015
2816	2817	2725	8	-1	-1	-1	0
2726	2817	2816	8	-1	-1	0	0
2847	2756	2757	5	-1	-1	-1	-1.8993367258368848e-015
2818	2817	2726	8	-1	-1	-1	0
2820	2728	2813	8	-1	-1	-1	0
2819	2818	2727	8	-1	-1	-1	0
2847	2757	2760	5	-1	-1	-1	-1.8993367258368848e-015
2849	2759	2758	5	-1	-1	-1	-1.8993367258368848e-015
2760	2759	2850	5	-1	-1	-1	-1.8993367258368848e-015
2729	2821	2819	8	-1	-1	-1	0
2822	2730	2820	1	-1	-1	-1	0
2822	2821	2730	1	-1	-1	-1	0
2761	2853	2762	0	-1	-1	-1	0
2762	2854	2763	0	-1	-1	-1	0
2746	2799	2836	8	-1	-1	-1	0
2764	2763	2854	0	-1	-1	-1	0
2733	2823	2826	8	-1	-1	-1	0
2803	2744	2835	8	-1	-1	-1	0
2733	2824	2825	8	-1	-1	-1	0
2826	2824	2733	8	-1	-1	-1	0
2748	2836	2799	8	-1	-1	-1	0
2855	2766	2764	0	-1	-1	-1	0
2825	2828	2734	8	-1	-1	-1	0
2734	2828	2827	8	-1	-1	-1	0
2856	2767	2766	0	-1	-1	-1	0
2848	2758	2784	5	-1	-1	-1	-1.8993367258368848e-015
2858	2769	2768	1	-1	-1	-1	0
2736	2830	2829	8	-1	-1	-1	0
2830	2739	2831	8	-1	-1	-1	0
2860	2771	2769	1	-1	-1	-1	0
2832	2741	2829	8	-1	-1	-1	0
2826	2823	2754	5	-1	-1	-1	-1.8993367258368848e-015
2831	2742	2832	8	-1	-1	-1	0
2834	2744	2827	8	-1	-1	-1	0
2768	2780	2858	1	-1	-1	-1	0
2776	2861	2774	5	-1	-1	-1	-1.8993367258368848e-015
2861	2778	2772	8	-1	-1	-1	0
2744	2834	2835	8	-1	-1	-1	0
2862	2776	2775	8	-1	-1	-1	0
2860	2783	2771	8	-1	-1	-1	0
2836	2833	2746	8	-1	-1	-1	0
2836	2747	2833	1	-1	-1	-1	0
2775	2778	2863	8	-1	-1	-1	0
2785	2861	2772	8	-1	-1	-1	0
2785	2774	2861	5	-1	-1	-1	-1.8993367258368848e-015
2767	2857	2798	0	-1	-1	-1	0
2865	2780	2779	1	-1	-1	-1	0
2837	2838	2750	5	-1	-1	-1	-1.8993367258368848e-015
2845	2826	2754	5	-1	-1	-1	-1.8993367258368848e-015
2781	2866	2779	1	-1	-1	-1	0
2751	2838	2840	5	-1	-1	-1	-1.8993367258368848e-015
2839	2751	2840	5	-1	-1	-1	-1.8993367258368848e-015
2781	2782	2868	0	-1	-1	-1	0
2752	2839	2841	8	-1	-1	-1	0
2752	2841	2842	8	-1	-1	-1	0
2786	2868	2782	0	-1	-1	-1	0
2783	2871	2784	5	-1	-1	-1	-1.8993367258368848e-015
2755	2846	2837	5	-1	-1	-1	-1.8993367258368848e-015
2844	2753	2842	8	-1	-1	-1	0
2753	2844	2843	8	-1	-1	-1	0
2754	2843	2845	5	-1	-1	-1	-1.8993367258368848e-015
2872	2786	2787	0	-1	-1	-1	0
2847	2846	2756	5	-1	-1	-1	-1.8993367258368848e-015
2796	2857	2797	0	-1	-1	-1	0
2791	2872	2787	0	-1	-1	-1	0
2796	2798	2857	0	-1	-1	-1	0
2788	2789	2874	0	-1	-1	-1	0
2758	2848	2849	5	-1	-1	-1	-1.8993367258368848e-015
2788	2874	2794	0	-1	-1	-1	0
2791	2790	2875	0	-1	-1	-1	0
2759	2849	2850	5	-1	-1	-1	-1.8993367258368848e-015
2874	2789	2795	0	-1	-1	-1	0
2847	2760	2851	5	-1	-1	-1	-1.8993367258368848e-015
2876	2790	2793	0	-1	-1	-1	0
2850	2851	2760	5	-1	-1	-1	-1.8993367258368848e-015
2819	2821	2822	8	-1	-1	-1	0
2793	2792	2879	0	-1	-1	-1	0
2879	2792	2794	0	-1	-1	-1	0
2853	2761	2852	0	-1	-1	-1	0
2854	2762	2853	0	-1	-1	-1	0
2764	2854	2855	0	-1	-1	-1	0
2795	2797	2883	0	-1	-1	-1	0
2766	2855	2856	0	-1	-1	-1	0
2856	2857	2767	0	-1	-1	-1	0
2858	2859	2769	1	-1	-1	-1	0
2800	2801	2886	1	-1	-1	-1	0
2859	2860	2769	1	-1	-1	-1	0
2827	2828	2834	8	-1	-1	-1	0
2841	2839	2809	8	-1	-1	-1	0
2801	2802	2887	8	-1	-1	-1	0
2830	2831	2829	8	-1	-1	-1	0
2831	2832	2829	8	-1	-1	-1	0
2890	2802	2803	8	-1	-1	-1	0
2800	2886	2809	1	-1	-1	-1	0
2863	2862	2775	8	-1	-1	-1	0
2776	2864	2861	5	-1	-1	-1	-1.8993367258368848e-015
2862	2864	2776	5	-1	-1	-1	-1.8993367258368848e-015
2804	2893	2805	8	-1	-1	-1	0
2864	2778	2861	8	-1	-1	-1	0
2871	2848	2784	5	-1	-1	-1	-1.8993367258368848e-015
2804	2807	2893	1	-1	-1	-1	0
2858	2780	2867	1	-1	-1	-1	0
2894	2806	2805	8	-1	-1	-1	0
2864	2863	2778	8	-1	-1	-1	0
2866	2865	2779	1	-1	-1	-1	0
2780	2865	2867	1	-1	-1	-1	0
2844	2835	2834	8	-1	-1	-1	0
2871	2783	2860	8	-1	-1	-1	0
2806	2897	2812	8	-1	0	-1	0
2866	2781	2869	1	-1	-1	-1	0
2807	2808	2903	1	-1	-1	-1	0
2868	2870	2781	0	-1	-1	-1	0
2869	2781	2870	0	-1	-1	-1	0
2835	2844	2842	8	-1	-1	-1	0
2809	2905	2808	1	-1	-1	-1	0
2873	2868	2786	0	-1	-1	-1	0
2803	2835	2892	8	-1	-1	-1	0
2872	2873	2786	0	-1	-1	-1	0
2843	2844	2845	8	-1	-1	-1	0
2813	2814	2908	8	-1	-1	-1	0
2886	2841	2809	8	-1	-1	-1	0
2908	2814	2817	8	-1	-1	-1	0
2797	2857	2885	0	-1	-1	-1	0
2790	2876	2875	0	-1	-1	-1	0
2791	2878	2872	0	-1	-1	-1	0
2813	2908	2820	8	-1	-1	-1	0
2791	2875	2877	0	-1	-1	-1	0
2908	2817	2818	8	-1	-1	-1	0
2819	2909	2818	8	-1	-1	-1	0
2791	2877	2878	0	-1	-1	-1	0
2793	2880	2876	0	-1	-1	-1	0
2822	2909	2819	8	-1	-1	-1	0
2882	2794	2874	0	-1	-1	-1	0
2820	2909	2822	1	-1	-1	-1	0
2795	2883	2874	0	-1	-1	-1	0
2879	2880	2793	0	-1	-1	-1	0
2839	2905	2809	8	-1	-1	-1	0
2879	2794	2881	0	-1	-1	-1	0
2881	2794	2882	0	-1	-1	-1	0
2824	2910	2825	8	-1	-1	-1	0
2826	2911	2824	8	-1	-1	-1	0
2828	2825	2910	8	-1	-1	-1	0
2797	2884	2883	0	-1	-1	-1	0
2885	2884	2797	0	-1	-1	-1	0
2892	2835	2842	8	-1	-1	-1	0
2912	2834	2828	8	-1	-1	-1	0
2801	2888	2886	1	-1	-1	-1	0
2801	2887	2888	1	-1	-1	-1	0
2887	2802	2891	8	-1	-1	-1	0
2802	2890	2889	8	-1	-1	-1	0
2911	2826	2845	5	-1	-1	-1	-1.8993367258368848e-015
2889	2891	2802	8	-1	-1	-1	0
2892	2890	2803	8	-1	-1	-1	0
2837	2914	2838	5	-1	-1	-1	-1.8993367258368848e-015
2863	2864	2862	5	-1	-1	-1	-1.8993367258368848e-015
2844	2834	2912	8	-1	-1	-1	0
2896	2805	2893	8	-1	-1	-1	0
2895	2894	2805	8	-1	-1	-1	0
2838	2916	2840	5	-1	-1	-1	-1.8993367258368848e-015
2896	2895	2805	8	-1	-1	-1	0
2917	2839	2840	5	-1	-1	-1	-1.8993367258368848e-015
2915	2837	2846	5	-1	-1	-1	-1.8993367258368848e-015
2899	2806	2894	8	-1	-1	-1	0
2806	2898	2897	8	-1	0	-1	0
2902	2893	2807	1	-1	-1	-1	0
2898	2806	2899	8	-1	-1	-1	0
2841	2922	2842	8	-1	-1	-1	0
2901	2900	2807	1	-1	-1	-1	0
2868	2873	2870	0	-1	-1	-1	0
2902	2807	2900	1	-1	-1	-1	0
2844	2924	2845	8	-1	-1	-1	0
2903	2901	2807	1	-1	-1	-1	0
2808	2904	2903	1	-1	-1	-1	0
2808	2906	2904	1	-1	-1	-1	0
2926	2846	2847	5	-1	-1	-1	-1.8993367258368848e-015
2905	2907	2808	1	-1	-1	-1	0
2906	2808	2907	1	-1	-1	-1	0
2873	2872	2878	0	-1	-1	-1	0
2847	2851	2927	5	-1	-1	-1	-1.8993367258368848e-015
2929	2849	2848	5	-1	-1	-1	-1.8993367258368848e-015
2849	2930	2850	5	-1	-1	-1	-1.8993367258368848e-015
2851	2850	2930	5	-1	-1	-1	-1.8993367258368848e-015
2909	2908	2818	8	-1	-1	-1	0
2820	2908	2909	8	-1	-1	-1	0
2852	2933	2853	0	-1	-1	-1	0
2883	2882	2874	0	-1	-1	-1	0
2934	2854	2853	0	-1	-1	-1	0
2934	2855	2854	0	-1	-1	-1	0
2910	2824	2911	8	-1	-1	-1	0
2935	2856	2855	0	-1	-1	-1	0
2928	2848	2871	5	-1	-1	-1	-1.8993367258368848e-015
2856	2936	2857	0	-1	-1	-1	0
2886	2922	2841	8	-1	-1	-1	0
2828	2910	2913	8	-1	-1	-1	0
2828	2913	2912	8	-1	-1	-1	0
2859	2858	2937	1	-1	-1	-1	0
2923	2892	2842	8	-1	-1	-1	0
2860	2859	2939	1	-1	-1	-1	0
2839	2917	2905	8	-1	-1	-1	0
2858	2867	2938	1	-1	-1	-1	0
2837	2915	2914	5	-1	-1	-1	-1.8993367258368848e-015
2838	2914	2916	5	-1	-1	-1	-1.8993367258368848e-015
2871	2860	2939	8	-1	-1	-1	0
2940	2865	2866	1	-1	-1	-1	0
2865	2941	2867	1	-1	-1	-1	0
2840	2916	2918	5	-1	-1	-1	-1.8993367258368848e-015
2942	2866	2869	1	-1	-1	-1	0
2919	2840	2918	5	-1	-1	-1	-1.8993367258368848e-015
2920	2917	2840	5	-1	-1	-1	-1.8993367258368848e-015
2857	2936	2885	0	-1	-1	-1	0
2919	2921	2840	5	-1	-1	-1	-1.8993367258368848e-015
2912	2924	2844	8	-1	-1	-1	0
2911	2845	2925	5	-1	-1	-1	-1.8993367258368848e-015
2921	2920	2840	5	-1	-1	-1	-1.8993367258368848e-015
2944	2869	2870	0	-1	-1	-1	0
2922	2923	2842	8	-1	-1	-1	0
2846	2926	2915	5	-1	-1	-1	-1.8993367258368848e-015
2873	2945	2870	0	-1	-1	-1	0
2896	2893	2902	1	-1	-1	-1	0
2925	2845	2924	8	-1	-1	-1	0
2888	2922	2886	8	-1	-1	-1	0
2947	2873	2878	0	-1	-1	-1	0
2876	2948	2875	0	-1	-1	-1	0
2847	2927	2926	5	-1	-1	-1	-1.8993367258368848e-015
2877	2875	2948	0	-1	-1	-1	0
2929	2848	2928	5	-1	-1	-1	-1.8993367258368848e-015
2876	2880	2949	0	-1	-1	-1	0
2877	2951	2878	0	-1	-1	-1	0
2929	2930	2849	5	-1	-1	-1	-1.8993367258368848e-015
2931	2927	2851	5	-1	-1	-1	-1.8993367258368848e-015
2880	2879	2952	0	-1	-1	-1	0
2851	2930	2931	5	-1	-1	-1	-1.8993367258368848e-015
2881	2954	2879	0	-1	-1	-1	0
2954	2881	2882	0	-1	-1	-1	0
2932	2933	2852	0	-1	-1	-1	0
2933	2934	2853	0	-1	-1	-1	0
2955	2882	2883	0	-1	-1	-1	0
2956	2883	2884	0	-1	-1	-1	0
2934	2935	2855	0	-1	-1	-1	0
2957	2884	2885	0	-1	-1	-1	0
2856	2935	2936	0	-1	-1	-1	0
2858	2938	2937	1	-1	-1	-1	0
2887	2959	2888	1	-1	-1	-1	0
2939	2859	2937	1	-1	-1	-1	0
2887	2891	2959	1	-1	-1	-1	0
2889	2890	2961	8	-1	-1	-1	0
2960	2891	2889	8	-1	-1	-1	0
2892	2961	2890	8	-1	-1	-1	0
2946	2928	2871	8	-1	-1	-1	0
2940	2941	2865	1	-1	-1	-1	0
2940	2866	2942	1	-1	-1	-1	0
2943	2938	2867	1	-1	-1	-1	0
2912	2913	2924	8	-1	-1	-1	0
2867	2941	2943	1	-1	-1	-1	0
2964	2894	2895	8	-1	-1	-1	0
2869	2944	2942	0	-1	-1	-1	0
2871	2939	2946	8	-1	-1	-1	0
2896	2965	2895	8	-1	-1	-1	0
2894	2964	2899	8	-1	-1	-1	0
2870	2945	2944	0	-1	-1	-1	0
2913	2925	2924	8	-1	-1	-1	0
2896	2902	2966	1	-1	-1	-1	0
2899	2967	2898	8	-1	0	-1	0
2945	2873	2947	0	-1	-1	-1	0
2959	2922	2888	8	-1	-1	-1	0
2902	2900	2969	1	-1	-1	-1	0
2970	2900	2901	8	-1	-1	-1	0
2876	2950	2948	0	-1	-1	-1	0
2950	2876	2949	0	-1	-1	-1	0
2903	2971	2901	8	-1	-1	-1	0
2951	2947	2878	0	-1	-1	-1	0
2951	2877	2948	0	-1	-1	-1	0
2963	2892	2923	8	-1	-1	-1	0
2885	2936	2958	0	-1	-1	-1	0
2973	2903	2904	8	-1	-1	-1	0
2880	2952	2949	0	-1	-1	-1	0
2952	2879	2953	0	-1	-1	-1	0
2904	2906	2975	8	-1	-1	-1	0
2879	2954	2953	0	-1	-1	-1	0
2907	2905	2977	1	-1	-1	-1	0
2955	2954	2882	0	-1	-1	-1	0
2980	2906	2907	1	-1	-1	-1	0
2955	2883	2956	0	-1	-1	-1	0
2884	2957	2956	0	-1	-1	-1	0
2917	2976	2905	8	-1	-1	-1	0
2885	2958	2957	0	-1	-1	-1	0
2911	2983	2910	8	-1	-1	-1	0
2910	2983	2913	8	-1	-1	-1	0
2961	2960	2889	8	-1	-1	-1	0
2962	2959	2891	1	-1	-1	-1	0
2920	2976	2917	8	-1	-1	-1	0
2960	2962	2891	1	-1	-1	-1	0
2985	2914	2915	8	-1	-1	-1	0
2984	2916	2914	8	-1	-1	-1	0
2963	2961	2892	8	-1	-1	-1	0
2925	2983	2911	5	-1	-1	-1	-1.8993367258368848e-015
2983	2925	2913	8	-1	-1	-1	0
2916	2988	2918	8	-1	-1	-1	0
2946	2939	2937	1	-1	-1	-1	0
2964	2895	2965	8	-1	-1	-1	0
2918	2988	2919	8	-1	-1	-1	0
2926	2986	2915	8	-1	-1	-1	0
2965	2896	2966	1	-1	-1	-1	0
2958	2936	2935	0	-1	-1	-1	0
2921	2919	2989	5	-1	-1	-1	-1.8993367258368848e-015
2899	2964	2968	8	-1	-1	-1	0
2991	2920	2921	5	-1	-1	-1	-1.8993367258368848e-015
2967	2899	2968	8	-1	-1	-1	0
2966	2902	2969	1	-1	-1	-1	0
2970	2969	2900	8	-1	-1	-1	0
2927	2986	2926	8	-1	-1	-1	0
2996	2923	2922	8	-1	-1	-1	0
2970	2901	2971	8	-1	-1	-1	0
2903	2972	2971	8	-1	0	-1	0
2903	2973	2972	8	-1	0	-1	0
2973	2904	2974	8	-1	-1	0	0
2904	2975	2974	8	-1	0	-1	0
2997	2927	2931	8	-1	-1	-1	0
2998	2929	2928	5	-1	-1	-1	-1.8993367258368848e-015
2976	2977	2905	8	-1	-1	-1	0
2975	2906	2978	8	-1	-1	0	0
2930	2929	3001	5	-1	-1	-1	-1.8993367258368848e-015
2930	3001	2931	5	-1	-1	-1	-1.8993367258368848e-015
2979	2978	2906	8	0	-1	-1	0
2979	2906	2980	8	-1	-1	-1	0
2981	2907	2977	1	-1	-1	-1	0
2932	3004	2933	0	-1	-1	-1	0
2907	2982	2980	1	-1	-1	-1	0
2981	2982	2907	1	-1	-1	-1	0
3005	2934	2933	0	-1	-1	-1	0
2999	2928	2946	8	-1	-1	-1	0
2934	3006	2935	0	-1	-1	-1	0
2996	2922	2959	8	-1	-1	-1	0
2996	2963	2923	8	-1	-1	-1	0
3008	2937	2938	1	-1	-1	-1	0
2914	2985	2984	8	-1	-1	-1	0
2985	2915	2986	8	-1	-1	-1	0
2916	2984	2987	8	-1	-1	-1	0
2920	2992	2976	8	-1	-1	-1	0
2916	2987	2988	8	-1	-1	-1	0
3008	2946	2937	1	-1	-1	-1	0
2938	2943	3010	1	-1	-1	-1	0
3011	2941	2940	1	-1	-1	-1	0
3011	2940	2942	1	-1	-1	-1	0
2943	2941	3012	1	-1	-1	-1	0
2919	2988	2990	8	-1	-1	-1	0
2990	2989	2919	8	-1	-1	-1	0
3007	2958	2935	0	-1	-1	-1	0
2942	2944	3015	0	-1	-1	-1	0
2992	2920	2991	8	-1	-1	-1	0
2994	2921	2989	5	-1	-1	-1	-1.8993367258368848e-015
2944	2945	3015	0	-1	-1	-1	0
2967	2968	2970	8	-1	-1	-1	0
2991	2921	2995	5	-1	-1	-1	-1.8993367258368848e-015
2970	2971	2967	8	-1	0	-1	0
2921	2994	2993	5	-1	-1	-1	-1.8993367258368848e-015
2921	2993	2995	5	-1	-1	-1	-1.8993367258368848e-015
2986	2927	2997	8	-1	-1	-1	0
3018	2945	2947	0	-1	-1	-1	0
3018	2947	2951	0	-1	-1	-1	0
2959	2962	2996	8	-1	-1	-1	0
3019	2948	2950	0	-1	-1	-1	0
2948	3019	2951	0	-1	-1	-1	0
2950	2949	3020	0	-1	-1	-1	0
2962	2963	2996	8	-1	-1	-1	0
2952	3021	2949	0	-1	-1	-1	0
2998	2928	2999	8	-1	-1	-1	0
3021	2952	2953	0	-1	-1	-1	0
2998	3000	2929	5	-1	-1	-1	-1.8993367258368848e-015
3001	2929	3000	5	-1	-1	-1	-1.8993367258368848e-015
2931	3002	2997	8	-1	-1	-1	0
3001	3002	2931	8	-1	-1	-1	0
3027	2953	2954	0	-1	-1	-1	0
3028	2954	2955	0	-1	-1	-1	0
3003	3004	2932	0	-1	-1	-1	0
2956	3028	2955	0	-1	-1	-1	0
2933	3004	3005	0	-1	-1	-1	0
3030	2956	2957	0	-1	-1	-1	0
3006	2934	3005	0	-1	-1	-1	0
2958	3030	2957	0	-1	-1	-1	0
3007	2935	3006	0	-1	-1	-1	0
2946	3008	2999	1	-1	-1	-1	0
3032	2960	2961	8	-1	-1	-1	0
2962	2960	3032	1	-1	-1	-1	0
2938	3009	3008	1	-1	-1	-1	0
2961	2963	3032	8	-1	-1	-1	0
2938	3010	3009	1	-1	-1	-1	0
2963	2962	3032	8	-1	-1	-1	0
3033	2964	2965	8	-1	-1	-1	0
2941	3011	3012	1	-1	-1	-1	0
2964	3033	2968	8	-1	-1	-1	0
2966	3034	2965	1	-1	-1	-1	0
3014	3011	2942	1	-1	-1	-1	0
2966	2969	3035	1	-1	-1	-1	0
3013	2942	3015	0	-1	-1	-1	0
2943	3017	3010	1	-1	-1	-1	0
3016	2942	3013	0	-1	-1	-1	0
2943	3012	3017	1	-1	-1	-1	0
2942	3016	3014	1	-1	-1	-1	0
2989	2990	2994	8	-1	-1	-1	0
2968	3036	2970	8	-1	-1	-1	0
2970	3036	2969	8	-1	-1	-1	0
3018	3015	2945	0	-1	-1	-1	0
2992	2991	2995	8	-1	-1	-1	0
2976	3037	2977	8	-1	-1	-1	0
2949	3021	3020	0	-1	-1	-1	0
3022	3019	2950	0	-1	-1	-1	0
2950	3020	3023	0	-1	-1	-1	0
2951	3025	3018	0	-1	-1	-1	0
3025	2951	3019	0	-1	-1	-1	0
3024	3022	2950	0	-1	-1	-1	0
3031	2958	3007	0	-1	-1	-1	0
3038	2981	2977	1	-1	-1	-1	0
2950	3023	3024	0	-1	-1	-1	0
2979	2980	3040	8	-1	-1	0	0
3021	2953	3026	0	-1	-1	-1	0
2980	2982	3041	8	-1	-1	-1	0
3037	2976	2992	8	-1	-1	-1	0
3027	3026	2953	0	-1	-1	-1	0
3044	2982	2981	1	-1	-1	-1	0
2954	3028	3027	0	-1	-1	-1	0
3029	3028	2956	0	-1	-1	-1	0
3029	2956	3030	0	-1	-1	-1	0
2984	2985	3048	1	-1	-1	-1	0
3047	2987	2984	1	-1	-1	-1	0
3006	3005	3007	0	-1	-1	-1	0
2958	3031	3030	0	-1	-1	-1	0
2985	2986	3049	1	-1	-1	-1	0
3052	2988	2987	8	-1	-1	-1	0
3033	2965	3034	1	-1	-1	-1	0
2997	3050	2986	1	-1	-1	-1	0
2990	2988	3055	8	-1	-1	-1	0
2966	3035	3034	1	-1	-1	-1	0
3036	2968	3033	8	-1	-1	-1	0
3011	3014	3012	1	-1	-1	-1	0
2990	3056	2994	8	-1	-1	-1	0
3035	2969	3036	8	-1	-1	-1	0
2995	3058	2992	8	-1	-1	-1	0
2993	2994	3060	5	-1	-1	-1	-1.8993367258368848e-015
3061	2995	2993	5	-1	-1	-1	-1.8993367258368848e-015
3039	2977	3037	8	-1	-1	-1	0
2977	3039	3038	8	-1	-1	-1	0
2998	2999	3064	8	-1	-1	-1	0
3063	3000	2998	5	-1	-1	-1	-1.8993367258368848e-015
2997	3002	3062	1	-1	-1	-1	0
3040	2980	3041	8	-1	-1	0	0
3038	3043	2981	1	-1	-1	-1	0
2981	3043	3042	1	-1	-1	-1	0
3066	3001	3000	5	-1	-1	-1	-1.8993367258368848e-015
3044	2981	3042	1	-1	-1	-1	0
3041	2982	3045	8	-1	-1	0	0
3002	3001	3069	8	-1	-1	-1	0
2999	3008	3065	1	-1	-1	-1	0
3046	2982	3044	8	-1	-1	-1	0
3045	2982	3046	8	-1	-1	0	0
3047	2984	3048	1	-1	-1	-1	0
3073	3004	3003	0	-1	-1	-1	0
3048	2985	3049	1	-1	-1	-1	0
3004	3074	3005	0	-1	-1	-1	0
2986	3051	3049	1	-1	-1	-1	0
3005	3074	3007	0	-1	-1	-1	0
3053	2987	3047	1	-1	-1	-1	0
3051	2986	3050	1	-1	-1	-1	0
2992	3059	3037	8	-1	-1	-1	0
3054	3052	2987	1	-1	-1	-1	0
3076	3008	3009	1	-1	-1	-1	0
3053	3054	2987	1	-1	-1	-1	0
3055	2988	3052	8	-1	-1	-1	0
3077	3009	3010	1	-1	-1	-1	0
3057	2990	3055	8	-1	-1	-1	0
3034	3036	3033	8	-1	-1	-1	0
3056	2990	3057	8	-1	-1	-1	0
3035	3036	3034	8	-1	-1	-1	0
3010	3017	3078	1	-1	-1	-1	0
3012	3014	3080	1	-1	-1	-1	0
3012	3079	3017	1	-1	-1	-1	0
3062	3050	2997	1	-1	-1	-1	0
2992	3058	3059	8	-1	-1	-1	0
3015	3081	3013	0	-1	-1	-1	0
3060	2994	3056	8	-1	-1	-1	0
3081	3016	3013	0	-1	-1	-1	0
3014	3016	3080	1	-1	-1	-1	0
3007	3075	3031	0	-1	-1	-1	0
2995	3061	3058	8	-1	-1	-1	0
2993	3060	3061	5	-1	-1	-1	-1.8993367258368848e-015
3018	3082	3015	0	-1	-1	-1	0
3082	3018	3025	0	-1	-1	-1	0
3063	2998	3064	8	-1	-1	-1	0
3019	3022	3085	0	-1	-1	-1	0
3021	3086	3020	0	-1	-1	-1	0
2999	3065	3064	8	-1	-1	-1	0
3023	3020	3086	0	-1	-1	-1	0
3085	3025	3019	0	-1	-1	-1	0
3068	3000	3063	5	-1	-1	-1	-1.8993367258368848e-015
3055	3039	3037	8	-1	-1	-1	0
3000	3067	3066	5	-1	-1	-1	-1.8993367258368848e-015
3026	3087	3021	0	-1	-1	-1	0
3024	3088	3022	0	-1	-1	-1	0
3071	3062	3002	1	-1	-1	-1	0
3067	3000	3068	5	-1	-1	-1	-1.8993367258368848e-015
3070	3001	3066	8	-1	-1	-1	0
3023	3091	3024	0	-1	-1	-1	0
3001	3070	3069	8	-1	-1	-1	0
3069	3071	3002	1	-1	-1	-1	0
3039	3055	3052	8	-1	-1	-1	0
3094	3026	3027	0	-1	-1	-1	0
3003	3072	3073	0	-1	-1	-1	0
3008	3076	3065	1	-1	-1	-1	0
3027	3028	3095	0	-1	-1	-1	0
3074	3004	3073	0	-1	-1	-1	0
3029	3095	3028	0	-1	-1	-1	0
3030	3096	3029	0	-1	-1	-1	0
3074	3075	3007	0	-1	-1	-1	0
3030	3031	3096	0	-1	-1	-1	0
3077	3076	3009	1	-1	-1	-1	0
3078	3077	3010	1	-1	-1	-1	0
3079	3012	3080	1	-1	-1	-1	0
3017	3079	3078	1	-1	-1	-1	0
3100	3038	3039	8	-1	-1	-1	0
3015	3082	3081	0	-1	-1	-1	0
3081	3083	3016	0	-1	-1	-1	0
3084	3080	3016	1	-1	-1	-1	0
3038	3100	3043	1	-1	-1	-1	0
3083	3084	3016	0	-1	-1	-1	0
3042	3043	3104	1	-1	-1	-1	0
3099	3055	3037	8	-1	-1	-1	0
3106	3044	3042	1	-1	-1	-1	0
3052	3102	3039	8	-1	-1	-1	0
3087	3086	3021	0	-1	-1	-1	0
3099	3037	3059	8	-1	-1	-1	0
3022	3089	3085	0	-1	-1	-1	0
3089	3022	3088	0	-1	-1	-1	0
3023	3086	3090	0	-1	-1	-1	0
3082	3025	3093	0	-1	-1	-1	0
3111	3046	3044	8	0	-1	-1	0
3067	3070	3066	8	-1	-1	-1	0
3085	3093	3025	0	-1	-1	-1	0
3075	3098	3031	0	-1	-1	-1	0
3092	3088	3024	0	-1	-1	-1	0
3023	3090	3091	0	-1	-1	-1	0
3087	3026	3094	0	-1	-1	-1	0
3024	3091	3092	0	-1	-1	-1	0
3102	3052	3054	1	-1	-1	-1	0
3047	3048	3115	1	-1	-1	-1	0
3057	3055	3099	8	-1	-1	-1	0
3048	3049	3117	1	-1	-1	-1	0
3114	3053	3047	1	-1	-1	-1	0
3094	3027	3095	0	-1	-1	-1	0
3117	3049	3051	1	-1	-1	-1	0
3119	3051	3050	1	-1	-1	-1	0
3029	3097	3095	0	-1	-1	-1	0
3074	3073	3075	0	-1	-1	-1	0
3096	3097	3029	0	-1	-1	-1	0
3096	3031	3098	0	-1	-1	-1	0
3054	3053	3122	1	-1	-1	-1	0
3062	3118	3050	1	-1	-1	-1	0
3056	3057	3124	8	-1	-1	-1	0
3060	3056	3124	8	-1	-1	-1	0
3103	3100	3039	8	-1	-1	-1	0
3059	3058	3125	8	-1	-1	-1	0
3102	3101	3039	8	-1	-1	-1	0
3039	3101	3103	8	-1	-1	-1	0
3058	3061	3125	8	-1	-1	-1	0
3061	3060	3126	5	-1	-1	-1	-1.8993367258368848e-015
3043	3100	3108	1	-1	-1	-1	0
3104	3105	3042	1	-1	-1	-1	0
3105	3107	3042	1	-1	-1	-1	0
3107	3106	3042	1	-1	-1	-1	0
3109	3104	3043	1	-1	-1	-1	0
3129	3063	3064	8	-1	-1	-1	0
3065	3130	3064	8	-1	-1	-1	0
3063	3128	3068	5	-1	-1	-1	-1.8993367258368848e-015
3071	3127	3062	1	-1	-1	-1	0
3108	3110	3043	1	-1	-1	-1	0
3110	3109	3043	1	-1	-1	-1	0
3113	3044	3106	8	-1	-1	-1	0
3132	3067	3068	5	-1	-1	-1	-1.8993367258368848e-015
3112	3111	3044	8	0	-1	-1	0
3112	3044	3113	8	-1	-1	0	0
3067	3133	3070	8	-1	-1	-1	0
3076	3131	3065	1	-1	-1	-1	0
3115	3114	3047	1	-1	-1	-1	0
3071	3069	3137	1	-1	-1	-1	0
3138	3069	3070	8	-1	-1	-1	0
3048	3116	3115	1	-1	-1	-1	0
3054	3123	3102	1	-1	-1	-1	0
3099	3124	3057	8	-1	-1	-1	0
3048	3117	3116	1	-1	-1	-1	0
3122	3105	3054	1	-1	-1	-1	0
3054	3105	3123	1	-1	-1	-1	0
3125	3099	3059	8	-1	-1	-1	0
3050	3118	3119	1	-1	-1	-1	0
3142	3073	3072	0	-1	-1	-1	0
3053	3114	3121	1	-1	-1	-1	0
3117	3051	3120	1	-1	-1	-1	0
3119	3120	3051	1	-1	-1	-1	0
3143	3075	3073	0	-1	-1	-1	0
3121	3122	3053	1	-1	-1	-1	0
3145	3076	3077	1	-1	-1	-1	0
3077	3078	3149	1	-1	-1	-1	0
3079	3149	3078	1	-1	-1	-1	0
3118	3062	3127	1	-1	-1	-1	0
3080	3150	3079	1	-1	-1	-1	0
3126	3060	3124	8	-1	-1	-1	0
3108	3100	3103	8	-1	-1	-1	0
3125	3061	3126	8	-1	-1	-1	0
3080	3084	3151	1	-1	-1	-1	0
3082	3153	3081	0	-1	-1	-1	0
3083	3081	3152	0	-1	-1	-1	0
3075	3144	3098	0	-1	-1	-1	0
3063	3129	3128	8	-1	-1	-1	0
3084	3083	3154	0	-1	-1	-1	0
3103	3110	3108	8	-1	-1	-1	0
3129	3064	3130	8	-1	-1	-1	0
3123	3101	3102	1	-1	-1	-1	0
3065	3131	3130	8	-1	-1	-1	0
3153	3082	3093	0	-1	-1	-1	0
3089	3156	3085	0	-1	-1	-1	0
3157	3086	3087	0	-1	-1	-1	0
3068	3128	3135	5	-1	-1	-1	-1.8993367258368848e-015
3132	3133	3067	8	-1	-1	-1	0
3104	3123	3105	1	-1	-1	-1	0
3086	3157	3090	0	-1	-1	-1	0
3093	3085	3156	0	-1	-1	-1	0
3122	3107	3105	1	-1	-1	-1	0
3068	3136	3132	5	-1	-1	-1	-1.8993367258368848e-015
3159	3089	3088	0	-1	-1	-1	0
3135	3134	3068	5	-1	-1	-1	-1.8993367258368848e-015
3127	3071	3140	1	-1	-1	-1	0
3068	3134	3136	5	-1	-1	-1	-1.8993367258368848e-015
3088	3092	3159	0	-1	-1	-1	0
3158	3087	3094	0	-1	-1	-1	0
3161	3091	3090	0	-1	-1	-1	0
3133	3139	3070	8	-1	-1	-1	0
3137	3069	3138	1	-1	-1	-1	0
3092	3091	3163	0	-1	-1	-1	0
3138	3070	3139	8	-1	-1	-1	0
3137	3140	3071	1	-1	-1	-1	0
3099	3125	3124	8	-1	-1	-1	0
3146	3131	3076	1	-1	-1	-1	0
3094	3095	3166	0	-1	-1	-1	0
3141	3142	3072	0	-1	-1	-1	0
3142	3143	3073	0	-1	-1	-1	0
3166	3095	3097	0	-1	-1	-1	0
3168	3097	3096	0	-1	-1	-1	0
3098	3168	3096	0	-1	-1	-1	0
3143	3144	3075	0	-1	-1	-1	0
3145	3146	3076	1	-1	-1	-1	0
3077	3147	3145	1	-1	-1	-1	0
3148	3147	3077	1	-1	-1	-1	0
3148	3077	3149	1	-1	-1	-1	0
3125	3126	3124	8	-1	-1	-1	0
3103	3101	3172	8	-1	-1	-1	0
3149	3079	3150	1	-1	-1	-1	0
3150	3080	3151	1	-1	-1	-1	0
3103	3173	3110	8	-1	-1	-1	0
3152	3081	3153	0	-1	-1	-1	0
3109	3174	3104	1	-1	-1	-1	0
3152	3154	3083	0	-1	-1	-1	0
3151	3084	3155	1	-1	-1	-1	0
3106	3107	3178	1	-1	-1	-1	0
3129	3135	3128	8	-1	-1	-1	0
3084	3154	3155	0	-1	-1	-1	0
3106	3175	3113	8	-1	0	-1	0
3123	3172	3101	1	-1	-1	-1	0
3133	3132	3136	8	-1	-1	-1	0
3104	3174	3123	1	-1	-1	-1	0
3183	3109	3110	1	-1	-1	-1	0
3093	3156	3153	0	-1	-1	-1	0
3158	3157	3087	0	-1	-1	-1	0
3160	3156	3089	0	-1	-1	-1	0
3089	3159	3160	0	-1	-1	-1	0
3090	3157	3162	0	-1	-1	-1	0
3180	3107	3122	1	-1	-1	-1	0
3170	3098	3144	0	-1	-1	-1	0
3162	3161	3090	0	-1	-1	-1	0
3115	3184	3114	1	-1	-1	-1	0
3161	3163	3091	0	-1	-1	-1	0
3116	3185	3115	1	-1	-1	-1	0
3165	3159	3092	0	-1	-1	-1	0
3158	3094	3167	0	-1	-1	-1	0
3164	3092	3163	0	-1	-1	-1	0
3121	3114	3184	1	-1	-1	-1	0
3117	3186	3116	1	-1	-1	-1	0
3164	3165	3092	0	-1	-1	-1	0
3122	3121	3180	1	-1	-1	-1	0
3187	3117	3120	1	-1	-1	-1	0
3188	3119	3118	1	-1	-1	-1	0
3166	3167	3094	0	-1	-1	-1	0
3119	3189	3120	1	-1	-1	-1	0
3167	3166	3097	0	-1	-1	-1	0
3097	3169	3167	0	-1	-1	-1	0
3188	3118	3127	1	-1	-1	-1	0
3097	3168	3169	0	-1	-1	-1	0
3168	3098	3171	0	-1	-1	-1	0
3098	3170	3171	0	-1	-1	-1	0
3172	3173	3103	8	-1	-1	-1	0
3194	3129	3130	8	-1	-1	-1	0
3175	3106	3176	8	-1	-1	0	0
3129	3193	3135	8	-1	-1	-1	0
3131	3196	3130	8	-1	-1	-1	0
3191	3127	3140	1	-1	-1	-1	0
3177	3176	3106	8	0	-1	-1	0
3178	3177	3106	8	-1	-1	-1	0
3179	3178	3107	1	-1	-1	-1	0
3174	3109	3182	1	-1	-1	-1	0
3173	3183	3110	8	-1	-1	-1	0
3179	3107	3181	1	-1	-1	-1	0
3136	3198	3133	8	-1	-1	-1	0
3123	3173	3172	1	-1	-1	-1	0
3107	3180	3181	1	-1	-1	-1	0
3123	3174	3173	1	-1	-1	-1	0
3200	3136	3134	5	-1	-1	-1	-1.8993367258368848e-015
3135	3201	3134	5	-1	-1	-1	-1.8993367258368848e-015
3133	3199	3139	8	-1	-1	-1	0
3196	3138	3139	8	-1	-1	-1	0
3146	3197	3131	1	-1	-1	-1	0
3183	3182	3109	1	-1	-1	-1	0
3137	3138	3203	1	-1	-1	-1	0
3137	3202	3140	1	-1	-1	-1	0
3185	3184	3115	1	-1	-1	-1	0
3185	3116	3186	1	-1	-1	-1	0
3187	3186	3117	1	-1	-1	-1	0
3142	3141	3207	0	-1	-1	-1	0
3190	3180	3121	1	-1	-1	-1	0
3208	3143	3142	0	-1	-1	-1	0
3184	3190	3121	1	-1	-1	-1	0
3208	3144	3143	0	-1	-1	-1	0
3189	3119	3188	1	-1	-1	-1	0
3189	3187	3120	1	-1	-1	-1	0
3211	3146	3145	1	-1	-1	-1	0
3212	3145	3147	1	-1	-1	-1	0
3192	3188	3127	1	-1	-1	-1	0
3168	3171	3169	0	-1	-1	-1	0
3191	3192	3127	1	-1	-1	-1	0
3148	3149	3219	1	-1	-1	-1	0
3147	3148	3217	1	-1	-1	-1	0
3194	3193	3129	8	-1	-1	-1	0
3150	3220	3149	1	-1	-1	-1	0
3194	3130	3195	8	-1	-1	-1	0
3130	3196	3195	8	-1	-1	-1	0
3221	3150	3151	1	-1	-1	-1	0
3144	3209	3170	0	-1	-1	-1	0
3131	3197	3196	8	-1	-1	-1	0
3223	3152	3153	0	-1	-1	-1	0
3151	3155	3222	1	-1	-1	-1	0
3201	3135	3193	8	-1	-1	-1	0
3198	3199	3133	8	-1	-1	-1	0
3196	3139	3195	8	-1	-1	-1	0
3152	3224	3154	0	-1	-1	-1	0
3223	3153	3156	0	-1	-1	-1	0
3199	3195	3139	8	-1	-1	-1	0
3136	3200	3198	8	-1	-1	-1	0
3154	3225	3155	0	-1	-1	-1	0
3134	3201	3200	5	-1	-1	-1	-1.8993367258368848e-015
3205	3191	3140	1	-1	-1	-1	0
3196	3204	3138	8	-1	-1	-1	0
3160	3223	3156	0	-1	-1	-1	0
3202	3137	3203	1	-1	-1	-1	0
3228	3157	3158	0	-1	-1	-1	0
3203	3138	3204	1	-1	-1	-1	0
3205	3140	3202	1	-1	-1	-1	0
3162	3157	3228	0	-1	-1	-1	0
3159	3230	3160	0	-1	-1	-1	0
3141	3206	3207	0	-1	-1	-1	0
3159	3165	3230	0	-1	-1	-1	0
3229	3158	3167	0	-1	-1	-1	0
3146	3213	3197	1	-1	-1	-1	0
3233	3161	3162	0	-1	-1	-1	0
3142	3207	3208	0	-1	-1	-1	0
3161	3233	3163	0	-1	-1	-1	0
3209	3144	3208	0	-1	-1	-1	0
3236	3164	3163	0	-1	-1	-1	0
3165	3164	3237	0	-1	-1	-1	0
3145	3210	3211	1	-1	-1	-1	0
3145	3212	3210	1	-1	-1	-1	0
3146	3211	3215	1	-1	-1	-1	0
3146	3214	3213	1	-1	-1	-1	0
3146	3215	3214	1	-1	-1	-1	0
3169	3239	3167	0	-1	-1	-1	0
3147	3216	3212	1	-1	-1	-1	0
3147	3217	3216	1	-1	-1	-1	0
3240	3169	3171	0	-1	-1	-1	0
3170	3241	3171	0	-1	-1	-1	0
3218	3217	3148	1	-1	-1	-1	0
3148	3219	3218	1	-1	-1	-1	0
3220	3219	3149	1	-1	-1	-1	0
3242	3173	3174	1	-1	-1	-1	0
3220	3150	3221	1	-1	-1	-1	0
3151	3222	3221	1	-1	-1	-1	0
3242	3183	3173	8	-1	-1	-1	0
3178	3243	3177	8	-1	0	-1	0
3174	3182	3242	1	-1	-1	-1	0
3223	3224	3152	0	-1	-1	-1	0
3245	3178	3179	8	-1	-1	-1	0
3222	3155	3227	1	-1	-1	-1	0
3226	3154	3224	0	-1	-1	-1	0
3154	3226	3225	0	-1	-1	-1	0
3227	3155	3225	0	-1	-1	-1	0
3183	3242	3182	8	-1	-1	-1	0
3179	3181	3248	8	-1	-1	-1	0
3181	3180	3250	1	-1	-1	-1	0
3223	3160	3231	0	-1	-1	-1	0
3228	3158	3229	0	-1	-1	-1	0
3203	3212	3202	1	-1	-1	-1	0
3249	3180	3190	1	-1	-1	-1	0
3241	3170	3209	0	-1	-1	-1	0
3230	3232	3160	0	-1	-1	-1	0
3231	3160	3232	0	-1	-1	-1	0
3184	3185	3255	1	-1	-1	-1	0
3203	3210	3212	1	-1	-1	-1	0
3235	3162	3228	0	-1	-1	-1	0
3186	3255	3185	1	-1	-1	-1	0
3234	3233	3162	0	-1	-1	-1	0
3190	3184	3256	1	-1	-1	-1	0
3257	3186	3187	1	-1	-1	-1	0
3234	3162	3235	0	-1	-1	-1	0
3236	3163	3233	0	-1	-1	-1	0
3230	3165	3238	0	-1	-1	-1	0
3187	3189	3258	1	-1	-1	-1	0
3229	3167	3239	0	-1	-1	-1	0
3260	3189	3188	1	-1	-1	-1	0
3236	3237	3164	0	-1	-1	-1	0
3188	3192	3259	1	-1	-1	-1	0
3237	3238	3165	0	-1	-1	-1	0
3263	3192	3191	1	-1	-1	-1	0
3240	3239	3169	0	-1	-1	-1	0
3265	3193	3194	8	-1	-1	-1	0
3240	3171	3241	0	-1	-1	-1	0
3265	3194	3195	8	-1	-1	-1	0
3262	3191	3205	1	-1	-1	-1	0
3265	3201	3193	8	-1	-1	-1	0
3266	3195	3199	8	-1	-1	-1	0
3268	3196	3197	8	-1	-1	-1	0
3199	3198	3266	8	-1	-1	-1	0
3266	3198	3200	8	-1	-1	-1	0
3243	3178	3244	8	-1	-1	0	0
3244	3178	3245	8	-1	-1	0	0
3196	3267	3204	8	-1	-1	-1	0
3246	3245	3179	8	0	-1	-1	0
3200	3201	3269	5	-1	-1	-1	-1.8993367258368848e-015
3246	3179	3247	8	-1	-1	0	0
3179	3248	3247	8	-1	0	-1	0
3223	3231	3224	0	-1	-1	-1	0
3197	3213	3268	8	-1	-1	-1	0
3205	3202	3271	1	-1	-1	-1	0
3204	3272	3203	1	-1	-1	-1	0
3250	3180	3249	1	-1	-1	-1	0
3181	3252	3248	8	-1	0	-1	0
3212	3270	3202	1	-1	-1	-1	0
3252	3181	3251	8	-1	-1	0	0
3203	3272	3210	1	-1	-1	-1	0
3253	3251	3181	8	0	-1	-1	0
3254	3181	3250	1	-1	-1	-1	0
3274	3207	3206	0	-1	-1	-1	0
3181	3254	3253	8	-1	-1	-1	0
3274	3208	3207	0	-1	-1	-1	0
3208	3275	3209	0	-1	-1	-1	0
3235	3228	3229	0	-1	-1	-1	0
3255	3256	3184	1	-1	-1	-1	0
3268	3213	3214	8	-1	-1	-1	0
3276	3211	3210	1	-1	-1	-1	0
3255	3186	3257	1	-1	-1	-1	0
3212	3216	3270	1	-1	-1	-1	0
3249	3190	3261	1	-1	-1	-1	0
3257	3187	3258	1	-1	-1	-1	0
3215	3211	3277	1	-1	-1	-1	0
3256	3261	3190	1	-1	-1	-1	0
3258	3189	3260	1	-1	-1	-1	0
3260	3188	3259	1	-1	-1	-1	0
3279	3214	3215	1	-1	-1	-1	0
3216	3217	3281	1	-1	-1	-1	0
3259	3192	3264	1	-1	-1	-1	0
3191	3262	3263	1	-1	-1	-1	0
3217	3218	3283	1	-1	-1	-1	0
3263	3264	3192	1	-1	-1	-1	0
3218	3219	3284	1	-1	-1	-1	0
3285	3219	3220	1	-1	-1	-1	0
3241	3209	3275	0	-1	-1	-1	0
3195	3266	3265	8	-1	-1	-1	0
3285	3220	3221	1	-1	-1	-1	0
3221	3222	3287	1	-1	-1	-1	0
3196	3268	3267	8	-1	-1	-1	0
3269	3266	3200	8	-1	-1	-1	0
3269	3201	3265	8	-1	-1	-1	0
3227	3287	3222	1	-1	-1	-1	0
3226	3224	3288	0	-1	-1	-1	0
3271	3262	3205	1	-1	-1	-1	0
3289	3225	3226	0	-1	-1	-1	0
3227	3225	3289	0	-1	-1	-1	0
3224	3231	3288	0	-1	-1	-1	0
3204	3267	3272	1	-1	-1	-1	0
3271	3202	3270	1	-1	-1	-1	0
3231	3232	3288	0	-1	-1	-1	0
3206	3273	3274	0	-1	-1	-1	0
3208	3274	3275	0	-1	-1	-1	0
3295	3232	3230	0	-1	-1	-1	0
3293	3235	3229	0	-1	-1	-1	0
3271	3270	3216	1	-1	-1	-1	0
3210	3272	3276	1	-1	-1	-1	0
3214	3278	3268	8	-1	-1	-1	0
3239	3294	3229	0	-1	-1	-1	0
3211	3276	3277	1	-1	-1	-1	0
3233	3234	3297	0	-1	-1	-1	0
3230	3238	3296	0	-1	-1	-1	0
3298	3236	3233	0	-1	-1	-1	0
3235	3299	3234	0	-1	-1	-1	0
3216	3281	3271	1	-1	-1	-1	0
3278	3214	3279	8	-1	-1	-1	0
3215	3277	3280	1	-1	-1	-1	0
3280	3279	3215	1	-1	-1	-1	0
3236	3302	3237	0	-1	-1	-1	0
3303	3238	3237	0	-1	-1	-1	0
3217	3282	3281	1	-1	-1	-1	0
3282	3217	3283	1	-1	-1	-1	0
3305	3239	3240	0	-1	-1	-1	0
3218	3284	3283	1	-1	-1	-1	0
3240	3241	3305	0	-1	-1	-1	0
3286	3284	3219	1	-1	-1	-1	0
3219	3285	3286	1	-1	-1	-1	0
3285	3221	3287	1	-1	-1	-1	0
3269	3265	3266	8	-1	-1	-1	0
3226	3290	3289	0	-1	-1	-1	0
3291	3226	3288	0	-1	-1	-1	0
3287	3227	3292	1	-1	-1	-1	0
3250	3249	3307	1	-1	-1	-1	0
3291	3290	3226	0	-1	-1	-1	0
3292	3227	3289	0	-1	-1	-1	0
3232	3291	3288	0	-1	-1	-1	0
3254	3250	3308	1	-1	-1	-1	0
3281	3262	3271	1	-1	-1	-1	0
3229	3294	3293	0	-1	-1	-1	0
3254	3310	3253	8	-1	0	-1	0
3249	3261	3307	1	-1	-1	-1	0
3232	3295	3291	0	-1	-1	-1	0
3230	3296	3295	0	-1	-1	-1	0
3241	3275	3306	0	-1	-1	-1	0
3256	3255	3313	1	-1	-1	-1	0
3313	3255	3257	1	-1	-1	-1	0
3299	3235	3293	0	-1	-1	-1	0
3298	3233	3297	0	-1	-1	-1	0
3258	3315	3257	1	-1	-1	-1	0
3234	3300	3297	0	-1	-1	-1	0
3256	3314	3261	1	-1	-1	-1	0
3300	3234	3299	0	-1	-1	-1	0
3258	3260	3315	1	-1	-1	-1	0
3301	3236	3298	0	-1	-1	-1	0
3305	3294	3239	0	-1	-1	-1	0
3304	3296	3238	0	-1	-1	-1	0
3319	3260	3259	1	-1	-1	-1	0
3236	3301	3302	0	-1	-1	-1	0
3318	3259	3264	1	-1	-1	-1	0
3303	3237	3302	0	-1	-1	-1	0
3238	3303	3304	0	-1	-1	-1	0
3263	3262	3322	1	-1	-1	-1	0
3264	3263	3323	1	-1	-1	-1	0
3306	3305	3241	0	-1	-1	-1	0
3268	3325	3267	8	-1	-1	-1	0
3272	3267	3325	1	-1	-1	-1	0
3262	3281	3322	1	-1	-1	-1	0
3307	3309	3250	1	-1	-1	-1	0
3250	3309	3308	1	-1	-1	-1	0
3278	3325	3268	8	-1	-1	-1	0
3312	3254	3308	8	-1	-1	-1	0
3272	3326	3276	1	-1	-1	-1	0
3328	3274	3273	0	-1	-1	-1	0
3310	3254	3311	8	-1	-1	0	0
3254	3312	3311	8	-1	0	-1	0
3329	3275	3274	0	-1	-1	-1	0
3276	3326	3277	1	-1	-1	-1	0
3256	3313	3314	1	-1	-1	-1	0
3313	3257	3317	1	-1	-1	-1	0
3330	3278	3279	8	-1	-1	-1	0
3330	3280	3277	1	-1	-1	-1	0
3307	3261	3320	1	-1	-1	-1	0
3257	3315	3316	1	-1	-1	-1	0
3330	3279	3280	8	-1	-1	-1	0
3317	3257	3316	1	-1	-1	-1	0
3319	3315	3260	1	-1	-1	-1	0
3282	3331	3281	1	-1	-1	-1	0
3259	3318	3319	1	-1	-1	-1	0
3261	3314	3321	1	-1	-1	-1	0
3282	3283	3332	1	-1	-1	-1	0
3284	3334	3283	1	-1	-1	-1	0
3321	3320	3261	1	-1	-1	-1	0
3334	3284	3286	1	-1	-1	-1	0
3264	3324	3318	1	-1	-1	-1	0
3335	3286	3285	1	-1	-1	-1	0
3285	3287	3335	1	-1	-1	-1	0
3323	3263	3322	1	-1	-1	-1	0
3302	3304	3303	0	-1	-1	-1	0
3306	3275	3329	0	-1	-1	-1	0
3324	3264	3323	1	-1	-1	-1	0
3337	3287	3292	1	-1	-1	-1	0
3289	3290	3339	0	-1	-1	-1	0
3289	3338	3292	0	-1	-1	-1	0
3340	3290	3291	0	-1	-1	-1	0
3325	3326	3272	1	-1	-1	-1	0
3291	3295	3342	0	-1	-1	-1	0
3273	3327	3328	0	-1	-1	-1	0
3274	3328	3329	0	-1	-1	-1	0
3344	3293	3294	0	-1	-1	-1	0
3330	3325	3278	8	-1	-1	-1	0
3326	3330	3277	1	-1	-1	-1	0
3281	3331	3322	1	-1	-1	-1	0
3344	3299	3293	0	-1	-1	-1	0
3346	3295	3296	0	-1	-1	-1	0
3348	3298	3297	0	-1	-1	-1	0
3345	3294	3305	0	-1	-1	-1	0
3300	3348	3297	0	-1	-1	-1	0
3282	3333	3331	1	-1	-1	-1	0
3333	3282	3332	1	-1	-1	-1	0
3296	3304	3347	0	-1	-1	-1	0
3298	3349	3301	0	-1	-1	-1	0
3300	3299	3350	0	-1	-1	-1	0
3334	3332	3283	1	-1	-1	-1	0
3319	3316	3315	1	-1	-1	-1	0
3334	3286	3336	1	-1	-1	-1	0
3353	3302	3301	0	-1	-1	-1	0
3286	3335	3336	1	-1	-1	-1	0
3287	3337	3335	1	-1	-1	-1	0
3302	3355	3304	0	-1	-1	-1	0
3338	3289	3339	0	-1	-1	-1	0
3357	3305	3306	0	-1	-1	-1	0
3339	3290	3340	0	-1	-1	-1	0
3291	3341	3340	0	-1	-1	-1	0
3343	3337	3292	1	-1	-1	-1	0
3338	3343	3292	0	-1	-1	-1	0
3291	3342	3341	0	-1	-1	-1	0
3307	3359	3309	1	-1	-1	-1	0
3309	3360	3308	8	-1	-1	-1	0
3308	3360	3312	8	-1	0	-1	0
3325	3330	3326	1	-1	-1	-1	0
3345	3344	3294	0	-1	-1	-1	0
3346	3342	3295	0	-1	-1	-1	0
3307	3320	3359	1	-1	-1	-1	0
3296	3347	3346	0	-1	-1	-1	0
3314	3313	3364	1	-1	-1	-1	0
3344	3350	3299	0	-1	-1	-1	0
3306	3329	3358	0	-1	-1	-1	0
3364	3313	3317	1	-1	-1	-1	0
3298	3348	3349	0	-1	-1	-1	0
3317	3316	3367	1	-1	-1	-1	0
3300	3352	3348	0	-1	-1	-1	0
3314	3365	3321	1	-1	-1	-1	0
3300	3350	3351	0	-1	-1	-1	0
3319	3366	3316	1	-1	-1	-1	0
3351	3352	3300	0	-1	-1	-1	0
3349	3354	3301	0	-1	-1	-1	0
3356	3347	3304	0	-1	-1	-1	0
3305	3357	3345	0	-1	-1	-1	0
3353	3301	3354	0	-1	-1	-1	0
3319	3318	3371	1	-1	-1	-1	0
3335	3337	3336	1	-1	-1	-1	0
3355	3302	3353	0	-1	-1	-1	0
3318	3324	3372	1	-1	-1	-1	0
3320	3321	3373	1	-1	-1	-1	0
3355	3356	3304	0	-1	-1	-1	0
3322	3375	3323	1	-1	-1	-1	0
3357	3306	3358	0	-1	-1	-1	0
3324	3323	3376	1	-1	-1	-1	0
3331	3375	3322	1	-1	-1	-1	0
3360	3309	3361	8	-1	-1	0	0
3363	3309	3359	1	-1	-1	-1	0
3361	3309	3362	8	-1	-1	0	0
3362	3309	3363	8	-1	-1	-1	0
3380	3328	3327	0	-1	-1	-1	0
3329	3328	3380	0	-1	-1	-1	0
3364	3365	3314	1	-1	-1	-1	0
3333	3381	3331	1	-1	-1	-1	0
3332	3382	3333	1	-1	-1	-1	0
3352	3349	3348	0	-1	-1	-1	0
3334	3383	3332	1	-1	-1	-1	0
3366	3368	3316	1	-1	-1	-1	0
3316	3368	3367	1	-1	-1	-1	0
3370	3364	3317	1	-1	-1	-1	0
3320	3373	3359	1	-1	-1	-1	0
3369	3317	3367	1	-1	-1	-1	0
3336	3385	3334	1	-1	-1	-1	0
3370	3317	3369	1	-1	-1	-1	0
3366	3319	3371	1	-1	-1	-1	0
3337	3386	3336	1	-1	-1	-1	0
3374	3321	3365	1	-1	-1	-1	0
3371	3318	3372	1	-1	-1	-1	0
3387	3338	3339	0	-1	-1	-1	0
3343	3386	3337	1	-1	-1	-1	0
3329	3380	3358	0	-1	-1	-1	0
3339	3340	3388	0	-1	-1	-1	0
3387	3343	3338	0	-1	-1	-1	0
3321	3374	3373	1	-1	-1	-1	0
3341	3342	3390	0	-1	-1	-1	0
3340	3341	3388	0	-1	-1	-1	0
3324	3377	3372	1	-1	-1	-1	0
3323	3375	3376	1	-1	-1	-1	0
3378	3324	3376	1	-1	-1	-1	0
3378	3377	3324	1	-1	-1	-1	0
3346	3391	3342	0	-1	-1	-1	0
3344	3345	3394	0	-1	-1	-1	0
3379	3380	3327	0	-1	-1	-1	0
3381	3375	3331	1	-1	-1	-1	0
3394	3350	3344	0	-1	-1	-1	0
3346	3347	3395	0	-1	-1	-1	0
3345	3357	3394	0	-1	-1	-1	0
3382	3332	3383	1	-1	-1	-1	0
3384	3381	3333	1	-1	-1	-1	0
3356	3395	3347	0	-1	-1	-1	0
3352	3398	3349	0	-1	-1	-1	0
3333	3382	3384	1	-1	-1	-1	0
3365	3364	3370	1	-1	-1	-1	0
3354	3349	3397	0	-1	-1	-1	0
3399	3351	3350	0	-1	-1	-1	0
3334	3385	3383	1	-1	-1	-1	0
3400	3352	3351	0	-1	-1	-1	0
3336	3386	3385	1	-1	-1	-1	0
3401	3353	3354	0	-1	-1	-1	0
3402	3355	3353	0	-1	-1	-1	0
3356	3355	3402	0	-1	-1	-1	0
3339	3389	3387	0	-1	-1	-1	0
3339	3388	3389	0	-1	-1	-1	0
3388	3341	3390	0	-1	-1	-1	0
3392	3386	3343	1	-1	-1	-1	0
3357	3358	3407	0	-1	-1	-1	0
3342	3391	3390	0	-1	-1	-1	0
3387	3393	3343	0	-1	-1	-1	0
3393	3392	3343	0	-1	-1	-1	0
3359	3410	3363	1	-1	-1	-1	0
3346	3396	3391	0	-1	-1	-1	0
3362	3363	3412	8	-1	-1	0	0
3396	3346	3395	0	-1	-1	-1	0
3411	3359	3373	1	-1	-1	-1	0
3399	3350	3394	0	-1	-1	-1	0
3397	3349	3398	0	-1	-1	-1	0
3409	3358	3380	0	-1	-1	-1	0
3365	3370	3413	1	-1	-1	-1	0
3414	3368	3366	1	-1	-1	-1	0
3399	3400	3351	0	-1	-1	-1	0
3400	3398	3352	0	-1	-1	-1	0
3415	3367	3368	1	-1	-1	-1	0
3414	3366	3371	1	-1	-1	-1	0
3415	3369	3367	1	-1	-1	-1	0
3374	3365	3413	1	-1	-1	-1	0
3370	3369	3415	1	-1	-1	-1	0
3397	3404	3354	0	-1	-1	-1	0
3402	3353	3401	0	-1	-1	-1	0
3372	3414	3371	1	-1	-1	-1	0
3356	3406	3395	0	-1	-1	-1	0
3401	3354	3403	0	-1	-1	-1	0
3394	3357	3408	0	-1	-1	-1	0
3354	3404	3403	0	-1	-1	-1	0
3405	3356	3402	0	-1	-1	-1	0
3356	3405	3406	0	-1	-1	-1	0
3390	3389	3388	0	-1	-1	-1	0
3373	3374	3421	1	-1	-1	-1	0
3377	3419	3372	1	-1	-1	-1	0
3407	3408	3357	0	-1	-1	-1	0
3358	3409	3407	0	-1	-1	-1	0
3423	3376	3375	1	-1	-1	-1	0
3376	3423	3378	1	-1	-1	-1	0
3423	3375	3381	1	-1	-1	-1	0
3378	3424	3377	1	-1	-1	-1	0
3411	3410	3359	1	-1	-1	-1	0
3412	3363	3410	8	-1	-1	-1	0
3427	3380	3379	0	-1	-1	-1	0
3384	3429	3381	1	-1	-1	-1	0
3383	3430	3382	1	-1	-1	-1	0
3431	3384	3382	1	-1	-1	-1	0
3396	3395	3406	0	-1	-1	-1	0
3368	3414	3417	1	-1	-1	-1	0
3404	3397	3398	0	-1	-1	-1	0
3368	3416	3415	1	-1	-1	-1	0
3432	3383	3385	1	-1	-1	-1	0
3413	3370	3418	1	-1	-1	-1	0
3417	3416	3368	1	-1	-1	-1	0
3408	3399	3394	0	-1	-1	-1	0
3370	3415	3418	1	-1	-1	-1	0
3373	3420	3411	1	-1	-1	-1	0
3385	3386	3434	1	-1	-1	-1	0
3419	3414	3372	1	-1	-1	-1	0
3374	3413	3422	1	-1	-1	-1	0
3436	3387	3389	0	-1	-1	-1	0
3392	3435	3386	1	-1	-1	-1	0
3373	3421	3420	1	-1	-1	-1	0
3390	3437	3389	0	-1	-1	-1	0
3380	3427	3409	0	-1	-1	-1	0
3387	3436	3393	0	-1	-1	-1	0
3374	3422	3421	1	-1	-1	-1	0
3391	3439	3390	0	-1	-1	-1	0
3419	3377	3424	1	-1	-1	-1	0
3423	3425	3378	1	-1	-1	-1	0
3378	3425	3424	1	-1	-1	-1	0
3441	3391	3396	0	-1	-1	-1	0
3443	3392	3393	0	-1	-1	-1	0
3427	3379	3426	0	-1	-1	-1	0
3428	3423	3381	1	-1	-1	-1	0
3428	3381	3429	1	-1	-1	-1	0
3431	3382	3430	1	-1	-1	-1	0
3446	3398	3400	0	-1	-1	-1	0
3430	3383	3432	1	-1	-1	-1	0
3433	3429	3384	1	-1	-1	-1	0
3396	3406	3445	0	-1	-1	-1	0
3399	3448	3400	0	-1	-1	-1	0
3384	3431	3433	1	-1	-1	-1	0
3404	3398	3447	0	-1	-1	-1	0
3414	3419	3417	1	-1	-1	-1	0
3432	3385	3434	1	-1	-1	-1	0
3402	3401	3450	0	-1	-1	-1	0
3401	3403	3450	0	-1	-1	-1	0
3448	3399	3408	0	-1	-1	-1	0
3386	3435	3434	1	-1	-1	-1	0
3402	3450	3405	0	-1	-1	-1	0
3452	3403	3404	0	-1	-1	-1	0
3389	3438	3436	0	-1	-1	-1	0
3389	3437	3438	0	-1	-1	-1	0
3455	3406	3405	0	-1	-1	-1	0
3440	3437	3390	0	-1	-1	-1	0
3439	3440	3390	0	-1	-1	-1	0
3435	3392	3442	1	-1	-1	-1	0
3456	3408	3407	0	-1	-1	-1	0
3441	3439	3391	0	-1	-1	-1	0
3444	3393	3436	0	-1	-1	-1	0
3407	3409	3457	0	-1	-1	-1	0
3443	3442	3392	0	-1	-1	-1	0
3412	3410	3458	8	-1	-1	0	0
3393	3444	3443	0	-1	-1	-1	0
3460	3410	3411	8	-1	-1	-1	0
3396	3445	3441	0	-1	-1	-1	0
3398	3446	3447	0	-1	-1	-1	0
3409	3427	3457	0	-1	-1	-1	0
3463	3411	3420	8	-1	-1	-1	0
3464	3413	3418	1	-1	-1	-1	0
3449	3446	3400	0	-1	-1	-1	0
3400	3448	3449	0	-1	-1	-1	0
3416	3465	3415	1	-1	-1	-1	0
3418	3415	3465	1	-1	-1	-1	0
3464	3422	3413	1	-1	-1	-1	0
3417	3467	3416	8	-1	-1	-1	0
3404	3447	3453	0	-1	-1	-1	0
3450	3403	3451	0	-1	-1	-1	0
3417	3419	3469	8	-1	-1	-1	0
3406	3455	3445	0	-1	-1	-1	0
3403	3452	3451	0	-1	-1	-1	0
3452	3404	3453	0	-1	-1	-1	0
3450	3454	3405	0	-1	-1	-1	0
3457	3427	3426	0	-1	-1	-1	0
3456	3448	3408	0	-1	-1	-1	0
3470	3419	3424	8	-1	-1	-1	0
3454	3455	3405	0	-1	-1	-1	0
3420	3421	3474	1	-1	-1	-1	0
3422	3475	3421	1	-1	-1	-1	0
3438	3444	3436	0	-1	-1	-1	0
3407	3457	3456	0	-1	-1	-1	0
3459	3458	3410	8	0	-1	-1	0
3460	3459	3410	8	0	-1	-1	0
3425	3423	3481	1	-1	-1	-1	0
3482	3424	3425	8	-1	-1	-1	0
3481	3423	3428	1	-1	-1	-1	0
3461	3460	3411	8	0	-1	-1	0
3462	3461	3411	8	0	-1	-1	0
3463	3462	3411	8	0	-1	-1	0
3428	3429	3486	1	-1	-1	-1	0
3465	3464	3418	1	-1	-1	-1	0
3466	3465	3416	8	-1	-1	-1	0
3466	3416	3467	8	-1	-1	-1	0
3488	3429	3433	1	-1	-1	-1	0
3431	3430	3489	1	-1	-1	-1	0
3489	3430	3432	1	-1	-1	-1	0
3417	3468	3467	8	-1	-1	-1	0
3463	3420	3471	8	-1	-1	0	0
3417	3469	3468	8	-1	-1	-1	0
3431	3491	3433	1	-1	-1	-1	0
3469	3419	3470	8	-1	-1	-1	0
3434	3492	3432	1	-1	-1	-1	0
3435	3494	3434	1	-1	-1	-1	0
3472	3471	3420	8	0	-1	-1	0
3464	3479	3422	1	-1	-1	-1	0
3473	3472	3420	8	0	-1	-1	0
3474	3473	3420	8	-1	-1	-1	0
3457	3426	3484	0	-1	-1	-1	0
3496	3438	3437	0	-1	-1	-1	0
3474	3421	3477	1	-1	-1	-1	0
3421	3475	3476	1	-1	-1	-1	0
3435	3442	3495	1	-1	-1	-1	0
3496	3437	3440	0	-1	-1	-1	0
3477	3421	3476	1	-1	-1	-1	0
3482	3470	3424	8	-1	-1	-1	0
3498	3440	3439	0	-1	-1	-1	0
3480	3475	3422	1	-1	-1	-1	0
3498	3439	3441	0	-1	-1	-1	0
3422	3479	3478	1	-1	-1	-1	0
3438	3497	3444	0	-1	-1	-1	0
3422	3478	3480	1	-1	-1	-1	0
3443	3501	3442	0	-1	-1	-1	0
3441	3445	3500	0	-1	-1	-1	0
3481	3483	3425	8	-1	-1	-1	0
3444	3502	3443	0	-1	-1	-1	0
3483	3482	3425	8	-1	-1	-1	0
3481	3428	3485	1	-1	-1	-1	0
3485	3428	3486	1	-1	-1	-1	0
3506	3447	3446	0	-1	-1	-1	0
3446	3449	3506	0	-1	-1	-1	0
3487	3486	3429	1	-1	-1	-1	0
3455	3504	3445	0	-1	-1	-1	0
3488	3487	3429	1	-1	-1	-1	0
3448	3508	3449	0	-1	-1	-1	0
3447	3507	3453	0	-1	-1	-1	0
3431	3489	3490	1	-1	-1	-1	0
3508	3448	3456	0	-1	-1	-1	0
3490	3491	3431	1	-1	-1	-1	0
3450	3451	3511	0	-1	-1	-1	0
3489	3432	3492	1	-1	-1	-1	0
3493	3488	3433	1	-1	-1	-1	0
3512	3451	3452	0	-1	-1	-1	0
3511	3454	3450	0	-1	-1	-1	0
3433	3491	3493	1	-1	-1	-1	0
3513	3452	3453	0	-1	-1	-1	0
3492	3434	3494	1	-1	-1	-1	0
3455	3454	3515	0	-1	-1	-1	0
3435	3495	3494	1	-1	-1	-1	0
3516	3456	3457	0	-1	-1	-1	0
3497	3438	3496	0	-1	-1	-1	0
3440	3499	3496	0	-1	-1	-1	0
3498	3499	3440	0	-1	-1	-1	0
3495	3442	3501	1	-1	-1	-1	0
3500	3498	3441	0	-1	-1	-1	0
3444	3497	3503	0	-1	-1	-1	0
3502	3501	3443	0	-1	-1	-1	0
3518	3464	3465	8	-1	-1	-1	0
3444	3503	3502	0	-1	-1	-1	0
3465	3466	3518	8	-1	-1	-1	0
3445	3505	3500	0	-1	-1	-1	0
3521	3466	3467	7	-1	-1	-1	1.8993367258368844e-015
3445	3504	3505	0	-1	-1	-1	0
3522	3467	3468	7	-1	-1	-1	1.8993367258368844e-015
3457	3484	3517	0	-1	-1	-1	0
3507	3447	3506	0	-1	-1	-1	0
3469	3523	3468	7	-1	-1	-1	1.8993367258368844e-015
3519	3479	3464	8	-1	-1	-1	0
3449	3509	3506	0	-1	-1	-1	0
3470	3525	3469	7	-1	-1	-1	1.8993367258368844e-015
3508	3510	3449	0	-1	-1	-1	0
3510	3509	3449	0	-1	-1	-1	0
3511	3451	3512	0	-1	-1	-1	0
3514	3453	3507	0	-1	-1	-1	0
3504	3455	3515	0	-1	-1	-1	0
3473	3474	3527	8	-1	-1	0	0
3494	3489	3492	1	-1	-1	-1	0
3513	3512	3452	0	-1	-1	-1	0
3526	3470	3482	7	-1	-1	-1	1.8993367258368844e-015
3514	3513	3453	0	-1	-1	-1	0
3511	3515	3454	0	-1	-1	-1	0
3529	3474	3477	8	-1	-1	-1	0
3456	3516	3508	0	-1	-1	-1	0
3475	3480	3530	1	-1	-1	-1	0
3530	3476	3475	1	-1	-1	-1	0
3477	3476	3533	1	-1	-1	-1	0
3457	3517	3516	0	-1	-1	-1	0
3538	3478	3479	8	-1	-1	-1	0
3478	3537	3480	1	-1	-1	-1	0
3519	3464	3518	8	-1	-1	-1	0
3518	3466	3520	7	-1	-1	-1	1.8993367258368844e-015
3521	3520	3466	7	-1	-1	-1	1.8993367258368844e-015
3483	3481	3543	8	-1	-1	-1	0
3544	3481	3485	8	-1	-1	-1	0
3482	3483	3545	8	-1	-1	-1	0
3522	3521	3467	7	-1	-1	-1	1.8993367258368844e-015
3468	3523	3522	7	-1	-1	-1	1.8993367258368844e-015
3469	3524	3523	7	-1	-1	-1	1.8993367258368844e-015
3524	3469	3525	7	-1	-1	-1	1.8993367258368844e-015
3525	3470	3526	7	-1	-1	-1	1.8993367258368844e-015
3486	3551	3485	1	-1	-1	-1	0
3487	3552	3486	1	-1	-1	-1	0
3488	3554	3487	1	-1	-1	-1	0
3528	3527	3474	8	0	-1	-1	0
3528	3474	3529	8	-1	-1	0	0
3508	3516	3510	0	-1	-1	-1	0
3556	3490	3489	1	-1	-1	-1	0
3555	3488	3493	1	-1	-1	-1	0
3479	3519	3539	8	-1	-1	-1	0
3530	3532	3476	1	-1	-1	-1	0
3531	3476	3532	1	-1	-1	-1	0
3490	3558	3491	1	-1	-1	-1	0
3476	3531	3533	1	-1	-1	-1	0
3494	3557	3489	1	-1	-1	-1	0
3529	3477	3535	8	-1	-1	0	0
3493	3491	3560	1	-1	-1	-1	0
3536	3477	3533	8	-1	-1	-1	0
3535	3477	3534	8	-1	-1	0	0
3494	3495	3557	1	-1	-1	-1	0
3534	3477	3536	8	-1	-1	0	0
3541	3530	3480	1	-1	-1	-1	0
3550	3517	3484	0	-1	-1	-1	0
3538	3537	3478	8	-1	-1	-1	0
3546	3526	3482	7	-1	-1	-1	1.8993367258368844e-015
3538	3479	3539	8	-1	-1	-1	0
3480	3537	3540	1	-1	-1	-1	0
3567	3497	3496	0	-1	-1	-1	0
3567	3496	3499	0	-1	-1	-1	0
3540	3542	3480	1	-1	-1	-1	0
3501	3566	3495	1	-1	-1	-1	0
3542	3541	3480	1	-1	-1	-1	0
3499	3498	3568	0	-1	-1	-1	0
3498	3500	3568	0	-1	-1	-1	0
3503	3497	3567	0	-1	-1	-1	0
3543	3481	3544	8	-1	-1	-1	0
3571	3501	3502	0	-1	-1	-1	0
3482	3545	3547	7	-1	-1	-1	1.8993367258368844e-015
3549	3483	3543	8	-1	-1	-1	0
3546	3482	3547	7	-1	-1	-1	1.8993367258368844e-015
3500	3505	3570	0	-1	-1	-1	0
3545	3483	3548	8	-1	-1	-1	0
3572	3502	3503	0	-1	-1	-1	0
3551	3544	3485	8	-1	-1	-1	0
3483	3549	3548	8	-1	-1	-1	0
3575	3505	3504	0	-1	-1	-1	0
3507	3506	3577	0	-1	-1	-1	0
3551	3486	3553	1	-1	-1	-1	0
3552	3553	3486	1	-1	-1	-1	0
3509	3577	3506	0	-1	-1	-1	0
3552	3487	3554	1	-1	-1	-1	0
3515	3575	3504	0	-1	-1	-1	0
3510	3578	3509	0	-1	-1	-1	0
3554	3488	3555	1	-1	-1	-1	0
3507	3577	3514	0	-1	-1	-1	0
3557	3556	3489	1	-1	-1	-1	0
3581	3511	3512	0	-1	-1	-1	0
3516	3579	3510	0	-1	-1	-1	0
3559	3490	3556	1	-1	-1	-1	0
3580	3515	3511	0	-1	-1	-1	0
3512	3513	3582	0	-1	-1	-1	0
3559	3558	3490	1	-1	-1	-1	0
3558	3561	3491	1	-1	-1	-1	0
3514	3584	3513	0	-1	-1	-1	0
3579	3516	3517	0	-1	-1	-1	0
3561	3560	3491	1	-1	-1	-1	0
3564	3555	3493	1	-1	-1	-1	0
3563	3493	3560	1	-1	-1	-1	0
3565	3557	3495	1	-1	-1	-1	0
3493	3563	3562	1	-1	-1	-1	0
3562	3564	3493	1	-1	-1	-1	0
3495	3566	3565	1	-1	-1	-1	0
3589	3519	3518	8	-1	-1	-1	0
3518	3520	3590	7	-1	-1	-1	1.8993367258368844e-015
3521	3593	3520	7	-1	-1	-1	1.8993367258368844e-015
3567	3499	3569	0	-1	-1	-1	0
3569	3499	3568	0	-1	-1	-1	0
3521	3522	3595	7	-1	-1	-1	1.8993367258368844e-015
3500	3570	3568	0	-1	-1	-1	0
3571	3566	3501	0	-1	-1	-1	0
3548	3547	3545	7	-1	-1	-1	1.8993367258368844e-015
3597	3522	3523	7	-1	-1	-1	1.8993367258368844e-015
3573	3503	3567	0	-1	-1	-1	0
3502	3572	3571	0	-1	-1	-1	0
3523	3524	3598	7	-1	-1	-1	1.8993367258368844e-015
3599	3524	3525	7	-1	-1	-1	1.8993367258368844e-015
3503	3574	3572	0	-1	-1	-1	0
3539	3519	3592	8	-1	-1	-1	0
3503	3573	3574	0	-1	-1	-1	0
3600	3525	3526	7	-1	-1	-1	1.8993367258368844e-015
3576	3570	3505	0	-1	-1	-1	0
3517	3550	3588	0	-1	-1	-1	0
3576	3505	3575	0	-1	-1	-1	0
3601	3532	3530	1	-1	-1	-1	0
3577	3509	3578	0	-1	-1	-1	0
3532	3602	3531	1	-1	-1	-1	0
3563	3560	3544	8	-1	-1	-1	0
3578	3510	3579	0	-1	-1	-1	0
3533	3531	3603	1	-1	-1	-1	0
3511	3581	3580	0	-1	-1	-1	0
3530	3541	3601	1	-1	-1	-1	0
3546	3600	3526	7	-1	-1	-1	1.8993367258368844e-015
3512	3583	3581	0	-1	-1	-1	0
3585	3514	3577	0	-1	-1	-1	0
3587	3575	3515	0	-1	-1	-1	0
3582	3583	3512	0	-1	-1	-1	0
3609	3536	3533	8	0	-1	-1	0
3584	3582	3513	0	-1	-1	-1	0
3580	3587	3515	0	-1	-1	-1	0
3517	3588	3579	0	-1	-1	-1	0
3584	3514	3586	0	-1	-1	-1	0
3586	3514	3585	0	-1	-1	-1	0
3538	3612	3537	8	-1	-1	-1	0
3612	3540	3537	8	-1	-1	-1	0
3613	3538	3539	8	-1	-1	-1	0
3612	3542	3540	8	-1	-1	-1	0
3589	3518	3590	7	-1	-1	-1	1.8993367258368844e-015
3591	3519	3589	8	-1	-1	-1	0
3617	3541	3542	1	-1	-1	-1	0
3519	3591	3592	8	-1	-1	-1	0
3590	3520	3594	7	-1	-1	-1	1.8993367258368844e-015
3543	3544	3620	8	-1	-1	-1	0
3520	3593	3594	7	-1	-1	-1	1.8993367258368844e-015
3521	3595	3593	7	-1	-1	-1	1.8993367258368844e-015
3619	3549	3543	8	-1	-1	-1	0
3595	3522	3596	7	-1	-1	-1	1.8993367258368844e-015
3596	3522	3597	7	-1	-1	-1	1.8993367258368844e-015
3622	3544	3551	8	-1	-1	-1	0
3597	3523	3598	7	-1	-1	-1	1.8993367258368844e-015
3625	3546	3547	7	-1	-1	-1	1.8993367258368844e-015
3599	3598	3524	7	-1	-1	-1	1.8993367258368844e-015
3627	3547	3548	7	-1	-1	-1	1.8993367258368844e-015
3525	3600	3599	7	-1	-1	-1	1.8993367258368844e-015
3620	3544	3560	8	-1	-1	-1	0
3548	3549	3628	8	-1	-1	-1	0
3551	3553	3622	8	-1	-1	-1	0
3563	3544	3622	8	-1	-1	-1	0
3632	3553	3552	1	-1	-1	-1	0
3602	3605	3531	1	-1	-1	-1	0
3632	3552	3554	1	-1	-1	-1	0
3603	3531	3604	1	-1	-1	-1	0
3604	3531	3605	1	-1	-1	-1	0
3608	3532	3601	1	-1	-1	-1	0
3560	3561	3620	8	-1	-1	-1	0
3607	3602	3532	1	-1	-1	-1	0
3554	3555	3634	1	-1	-1	-1	0
3605	3602	3538	8	-1	-1	-1	0
3592	3614	3539	8	-1	-1	-1	0
3532	3606	3607	1	-1	-1	-1	0
3532	3608	3606	1	-1	-1	-1	0
3562	3563	3622	8	-1	-1	-1	0
3538	3602	3607	8	-1	-1	-1	0
3603	3611	3533	8	-1	-1	-1	0
3622	3564	3562	8	-1	-1	-1	0
3637	3556	3557	1	-1	-1	-1	0
3636	3559	3556	1	-1	-1	-1	0
3610	3609	3533	8	0	-1	-1	0
3610	3533	3611	8	-1	-1	0	0
3635	3555	3564	1	-1	-1	-1	0
3605	3538	3613	8	-1	-1	-1	0
3639	3558	3559	1	-1	-1	-1	0
3612	3538	3607	8	-1	-1	-1	0
3616	3601	3541	1	-1	-1	-1	0
3558	3640	3561	1	-1	-1	-1	0
3557	3565	3638	1	-1	-1	-1	0
3539	3615	3613	8	-1	-1	-1	0
3612	3608	3542	8	-1	-1	-1	0
3608	3618	3542	8	-1	-1	-1	0
3615	3539	3614	8	-1	-1	-1	0
3588	3550	3631	0	-1	-1	-1	0
3623	3600	3546	7	-1	-1	-1	1.8993367258368844e-015
3590	3591	3589	7	-1	-1	-1	1.8993367258368844e-015
3616	3541	3617	1	-1	-1	-1	0
3566	3644	3565	1	-1	-1	-1	0
3542	3618	3617	8	-1	-1	-1	0
3645	3566	3571	0	-1	-1	-1	0
3569	3646	3567	0	-1	-1	-1	0
3621	3619	3543	8	-1	-1	-1	0
3621	3543	3620	8	-1	-1	-1	0
3568	3648	3569	0	-1	-1	-1	0
3648	3568	3570	0	-1	-1	-1	0
3567	3647	3573	0	-1	-1	-1	0
3623	3546	3624	7	-1	-1	-1	1.8993367258368844e-015
3572	3650	3571	0	-1	-1	-1	0
3648	3570	3576	0	-1	-1	-1	0
3546	3625	3624	7	-1	-1	-1	1.8993367258368844e-015
3572	3574	3650	0	-1	-1	-1	0
3629	3549	3619	8	-1	-1	-1	0
3626	3625	3547	7	-1	-1	-1	1.8993367258368844e-015
3651	3574	3573	0	-1	-1	-1	0
3626	3547	3627	7	-1	-1	-1	1.8993367258368844e-015
3548	3628	3627	7	-1	-1	-1	1.8993367258368844e-015
3575	3652	3576	0	-1	-1	-1	0
3628	3549	3630	8	-1	-1	-1	0
3633	3622	3553	8	-1	-1	-1	0
3549	3629	3630	8	-1	-1	-1	0
3577	3578	3654	0	-1	-1	-1	0
3579	3654	3578	0	-1	-1	-1	0
3652	3575	3587	0	-1	-1	-1	0
3577	3654	3585	0	-1	-1	-1	0
3580	3581	3656	0	-1	-1	-1	0
3553	3632	3633	8	-1	-1	-1	0
3633	3564	3622	8	-1	-1	-1	0
3656	3581	3583	0	-1	-1	-1	0
3634	3632	3554	1	-1	-1	-1	0
3655	3579	3588	0	-1	-1	-1	0
3657	3582	3584	0	-1	-1	-1	0
3587	3580	3656	0	-1	-1	-1	0
3582	3658	3583	0	-1	-1	-1	0
3620	3561	3642	8	-1	-1	-1	0
3635	3634	3555	1	-1	-1	-1	0
3607	3606	3612	8	-1	-1	-1	0
3608	3612	3606	8	-1	-1	-1	0
3618	3608	3601	1	-1	-1	-1	0
3584	3586	3657	0	-1	-1	-1	0
3636	3556	3637	1	-1	-1	-1	0
3638	3637	3557	1	-1	-1	-1	0
3586	3585	3661	0	-1	-1	-1	0
3635	3564	3633	8	-1	-1	-1	0
3616	3618	3601	1	-1	-1	-1	0
3559	3636	3641	1	-1	-1	-1	0
3639	3640	3558	1	-1	-1	-1	0
3641	3639	3559	1	-1	-1	-1	0
3561	3640	3643	8	-1	-1	-1	0
3642	3561	3643	8	-1	-1	-1	0
3565	3644	3638	1	-1	-1	-1	0
3591	3590	3668	7	-1	-1	-1	1.8993367258368844e-015
3594	3667	3590	7	-1	-1	-1	1.8993367258368844e-015
3617	3618	3616	8	-1	-1	-1	0
3592	3591	3669	8	-1	-1	-1	0
3566	3645	3644	0	-1	-1	-1	0
3593	3672	3594	7	-1	-1	-1	1.8993367258368844e-015
3647	3567	3646	0	-1	-1	-1	0
3595	3672	3593	7	-1	-1	-1	1.8993367258368844e-015
3649	3646	3569	0	-1	-1	-1	0
3595	3596	3675	7	-1	-1	-1	1.8993367258368844e-015
3569	3648	3649	0	-1	-1	-1	0
3571	3650	3645	0	-1	-1	-1	0
3676	3596	3597	7	-1	-1	-1	1.8993367258368844e-015
3651	3573	3647	0	-1	-1	-1	0
3597	3598	3677	7	-1	-1	-1	1.8993367258368844e-015
3677	3598	3599	7	-1	-1	-1	1.8993367258368844e-015
3655	3588	3631	0	-1	-1	-1	0
3651	3650	3574	0	-1	-1	-1	0
3670	3614	3592	8	-1	-1	-1	0
3576	3653	3648	0	-1	-1	-1	0
3600	3678	3599	7	-1	-1	-1	1.8993367258368844e-015
3652	3653	3576	0	-1	-1	-1	0
3620	3642	3621	8	-1	-1	-1	0
3627	3628	3630	7	-1	-1	-1	1.8993367258368844e-015
3579	3655	3654	0	-1	-1	-1	0
3625	3640	3624	8	-1	-1	-1	0
3683	3603	3604	1	-1	-1	-1	0
3605	3684	3604	1	-1	-1	-1	0
3626	3643	3625	8	-1	-1	-1	0
3611	3603	3681	8	-1	-1	0	0
3582	3657	3658	0	-1	-1	-1	0
3659	3656	3583	0	-1	-1	-1	0
3660	3585	3654	0	-1	-1	-1	0
3635	3633	3632	8	-1	-1	-1	0
3583	3658	3659	0	-1	-1	-1	0
3634	3635	3632	8	-1	-1	-1	0
3623	3679	3600	7	-1	-1	-1	1.8993367258368844e-015
3587	3664	3652	0	-1	-1	-1	0
3613	3687	3605	8	-1	-1	-1	0
3586	3662	3657	0	-1	-1	-1	0
3587	3656	3663	0	-1	-1	-1	0
3585	3660	3661	0	-1	-1	-1	0
3640	3625	3643	8	-1	-1	-1	0
3662	3586	3661	0	-1	-1	-1	0
3664	3587	3663	0	-1	-1	-1	0
3615	3688	3613	8	-1	-1	-1	0
3690	3615	3614	8	-1	-1	-1	0
3665	3666	3590	7	-1	-1	-1	1.8993367258368844e-015
3590	3667	3665	7	-1	-1	-1	1.8993367258368844e-015
3590	3666	3668	7	-1	-1	-1	1.8993367258368844e-015
3669	3591	3668	7	-1	-1	-1	1.8993367258368844e-015
3621	3692	3619	8	-1	-1	-1	0
3592	3669	3671	8	-1	-1	-1	0
3671	3670	3592	8	-1	-1	-1	0
3667	3594	3674	7	-1	-1	-1	1.8993367258368844e-015
3594	3672	3673	7	-1	-1	-1	1.8993367258368844e-015
3629	3619	3692	8	-1	-1	-1	0
3674	3594	3673	7	-1	-1	-1	1.8993367258368844e-015
3675	3672	3595	7	-1	-1	-1	1.8993367258368844e-015
3623	3624	3695	7	-1	-1	-1	1.8993367258368844e-015
3676	3675	3596	7	-1	-1	-1	1.8993367258368844e-015
3677	3676	3597	7	-1	-1	-1	1.8993367258368844e-015
3698	3626	3627	7	-1	-1	-1	1.8993367258368844e-015
3599	3678	3677	7	-1	-1	-1	1.8993367258368844e-015
3621	3642	3693	8	-1	-1	-1	0
3700	3627	3630	7	-1	-1	-1	1.8993367258368844e-015
3678	3600	3680	7	-1	-1	-1	1.8993367258368844e-015
3600	3679	3680	7	-1	-1	-1	1.8993367258368844e-015
3697	3624	3640	8	-1	-1	-1	0
3702	3630	3629	8	-1	-1	-1	0
3681	3603	3682	8	-1	-1	0	0
3682	3603	3683	8	-1	-1	-1	0
3699	3643	3626	8	-1	-1	-1	0
3660	3654	3655	0	-1	-1	-1	0
3683	3604	3685	1	-1	-1	-1	0
3686	3604	3684	1	-1	-1	-1	0
3614	3670	3690	8	-1	-1	-1	0
3686	3685	3604	1	-1	-1	-1	0
3687	3684	3605	8	-1	-1	-1	0
3640	3639	3697	1	-1	-1	-1	0
3637	3705	3636	1	-1	-1	-1	0
3704	3641	3636	1	-1	-1	-1	0
3706	3637	3638	1	-1	-1	-1	0
3642	3643	3699	8	-1	-1	-1	0
3639	3641	3707	1	-1	-1	-1	0
3638	3644	3706	1	-1	-1	-1	0
3613	3689	3687	8	-1	-1	-1	0
3703	3655	3631	0	-1	-1	-1	0
3688	3689	3613	8	-1	-1	-1	0
3615	3691	3688	8	-1	-1	-1	0
3691	3615	3690	8	-1	-1	-1	0
3645	3708	3644	0	-1	-1	-1	0
3623	3696	3679	7	-1	-1	-1	1.8993367258368844e-015
3647	3646	3710	0	-1	-1	-1	0
3645	3650	3709	0	-1	-1	-1	0
3646	3649	3710	0	-1	-1	-1	0
3621	3694	3692	8	-1	-1	-1	0
3694	3621	3693	8	-1	-1	-1	0
3668	3671	3669	7	-1	-1	-1	1.8993367258368844e-015
3650	3651	3709	0	-1	-1	-1	0
3715	3649	3648	0	-1	-1	-1	0
3651	3647	3714	0	-1	-1	-1	0
3696	3623	3695	7	-1	-1	-1	1.8993367258368844e-015
3715	3648	3653	0	-1	-1	-1	0
3697	3695	3624	8	-1	-1	-1	0
3665	3667	3684	8	-1	-1	-1	0
3665	3687	3666	8	-1	-1	-1	0
3629	3692	3702	8	-1	-1	-1	0
3698	3699	3626	8	-1	-1	-1	0
3653	3652	3718	0	-1	-1	-1	0
3627	3701	3698	7	-1	-1	-1	1.8993367258368844e-015
3627	3700	3701	7	-1	-1	-1	1.8993367258368844e-015
3700	3630	3702	7	-1	-1	-1	1.8993367258368844e-015
3652	3664	3718	0	-1	-1	-1	0
3693	3642	3699	8	-1	-1	-1	0
3655	3721	3660	0	-1	-1	-1	0
3665	3684	3687	8	-1	-1	-1	0
3656	3659	3722	0	-1	-1	-1	0
3658	3657	3724	0	-1	-1	-1	0
3656	3723	3663	0	-1	-1	-1	0
3687	3689	3666	8	-1	-1	-1	0
3725	3659	3658	0	-1	-1	-1	0
3724	3657	3662	0	-1	-1	-1	0
3707	3697	3639	1	-1	-1	-1	0
3636	3705	3704	1	-1	-1	-1	0
3660	3726	3661	0	-1	-1	-1	0
3706	3705	3637	1	-1	-1	-1	0
3661	3727	3662	0	-1	-1	-1	0
3663	3723	3664	0	-1	-1	-1	0
3641	3704	3707	1	-1	-1	-1	0
3644	3708	3706	1	-1	-1	-1	0
3708	3645	3709	0	-1	-1	-1	0
3666	3732	3668	7	-1	-1	-1	1.8993367258368844e-015
3710	3713	3647	0	-1	-1	-1	0
3711	3712	3647	0	-1	-1	-1	0
3647	3713	3711	0	-1	-1	-1	0
3714	3647	3712	0	-1	-1	-1	0
3668	3736	3671	7	-1	-1	-1	1.8993367258368844e-015
3649	3716	3710	0	-1	-1	-1	0
3734	3667	3674	7	-1	-1	-1	1.8993367258368844e-015
3709	3651	3717	0	-1	-1	-1	0
3721	3655	3703	0	-1	-1	-1	0
3671	3738	3670	8	-1	-1	-1	0
3649	3715	3716	0	-1	-1	-1	0
3714	3717	3651	0	-1	-1	-1	0
3673	3672	3739	7	-1	-1	-1	1.8993367258368844e-015
3684	3667	3735	8	-1	-1	-1	0
3653	3719	3715	0	-1	-1	-1	0
3666	3689	3732	8	-1	-1	-1	0
3672	3675	3740	7	-1	-1	-1	1.8993367258368844e-015
3741	3674	3673	7	-1	-1	-1	1.8993367258368844e-015
3653	3718	3720	0	-1	-1	-1	0
3720	3719	3653	0	-1	-1	-1	0
3675	3676	3745	7	-1	-1	-1	1.8993367258368844e-015
3701	3699	3698	8	-1	-1	-1	0
3690	3670	3738	8	-1	-1	-1	0
3746	3676	3677	7	-1	-1	-1	1.8993367258368844e-015
3723	3656	3722	0	-1	-1	-1	0
3678	3748	3677	7	-1	-1	-1	1.8993367258368844e-015
3735	3686	3684	1	-1	-1	-1	0
3748	3678	3680	7	-1	-1	-1	1.8993367258368844e-015
3725	3722	3659	0	-1	-1	-1	0
3724	3725	3658	0	-1	-1	-1	0
3660	3721	3726	0	-1	-1	-1	0
3679	3749	3680	7	-1	-1	-1	1.8993367258368844e-015
3664	3730	3718	0	-1	-1	-1	0
3727	3661	3726	0	-1	-1	-1	0
3724	3662	3728	0	-1	-1	-1	0
3682	3683	3750	8	-1	-1	0	0
3729	3664	3723	0	-1	-1	-1	0
3727	3728	3662	0	-1	-1	-1	0
3685	3751	3683	8	-1	-1	-1	0
3729	3731	3664	0	-1	-1	-1	0
3696	3749	3679	7	-1	-1	-1	1.8993367258368844e-015
3685	3686	3754	1	-1	-1	-1	0
3664	3731	3730	0	-1	-1	-1	0
3734	3733	3667	8	-1	-1	-1	0
3735	3667	3733	8	-1	-1	-1	0
3688	3759	3689	8	-1	-1	-1	0
3668	3732	3737	7	-1	-1	-1	1.8993367258368844e-015
3688	3691	3759	8	-1	-1	-1	0
3713	3710	3716	0	-1	-1	-1	0
3668	3737	3736	7	-1	-1	-1	1.8993367258368844e-015
3760	3691	3690	8	-1	-1	-1	0
3671	3736	3738	7	-1	-1	-1	1.8993367258368844e-015
3692	3694	3762	8	-1	-1	-1	0
3763	3694	3693	8	-1	-1	-1	0
3715	3719	3716	0	-1	-1	-1	0
3739	3672	3740	7	-1	-1	-1	1.8993367258368844e-015
3674	3743	3734	7	-1	-1	-1	1.8993367258368844e-015
3741	3673	3739	7	-1	-1	-1	1.8993367258368844e-015
3763	3693	3699	8	-1	-1	-1	0
3762	3702	3692	8	-1	-1	-1	0
3765	3696	3695	7	-1	-1	-1	1.8993367258368844e-015
3695	3697	3765	8	-1	-1	-1	0
3742	3674	3741	7	-1	-1	-1	1.8993367258368844e-015
3732	3689	3737	8	-1	-1	-1	0
3742	3744	3674	7	-1	-1	-1	1.8993367258368844e-015
3740	3675	3745	7	-1	-1	-1	1.8993367258368844e-015
3744	3743	3674	7	-1	-1	-1	1.8993367258368844e-015
3763	3699	3701	8	-1	-1	-1	0
3764	3701	3700	7	-1	-1	-1	1.8993367258368844e-015
3700	3702	3764	7	-1	-1	-1	1.8993367258368844e-015
3720	3718	3730	0	-1	-1	-1	0
3676	3747	3745	7	-1	-1	-1	1.8993367258368844e-015
3676	3746	3747	7	-1	-1	-1	1.8993367258368844e-015
3748	3746	3677	7	-1	-1	-1	1.8993367258368844e-015
3767	3697	3707	1	-1	-1	-1	0
3749	3748	3680	7	-1	-1	-1	1.8993367258368844e-015
3756	3686	3735	1	-1	-1	-1	0
3705	3771	3704	1	-1	-1	-1	0
3707	3704	3770	1	-1	-1	-1	0
3706	3772	3705	1	-1	-1	-1	0
3750	3683	3751	8	-1	-1	0	0
3689	3759	3737	8	-1	-1	-1	0
3773	3706	3708	1	-1	-1	-1	0
3760	3690	3738	8	-1	-1	-1	0
3751	3685	3752	8	-1	-1	0	0
3752	3685	3753	8	-1	-1	0	0
3753	3685	3754	8	-1	-1	-1	0
3708	3709	3775	0	-1	-1	-1	0
3703	3769	3721	0	-1	-1	-1	0
3756	3755	3686	1	-1	-1	-1	0
3757	3754	3686	1	-1	-1	-1	0
3758	3686	3755	1	-1	-1	-1	0
3776	3712	3711	0	-1	-1	-1	0
3717	3775	3709	0	-1	-1	-1	0
3758	3757	3686	1	-1	-1	-1	0
3777	3711	3713	0	-1	-1	-1	0
3712	3778	3714	0	-1	-1	-1	0
3713	3716	3779	0	-1	-1	-1	0
3761	3759	3691	8	-1	-1	-1	0
3780	3717	3714	0	-1	-1	-1	0
3749	3696	3766	7	-1	-1	-1	1.8993367258368844e-015
3691	3760	3761	8	-1	-1	-1	0
3779	3716	3719	0	-1	-1	-1	0
3726	3721	3769	0	-1	-1	-1	0
3764	3762	3694	8	-1	-1	-1	0
3719	3720	3782	0	-1	-1	-1	0
3763	3764	3694	8	-1	-1	-1	0
3766	3696	3765	7	-1	-1	-1	1.8993367258368844e-015
3701	3764	3763	8	-1	-1	-1	0
3785	3723	3722	0	-1	-1	-1	0
3764	3702	3762	7	-1	-1	-1	1.8993367258368844e-015
3768	3765	3697	8	-1	-1	-1	0
3725	3784	3722	0	-1	-1	-1	0
3783	3720	3730	0	-1	-1	-1	0
3768	3697	3767	1	-1	-1	-1	0
3737	3761	3736	7	-1	-1	-1	1.8993367258368844e-015
3736	3761	3738	7	-1	-1	-1	1.8993367258368844e-015
3724	3787	3725	0	-1	-1	-1	0
3786	3729	3723	0	-1	-1	-1	0
3728	3787	3724	0	-1	-1	-1	0
3726	3791	3727	0	-1	-1	-1	0
3704	3771	3770	1	-1	-1	-1	0
3731	3729	3786	0	-1	-1	-1	0
3727	3792	3728	0	-1	-1	-1	0
3767	3707	3774	1	-1	-1	-1	0
3772	3771	3705	1	-1	-1	-1	0
3773	3772	3706	1	-1	-1	-1	0
3770	3774	3707	1	-1	-1	-1	0
3730	3731	3794	0	-1	-1	-1	0
3773	3708	3775	0	-1	-1	-1	0
3761	3737	3759	8	-1	-1	-1	0
3761	3760	3738	7	-1	-1	-1	1.8993367258368844e-015
3777	3776	3711	0	-1	-1	-1	0
3735	3733	3797	8	-1	-1	-1	0
3798	3733	3734	8	-1	-1	-1	0
3776	3778	3712	0	-1	-1	-1	0
3779	3777	3713	0	-1	-1	-1	0
3778	3780	3714	0	-1	-1	-1	0
3775	3717	3781	0	-1	-1	-1	0
3799	3734	3743	8	-1	-1	-1	0
3717	3780	3781	0	-1	-1	-1	0
3779	3719	3782	0	-1	-1	-1	0
3803	3739	3740	8	-1	-1	-1	0
3739	3802	3741	8	-1	-1	-1	0
3726	3769	3790	0	-1	-1	-1	0
3783	3782	3720	0	-1	-1	-1	0
3806	3742	3741	8	-1	-1	-1	0
3745	3805	3740	8	-1	-1	-1	0
3785	3722	3784	0	-1	-1	-1	0
3735	3800	3756	1	-1	-1	-1	0
3742	3807	3744	7	-1	-1	-1	1.8993367258368844e-015
3786	3723	3785	0	-1	-1	-1	0
3809	3743	3744	7	-1	-1	-1	1.8993367258368844e-015
3784	3725	3788	0	-1	-1	-1	0
3725	3787	3789	0	-1	-1	-1	0
3725	3789	3788	0	-1	-1	-1	0
3728	3789	3787	0	-1	-1	-1	0
3790	3791	3726	0	-1	-1	-1	0
3730	3794	3783	0	-1	-1	-1	0
3747	3815	3745	8	-1	-1	-1	0
3768	3767	3774	1	-1	-1	-1	0
3816	3747	3746	7	-1	-1	-1	1.8993367258368844e-015
3793	3789	3728	0	-1	-1	-1	0
3792	3727	3791	0	-1	-1	-1	0
3816	3746	3748	7	-1	-1	-1	1.8993367258368844e-015
3731	3786	3795	0	-1	-1	-1	0
3792	3793	3728	0	-1	-1	-1	0
3819	3748	3749	7	-1	-1	-1	1.8993367258368844e-015
3731	3796	3794	0	-1	-1	-1	0
3731	3795	3796	0	-1	-1	-1	0
3821	3753	3754	8	0	-1	-1	0
3798	3797	3733	8	-1	-1	-1	0
3734	3799	3798	8	-1	-1	-1	0
3797	3800	3735	1	-1	-1	-1	0
3757	3822	3754	8	-1	-1	-1	0
3824	3755	3756	8	-1	-1	-1	0
3820	3749	3766	7	-1	-1	-1	1.8993367258368844e-015
3823	3758	3755	1	-1	-1	-1	0
3802	3739	3801	8	-1	-1	4	0
3803	3801	3739	8	4	-1	-1	0
3828	3757	3758	1	-1	-1	-1	0
3803	3740	3804	8	-1	-1	4	0
3806	3741	3802	8	-1	-1	4	0
3740	3805	3804	8	-1	4	-1	0
3810	3799	3743	8	-1	-1	-1	0
3742	3806	3808	8	-1	-1	-1	0
3808	3807	3742	8	-1	-1	-1	0
3810	3743	3809	8	-1	-1	-1	0
3812	3744	3807	7	-1	-1	-1	1.8993367258368844e-015
3805	3745	3814	8	-1	-1	4	0
3833	3766	3765	7	-1	-1	-1	1.8993367258368844e-015
3744	3813	3809	7	-1	-1	-1	1.8993367258368844e-015
3765	3768	3833	8	-1	-1	-1	0
3811	3744	3812	7	-1	-1	-1	1.8993367258368844e-015
3744	3811	3813	7	-1	-1	-1	1.8993367258368844e-015
3815	3814	3745	8	4	-1	-1	0
3768	3774	3836	1	-1	-1	-1	0
3815	3747	3817	8	-1	-1	4	0
3771	3838	3770	1	-1	-1	-1	0
3747	3816	3818	8	-1	-1	-1	0
3747	3818	3817	8	-1	4	-1	0
3839	3771	3772	1	-1	-1	-1	0
3826	3756	3800	8	-1	-1	-1	0
3838	3774	3770	1	-1	-1	-1	0
3819	3816	3748	7	-1	-1	-1	1.8993367258368844e-015
3839	3772	3773	1	-1	-1	-1	0
3819	3749	3820	7	-1	-1	-1	1.8993367258368844e-015
3841	3773	3775	0	-1	-1	-1	0
3775	3781	3841	0	-1	-1	-1	0
3754	3822	3821	8	-1	0	-1	0
3778	3776	3843	0	-1	-1	-1	0
3844	3776	3777	0	-1	-1	-1	0
3843	3780	3778	0	-1	-1	-1	0
3755	3824	3823	8	-1	-1	-1	0
3847	3777	3779	0	-1	-1	-1	0
3756	3825	3824	8	-1	-1	-1	0
3827	3822	3757	8	0	-1	-1	0
3756	3826	3825	8	-1	-1	-1	0
3782	3847	3779	0	-1	-1	-1	0
3780	3849	3781	0	-1	-1	-1	0
3823	3830	3758	1	-1	-1	-1	0
3757	3829	3827	8	-1	0	-1	0
3829	3757	3828	8	-1	-1	-1	0
3782	3783	3851	0	-1	-1	-1	0
3758	3832	3828	1	-1	-1	-1	0
3830	3831	3758	1	-1	-1	-1	0
3820	3766	3834	7	-1	-1	-1	1.8993367258368844e-015
3784	3852	3785	0	-1	-1	-1	0
3758	3831	3832	1	-1	-1	-1	0
3785	3853	3786	0	-1	-1	-1	0
3784	3788	3852	0	-1	-1	-1	0
3808	3812	3807	8	-1	-1	-1	0
3794	3851	3783	0	-1	-1	-1	0
3855	3788	3789	0	-1	-1	-1	0
3813	3810	3809	8	-1	-1	-1	0
3833	3834	3766	7	-1	-1	-1	1.8993367258368844e-015
3853	3795	3786	0	-1	-1	-1	0
3856	3789	3793	0	-1	-1	-1	0
3791	3790	3857	0	-1	-1	-1	0
3833	3768	3837	8	-1	-1	-1	0
3836	3835	3768	1	-1	-1	-1	0
3768	3835	3837	8	-1	-1	-1	0
3796	3851	3794	0	-1	-1	-1	0
3792	3791	3857	0	-1	-1	-1	0
3792	3859	3793	0	-1	-1	-1	0
3838	3836	3774	1	-1	-1	-1	0
3771	3840	3838	1	-1	-1	-1	0
3840	3771	3839	1	-1	-1	-1	0
3795	3861	3796	0	-1	-1	-1	0
3842	3839	3773	1	-1	-1	-1	0
3842	3773	3841	0	-1	-1	-1	0
3797	3798	3865	8	-1	-1	-1	0
3843	3776	3844	0	-1	-1	-1	0
3866	3800	3797	1	-1	-1	-1	0
3798	3799	3868	8	-1	-1	-1	0
3777	3845	3844	0	-1	-1	-1	0
3845	3777	3846	0	-1	-1	-1	0
3777	3847	3846	0	-1	-1	-1	0
3843	3848	3780	0	-1	-1	-1	0
3841	3781	3849	0	-1	-1	-1	0
3849	3780	3848	0	-1	-1	-1	0
3782	3850	3847	0	-1	-1	-1	0
3810	3871	3799	8	-1	-1	-1	0
3782	3851	3850	0	-1	-1	-1	0
3806	3874	3808	8	-1	-1	-1	0
3828	3832	3829	8	-1	-1	-1	0
3853	3785	3852	0	-1	-1	-1	0
3800	3866	3826	8	-1	-1	-1	0
3788	3854	3852	0	-1	-1	-1	0
3808	3875	3812	8	-1	-1	-1	0
3855	3854	3788	0	-1	-1	-1	0
3813	3877	3810	8	-1	-1	-1	0
3789	3856	3855	0	-1	-1	-1	0
3811	3880	3813	7	-1	-1	-1	1.8993367258368844e-015
3812	3881	3811	7	-1	-1	-1	1.8993367258368844e-015
3792	3857	3858	0	-1	-1	-1	0
3793	3860	3856	0	-1	-1	-1	0
3859	3792	3858	0	-1	-1	-1	0
3853	3862	3795	0	-1	-1	-1	0
3851	3796	3863	0	-1	-1	-1	0
3859	3860	3793	0	-1	-1	-1	0
3883	3818	3816	8	4	-1	-1	0
3862	3861	3795	0	-1	-1	-1	0
3884	3816	3819	8	-1	-1	-1	0
3861	3864	3796	0	-1	-1	-1	0
3840	3839	3842	1	-1	-1	-1	0
3796	3864	3863	0	-1	-1	-1	0
3819	3820	3886	8	-1	-1	-1	0
3865	3866	3797	1	-1	-1	-1	0
3798	3869	3865	8	-1	-1	-1	0
3798	3868	3867	8	-1	-1	-1	0
3867	3869	3798	8	-1	-1	-1	0
3824	3889	3823	8	-1	-1	-1	0
3868	3799	3872	8	-1	-1	-1	0
3825	3890	3824	8	4	-1	-1	0
3871	3870	3799	8	-1	-1	-1	0
3872	3799	3870	8	-1	-1	-1	0
3888	3820	3834	8	-1	-1	-1	0
3830	3823	3889	8	-1	-1	-1	0
3826	3892	3825	8	-1	4	-1	0
3874	3806	3873	8	-1	4	-1	0
3829	3832	3895	8	-1	-1	0	0
3830	3896	3831	1	-1	-1	-1	0
3876	3808	3874	8	-1	-1	-1	0
3875	3808	3876	8	-1	-1	-1	0
3879	3871	3810	8	-1	-1	-1	0
3832	3831	3897	1	-1	-1	-1	0
3810	3877	3878	8	-1	-1	-1	0
3878	3879	3810	8	-1	-1	-1	0
3834	3833	3900	7	-1	-1	-1	1.8993367258368844e-015
3881	3812	3875	8	-1	-1	-1	0
3813	3880	3877	8	-1	-1	-1	0
3837	3900	3833	8	-1	-1	-1	0
3811	3881	3880	7	-1	-1	-1	1.8993367258368844e-015
3836	3903	3835	1	-1	-1	-1	0
3835	3904	3837	8	-1	-1	-1	0
3905	3836	3838	1	-1	-1	-1	0
3883	3816	3882	8	-1	-1	4	0
3884	3882	3816	8	4	-1	-1	0
3840	3907	3838	1	-1	-1	-1	0
3866	3894	3826	8	-1	-1	-1	0
3884	3819	3885	8	-1	-1	4	0
3893	3826	3870	8	-1	-1	-1	0
3842	3908	3840	1	-1	-1	-1	0
3819	3886	3885	8	-1	4	-1	0
3894	3870	3826	8	-1	-1	-1	0
3842	3841	3909	0	-1	-1	-1	0
3886	3820	3887	8	-1	-1	4	0
3888	3887	3820	8	4	-1	-1	0
3844	3911	3843	0	-1	-1	-1	0
3849	3909	3841	0	-1	-1	-1	0
3912	3844	3845	0	-1	-1	-1	0
3848	3843	3911	0	-1	-1	-1	0
3891	3889	3824	8	-1	-1	-1	0
3890	3891	3824	8	-1	-1	-1	0
3914	3845	3846	0	-1	-1	-1	0
3846	3847	3915	0	-1	-1	-1	0
3826	3893	3892	8	-1	4	-1	0
3850	3915	3847	0	-1	-1	-1	0
3849	3848	3916	0	-1	-1	-1	0
3830	3889	3896	8	-1	-1	-1	0
3850	3851	3920	0	-1	-1	-1	0
3834	3901	3888	8	-1	-1	-1	0
3873	3871	3879	8	-1	-1	-1	0
3831	3896	3898	1	-1	-1	-1	0
3832	3899	3895	8	-1	-1	-1	0
3873	3879	3874	8	-1	-1	-1	0
3921	3853	3852	0	-1	-1	-1	0
3898	3897	3831	1	-1	-1	-1	0
3852	3854	3921	0	-1	-1	-1	0
3899	3832	3897	8	-1	-1	-1	0
3855	3922	3854	0	-1	-1	-1	0
3856	3923	3855	0	-1	-1	-1	0
3871	3893	3870	8	-1	-1	-1	0
3863	3920	3851	0	-1	-1	-1	0
3901	3834	3900	7	-1	-1	-1	1.8993367258368844e-015
3862	3853	3921	0	-1	-1	-1	0
3872	3870	3894	8	-1	-1	-1	0
3923	3856	3860	0	-1	-1	-1	0
3903	3902	3835	1	-1	-1	-1	0
3893	3871	3873	8	-1	-1	4	0
3902	3904	3835	8	-1	-1	-1	0
3858	3924	3859	0	-1	-1	-1	0
3860	3859	3924	0	-1	-1	-1	0
3837	3906	3900	8	-1	-1	-1	0
3836	3905	3903	1	-1	-1	-1	0
3904	3906	3837	8	-1	-1	-1	0
3838	3907	3905	1	-1	-1	-1	0
3928	3861	3862	0	-1	-1	-1	0
3861	3927	3864	0	-1	-1	-1	0
3908	3907	3840	1	-1	-1	-1	0
3864	3931	3863	0	-1	-1	-1	0
3908	3842	3910	1	-1	-1	-1	0
3909	3910	3842	0	-1	-1	-1	0
3933	3866	3865	1	-1	-1	-1	0
3869	3933	3865	1	-1	-1	-1	0
3844	3913	3911	0	-1	-1	-1	0
3912	3913	3844	0	-1	-1	-1	0
3868	3934	3867	8	-1	-1	-1	0
3935	3869	3867	8	-1	-1	-1	0
3845	3914	3912	0	-1	-1	-1	0
3914	3846	3915	0	-1	-1	-1	0
3872	3936	3868	8	-1	-1	-1	0
3848	3911	3917	0	-1	-1	-1	0
3909	3849	3919	0	-1	-1	-1	0
3918	3916	3848	0	-1	-1	-1	0
3917	3918	3848	0	-1	-1	-1	0
3919	3849	3916	0	-1	-1	-1	0
3915	3850	3920	0	-1	-1	-1	0
3940	3876	3874	8	-1	-1	-1	0
3876	3941	3875	8	-1	-1	-1	0
3940	3874	3879	8	-1	-1	-1	0
3933	3894	3866	8	-1	-1	-1	0
3878	3940	3879	8	-1	-1	-1	0
3881	3875	3941	8	-1	-1	-1	0
3878	3877	3942	8	-1	-1	-1	0
3922	3921	3854	0	-1	-1	-1	0
3923	3922	3855	0	-1	-1	-1	0
3942	3877	3880	8	-1	-1	-1	0
3881	3943	3880	7	-1	-1	-1	1.8993367258368844e-015
3939	3872	3894	8	-1	-1	-1	0
3926	3923	3860	0	-1	-1	-1	0
3860	3924	3925	0	-1	-1	-1	0
3925	3926	3860	0	-1	-1	-1	0
3862	3921	3929	0	-1	-1	-1	0
3863	3931	3920	0	-1	-1	-1	0
3861	3928	3927	0	-1	-1	-1	0
3930	3928	3862	0	-1	-1	-1	0
3930	3862	3929	0	-1	-1	-1	0
3932	3864	3927	0	-1	-1	-1	0
3946	3889	3891	8	-1	-1	-1	0
3932	3931	3864	0	-1	-1	-1	0
3890	3948	3891	8	-1	-1	-1	0
3945	3896	3889	8	-1	-1	-1	0
3944	3888	3901	8	4	-1	-1	0
3867	3934	3935	8	-1	-1	-1	0
3936	3934	3868	8	-1	-1	-1	0
3937	3933	3869	1	-1	-1	-1	0
3935	3937	3869	1	-1	-1	-1	0
3917	3911	3913	0	-1	-1	-1	0
3895	3899	3951	8	-1	-1	-1	0
3936	3872	3938	8	-1	-1	-1	0
3896	3952	3898	1	-1	-1	-1	0
3953	3897	3898	1	-1	-1	-1	0
3899	3897	3953	8	-1	-1	-1	0
3938	3872	3939	8	-1	-1	-1	0
3919	3916	3918	0	-1	-1	-1	0
3876	3940	3941	8	-1	-1	-1	0
3901	3900	3956	7	-1	-1	-1	1.8993367258368844e-015
3940	3878	3942	8	-1	-1	-1	0
3900	3906	3956	8	-1	-1	-1	0
3894	3933	3937	8	-1	-1	-1	0
3941	3943	3881	8	-1	-1	-1	0
3942	3880	3943	8	-1	-1	-1	0
3904	3902	3961	8	-1	-1	-1	0
3960	3902	3903	1	-1	-1	-1	0
3926	3922	3923	0	-1	-1	-1	0
3894	3937	3939	8	-1	-1	-1	0
3903	3905	3963	1	-1	-1	-1	0
3921	3922	3929	0	-1	-1	-1	0
3964	3906	3904	8	-1	-1	-1	0
3905	3907	3966	1	-1	-1	-1	0
3945	3889	3946	8	-1	-1	-1	0
3966	3907	3908	1	-1	-1	-1	0
3890	3947	3948	8	4	0	-1	0
3908	3910	3969	1	-1	-1	-1	0
3891	3950	3946	8	-1	-1	-1	0
3949	3891	3948	8	-1	-1	0	0
3909	3970	3910	0	-1	-1	-1	0
3891	3949	3950	8	-1	0	-1	0
3952	3896	3945	8	-1	-1	-1	0
3951	3950	3895	8	-1	0	-1	0
3919	3970	3909	0	-1	-1	-1	0
3914	3972	3912	0	-1	-1	-1	0
3912	3973	3913	0	-1	-1	-1	0
3901	3958	3944	8	-1	-1	-1	0
3954	3898	3952	1	-1	-1	-1	0
3913	3974	3917	0	-1	-1	-1	0
3954	3953	3898	1	-1	-1	-1	0
3951	3899	3955	8	-1	-1	-1	0
3915	3976	3914	0	-1	-1	-1	0
3955	3899	3953	8	-1	-1	-1	0
3920	3976	3915	0	-1	-1	-1	0
3917	3978	3918	0	-1	-1	-1	0
3957	3901	3956	7	-1	-1	-1	1.8993367258368844e-015
3957	3958	3901	8	-1	-1	-1	0
3918	3980	3919	0	-1	-1	-1	0
3960	3959	3902	1	2	-1	-1	0
3961	3902	3959	8	-1	-1	4	0
3942	3941	3940	8	-1	-1	-1	0
3962	3960	3903	1	2	-1	-1	0
3941	3942	3943	8	-1	-1	-1	0
3931	3976	3920	0	-1	-1	-1	0
3903	3963	3962	1	-1	-1	-1	0
3922	3926	3981	0	-1	-1	-1	0
3906	3968	3956	8	-1	-1	-1	0
3961	3965	3904	8	-1	-1	-1	0
3922	3982	3929	0	-1	-1	-1	0
3904	3965	3964	8	-1	-1	-1	0
3966	3963	3905	1	-1	-1	-1	0
3926	3925	3983	0	-1	-1	-1	0
3964	3967	3906	8	-1	-1	-1	0
3928	3985	3927	0	-1	-1	-1	0
3967	3968	3906	8	-1	-1	-1	0
3982	3930	3929	0	-1	-1	-1	0
3966	3908	3969	1	-1	-1	-1	0
3930	3987	3928	0	-1	-1	-1	0
3986	3932	3927	0	-1	-1	-1	0
3950	3951	3946	8	-1	-1	-1	0
3910	3971	3969	1	-1	-1	-1	0
3971	3910	3970	0	-1	-1	-1	0
3989	3931	3932	0	-1	-1	-1	0
3973	3912	3972	0	-1	-1	-1	0
3934	3991	3935	8	-1	-1	-1	0
3913	3973	3975	0	-1	-1	-1	0
3991	3934	3936	8	-1	-1	-1	0
3975	3974	3913	0	-1	-1	-1	0
3954	3955	3953	8	-1	-1	-1	0
3914	3977	3972	0	-1	-1	-1	0
3935	3992	3937	1	-1	-1	-1	0
3991	3936	3938	8	-1	-1	-1	0
3937	3992	3939	8	-1	-1	-1	0
3974	3978	3917	0	-1	-1	-1	0
3939	3992	3938	8	-1	-1	-1	0
3976	3977	3914	0	-1	-1	-1	0
3979	3918	3978	0	-1	-1	-1	0
3980	3918	3979	0	-1	-1	-1	0
3970	3919	3980	0	-1	-1	-1	0
3957	3956	3968	7	-1	-1	-1	1.8993367258368844e-015
3994	3945	3946	8	-1	-1	-1	0
3982	3922	3981	0	-1	-1	-1	0
3984	3981	3926	0	-1	-1	-1	0
3945	3994	3952	8	-1	-1	-1	0
3946	3951	3994	8	-1	-1	-1	0
3984	3926	3983	0	-1	-1	-1	0
3958	3993	3944	8	-1	-1	-1	0
3989	3976	3931	0	-1	-1	-1	0
3927	3985	3986	0	-1	-1	-1	0
3961	3944	3993	8	4	-1	-1	0
3987	3985	3928	0	-1	-1	-1	0
3955	3994	3951	8	-1	-1	-1	0
3988	3930	3982	0	-1	-1	-1	0
3952	3995	3954	1	-1	-1	-1	0
3955	3954	3995	8	-1	-1	-1	0
3988	3987	3930	0	-1	-1	-1	0
3990	3932	3986	0	-1	-1	-1	0
3996	3958	3957	8	-1	-1	-1	0
3990	3989	3932	0	-1	-1	-1	0
3992	3935	3991	1	-1	-1	-1	0
3993	3965	3961	8	-1	-1	-1	0
3992	3991	3938	8	-1	-1	-1	0
3996	3957	3968	7	-1	-1	-1	1.8993367258368844e-015
3999	3962	3963	1	2	-1	-1	0
4002	3963	3966	1	-1	-1	-1	0
4003	3964	3965	8	-1	-1	-1	0
4003	3967	3964	8	-1	-1	-1	0
3966	3969	4005	1	-1	-1	-1	0
3995	3952	3994	8	-1	-1	-1	0
3967	4006	3968	8	-1	-1	-1	0
3995	3994	3955	8	-1	-1	-1	0
3976	3989	3977	0	-1	-1	-1	0
3969	3971	4007	1	-1	-1	-1	0
4008	3971	3970	0	-1	-1	-1	0
3958	3998	3993	8	-1	-1	-1	0
3997	3958	3996	8	-1	-1	-1	0
3958	3997	3998	8	-1	-1	-1	0
3965	3993	3998	8	-1	-1	-1	0
3972	4012	3973	0	-1	-1	-1	0
4009	3970	3980	0	-1	-1	-1	0
4012	3972	3977	0	-1	-1	-1	0
3973	4014	3975	0	-1	-1	-1	0
4000	3999	3963	1	2	-1	-1	0
4015	3974	3975	0	-1	-1	-1	0
4001	4000	3963	1	2	-1	-1	0
4001	3963	4002	1	-1	-1	-1	0
4015	3978	3974	0	-1	-1	-1	0
3965	3998	4004	8	-1	-1	-1	0
4006	3996	3968	7	-1	-1	-1	1.8993367258368844e-015
3965	4004	4003	8	-1	-1	-1	0
4005	4002	3966	1	-1	-1	-1	0
3967	4003	4006	8	-1	-1	-1	0
4019	3979	3978	0	-1	-1	-1	0
3979	4020	3980	0	-1	-1	-1	0
4005	3969	4007	1	-1	-1	-1	0
3977	3989	4016	0	-1	-1	-1	0
4022	3982	3981	0	-1	-1	-1	0
4009	4008	3970	0	1	-1	-1	0
3984	4023	3981	0	-1	-1	-1	0
3971	4008	4010	0	-1	1	-1	0
4011	4007	3971	1	-1	-1	-1	0
4024	3984	3983	0	-1	-1	-1	0
3971	4010	4011	1	-1	2	-1	0
4022	3988	3982	0	-1	-1	-1	0
4016	3989	3990	0	-1	-1	-1	0
4025	3986	3985	0	-1	-1	-1	0
4013	3973	4012	0	-1	-1	-1	0
3985	3987	4026	0	-1	-1	-1	0
3997	4004	3998	8	-1	-1	-1	0
4013	4014	3973	0	-1	-1	-1	0
3987	3988	4026	0	-1	-1	-1	0
3990	3986	4027	0	-1	-1	-1	0
3975	4014	4015	0	-1	-1	-1	0
4012	3977	4017	0	-1	-1	-1	0
4017	3977	4016	0	-1	-1	-1	0
4009	3980	4021	0	-1	-1	1	0
3978	4015	4018	0	-1	1	-1	0
4019	3978	4018	0	-1	-1	1	0
3979	4019	4020	0	-1	1	-1	0
3980	4020	4021	0	-1	1	-1	0
4023	4022	3981	0	-1	-1	-1	0
3996	4033	3997	8	-1	-1	-1	0
4023	3984	4024	0	-1	-1	-1	0
3997	4033	4004	8	-1	-1	-1	0
4006	4033	3996	7	-1	-1	-1	1.8993367258368844e-015
3985	4026	4025	0	-1	-1	-1	0
3990	4031	4016	0	-1	-1	-1	0
4034	4001	4002	1	2	-1	-1	0
4025	4027	3986	0	-1	-1	-1	0
3988	4022	4028	0	-1	-1	-1	0
4002	4005	4035	1	-1	-1	-1	0
4028	4026	3988	0	-1	-1	-1	0
4036	4003	4004	8	-1	-1	-1	0
4036	4006	4003	8	-1	-1	-1	0
4027	4029	3990	0	-1	-1	-1	0
4007	4039	4005	1	-1	-1	-1	0
3990	4029	4032	0	-1	-1	-1	0
4030	4031	3990	0	-1	-1	-1	0
4032	4030	3990	0	-1	-1	-1	0
4011	4041	4007	1	2	-1	-1	0
4017	4016	4031	0	-1	-1	-1	0
4012	4042	4013	0	-1	-1	-1	0
4002	4035	4034	1	-1	2	-1	0
4045	4014	4013	0	-1	-1	-1	0
4017	4043	4012	0	-1	-1	-1	0
4036	4004	4033	8	-1	-1	-1	0
4006	4036	4033	7	-1	-1	-1	1.8993367258368844e-015
4046	4015	4014	0	1	-1	-1	0
4035	4005	4037	1	-1	-1	2	0
4005	4038	4037	1	-1	2	-1	0
4005	4039	4038	1	-1	2	-1	0
4039	4007	4040	1	-1	-1	2	0
4040	4007	4041	1	-1	-1	2	0
4022	4023	4048	0	-1	-1	-1	0
4047	4017	4031	0	-1	-1	-1	0
4023	4024	4049	0	-1	-1	-1	0
4012	4043	4042	0	-1	-1	-1	0
4028	4022	4048	0	-1	-1	-1	0
4042	4044	4013	0	-1	-1	-1	0
4044	4045	4013	0	1	-1	-1	0
4051	4025	4026	0	-1	-1	-1	0
4052	4027	4025	0	-1	-1	-1	0
4014	4045	4046	0	-1	1	-1	0
4017	4047	4043	0	-1	-1	-1	0
4053	4026	4028	0	-1	-1	-1	0
4029	4027	4052	0	-1	-1	-1	0
4032	4029	4055	0	-1	-1	-1	0
4056	4030	4032	0	-1	-1	-1	0
4030	4057	4031	0	-1	-1	-1	0
4050	4048	4023	0	-1	-1	-1	0
4023	4049	4050	0	-1	-1	-1	0
4050	4028	4048	0	-1	-1	-1	0
4025	4051	4052	0	-1	-1	-1	0
4051	4026	4053	0	-1	-1	-1	0
4050	4054	4028	0	-1	-1	-1	0
4028	4054	4053	0	-1	-1	-1	0
4031	4057	4047	0	-1	-1	-1	0
4052	4055	4029	0	-1	-1	-1	0
4056	4057	4030	0	-1	-1	-1	0
4043	4059	4042	0	-1	-1	-1	0
4055	4058	4032	0	-1	-1	-1	0
4044	4042	4059	0	-1	-1	1	0
4058	4056	4032	0	-1	-1	-1	0
4061	4043	4047	0	-1	-1	-1	0
4062	4050	4049	0	-1	-1	-1	0
4059	4043	4060	0	-1	-1	1	0
4060	4043	4061	0	-1	-1	-1	0
4061	4047	4057	0	-1	-1	-1	0
4062	4054	4050	0	-1	-1	-1	0
4063	4052	4051	0	-1	-1	-1	0
4064	4051	4053	0	-1	-1	-1	0
4055	4052	4063	0	-1	-1	-1	0
4054	4065	4053	0	-1	-1	-1	0
4063	4051	4064	0	-1	-1	-1	0
4058	4055	4067	0	-1	-1	-1	0
4053	4065	4064	0	-1	-1	-1	0
4057	4056	4069	0	-1	1	-1	0
4054	4062	4066	0	-1	-1	-1	0
4056	4058	4070	0	-1	-1	1	0
4065	4054	4066	0	-1	-1	-1	0
4063	4068	4055	0	-1	-1	-1	0
4071	4061	4057	0	-1	-1	-1	0
4055	4068	4067	0	-1	-1	-1	0
4061	4071	4060	0	-1	1	-1	0
4069	4071	4057	0	1	-1	-1	0
4072	4058	4067	0	-1	-1	-1	0
4058	4072	4070	0	-1	1	-1	0
4063	4064	4073	0	-1	-1	-1	0
4065	4074	4064	0	-1	-1	-1	0
4073	4068	4063	0	-1	-1	-1	0
4066	4075	4065	0	-1	-1	-1	0
4064	4074	4073	0	-1	-1	-1	0
4077	4067	4068	0	-1	-1	-1	0
4074	4065	4076	0	-1	-1	-1	0
4067	4077	4072	0	-1	1	-1	0
4075	4076	4065	0	-1	-1	-1	0
4079	4068	4073	0	-1	-1	-1	0
4078	4077	4068	0	1	-1	-1	0
4068	4079	4078	0	-1	1	-1	0
4079	4073	4074	0	-1	-1	-1	0
4074	4076	4080	0	-1	-1	-1	0
4081	4076	4075	0	-1	-1	-1	0
4074	4080	4079	0	-1	-1	-1	0
4080	4076	4081	0	-1	-1	-1	0
4079	4080	4082	0	-1	-1	1	0
4080	4081	4083	0	-1	-1	-1	0
4083	4082	4080	0	1	-1	-1	0
4083	4081	4084	0	-1	-1	1	0
4086	4085	4087	11	7	7	-1	0
4087	4089	4086	11	-1	-1	-1	0
4086	4089	4088	11	-1	-1	7	0
4089	4087	4090	11	-1	7	-1	0
4089	4092	4088	11	-1	-1	-1	0
4088	4092	4091	11	-1	-1	7	0
4090	4093	4089	11	-1	-1	-1	0
4094	4092	4089	11	-1	-1	-1	0
4089	4093	4095	11	-1	-1	-1	0
4095	4094	4089	11	-1	-1	-1	0
4096	4093	4090	11	-1	-1	7	0
4092	4097	4091	11	-1	7	-1	0
4092	4094	4098	11	-1	-1	-1	0
4095	4093	4099	11	-1	-1	-1	0
4097	4092	4098	11	-1	-1	-1	0
4099	4093	4096	11	-1	-1	7	0
4100	4094	4095	11	-1	-1	-1	0
4098	4094	4101	11	-1	-1	-1	0
4101	4094	4100	11	-1	-1	-1	0
4102	4095	4099	11	-1	-1	7	0
4103	4100	4095	11	-1	-1	-1	0
4097	4098	4104	11	-1	-1	7	0
4095	4102	4103	11	-1	-1	-1	0
4105	4098	4101	11	-1	-1	-1	0
4105	4104	4098	11	-1	-1	-1	0
4107	4101	4100	11	-1	-1	-1	0
4103	4106	4100	11	-1	-1	-1	0
4107	4100	4106	11	-1	-1	-1	0
4101	4108	4105	11	-1	-1	-1	0
4102	4110	4103	11	7	-1	-1	0
4109	4101	4107	11	-1	-1	-1	0
4101	4109	4108	11	-1	-1	-1	0
4103	4113	4106	11	-1	-1	-1	0
4105	4114	4104	11	-1	7	-1	0
4110	4111	4103	11	7	-1	-1	0
4103	4111	4112	11	-1	7	-1	0
4112	4113	4103	11	-1	-1	-1	0
4116	4105	4108	11	-1	-1	-1	0
4107	4106	4118	11	-1	-1	-1	0
4115	4114	4105	11	7	-1	-1	0
4119	4109	4107	11	-1	-1	-1	0
4117	4106	4113	11	-1	-1	-1	0
4115	4105	4116	11	-1	-1	-1	0
4120	4108	4109	11	-1	-1	-1	0
4117	4118	4106	11	-1	-1	-1	0
4108	4120	4116	11	-1	-1	-1	0
4118	4119	4107	11	-1	-1	-1	0
4112	4123	4113	11	-1	-1	-1	0
4109	4119	4121	11	-1	-1	-1	0
4109	4121	4120	11	-1	-1	-1	0
4117	4113	4124	11	-1	-1	-1	0
4125	4115	4116	11	7	-1	-1	0
4112	4122	4123	11	7	-1	-1	0
4113	4123	4124	11	-1	-1	-1	0
4127	4116	4120	11	-1	-1	-1	0
4117	4128	4118	11	-1	-1	-1	0
4118	4129	4119	11	-1	-1	-1	0
4125	4116	4126	11	-1	-1	7	0
4124	4128	4117	11	-1	-1	-1	0
4127	4126	4116	11	-1	-1	-1	0
4121	4119	4129	11	-1	-1	-1	0
4120	4121	4132	11	-1	-1	-1	0
4118	4128	4130	11	-1	-1	-1	0
4129	4118	4130	11	-1	-1	-1	0
4120	4131	4127	11	-1	-1	-1	0
4122	4135	4123	11	7	-1	-1	0
4120	4132	4131	11	-1	-1	-1	0
4123	4136	4124	11	-1	-1	-1	0
4129	4134	4121	11	-1	-1	-1	0
4132	4121	4133	11	-1	-1	-1	0
4121	4134	4133	11	-1	-1	-1	0
4139	4128	4124	11	-1	-1	-1	0
4140	4126	4127	11	7	-1	-1	0
4134	4129	4130	11	-1	-1	-1	0
4123	4135	4137	11	-1	-1	-1	0
4136	4123	4137	11	-1	-1	-1	0
4130	4128	4139	11	-1	-1	-1	0
4136	4138	4124	11	-1	-1	-1	0
4127	4131	4142	11	-1	-1	-1	0
4139	4124	4138	11	-1	-1	-1	0
4144	4131	4132	11	-1	-1	-1	0
4143	4134	4130	11	-1	-1	-1	0
4140	4127	4141	11	-1	-1	7	0
4141	4127	4142	11	-1	-1	-1	0
4132	4133	4146	11	-1	-1	-1	0
4139	4143	4130	11	-1	-1	-1	0
4147	4133	4134	11	-1	-1	-1	0
4144	4142	4131	11	-1	-1	-1	0
4145	4144	4132	11	-1	-1	-1	0
4135	4150	4137	11	7	-1	-1	0
4145	4132	4146	11	-1	-1	-1	0
4151	4136	4137	11	-1	-1	-1	0
4151	4138	4136	11	-1	-1	-1	0
4146	4133	4147	11	-1	-1	-1	0
4134	4143	4149	11	-1	-1	-1	0
4134	4148	4147	11	-1	-1	-1	0
4149	4148	4134	11	-1	-1	-1	0
4138	4156	4139	11	-1	-1	-1	0
4150	4152	4137	11	7	-1	-1	0
4143	4139	4157	11	-1	-1	-1	0
4142	4158	4141	11	-1	7	-1	0
4137	4154	4151	11	-1	-1	-1	0
4152	4153	4137	11	7	-1	-1	0
4151	4155	4138	11	-1	-1	-1	0
4153	4154	4137	11	-1	-1	-1	0
4142	4144	4160	11	-1	-1	-1	0
4155	4156	4138	11	-1	-1	-1	0
4139	4156	4157	11	-1	-1	-1	0
4164	4144	4145	11	-1	-1	-1	0
4143	4162	4149	11	-1	-1	-1	0
4145	4146	4165	11	-1	-1	-1	0
4146	4147	4165	11	-1	-1	-1	0
4158	4142	4159	11	-1	-1	7	0
4143	4157	4161	11	-1	-1	-1	0
4160	4159	4142	11	-1	-1	-1	0
4167	4147	4148	11	-1	-1	-1	0
4149	4167	4148	11	-1	-1	-1	0
4161	4162	4143	11	-1	-1	-1	0
4144	4163	4160	11	-1	-1	-1	0
4144	4164	4163	11	-1	-1	-1	0
4165	4164	4145	11	-1	-1	-1	0
4154	4169	4151	11	-1	-1	-1	0
4151	4169	4155	11	-1	-1	-1	0
4153	4170	4154	11	7	-1	-1	0
4147	4166	4165	11	-1	-1	-1	0
4168	4149	4162	11	-1	-1	-1	0
4167	4166	4147	11	-1	-1	-1	0
4156	4155	4172	11	-1	-1	-1	0
4168	4167	4149	11	-1	-1	-1	0
4174	4157	4156	11	-1	-1	-1	0
4157	4174	4161	11	-1	-1	-1	0
4159	4160	4175	11	-1	-1	7	0
4169	4154	4171	11	-1	-1	-1	0
4171	4154	4170	11	-1	-1	-1	0
4169	4172	4155	11	-1	-1	-1	0
4161	4174	4162	11	-1	-1	-1	0
4160	4163	4177	11	-1	-1	-1	0
4156	4172	4173	11	-1	-1	-1	0
4156	4173	4174	11	-1	-1	-1	0
4164	4179	4163	11	-1	-1	-1	0
4168	4162	4178	11	-1	-1	-1	0
4164	4165	4180	11	-1	-1	-1	0
4175	4160	4176	11	-1	-1	7	0
4165	4166	4181	11	-1	-1	-1	0
4176	4160	4177	11	-1	-1	-1	0
4162	4174	4178	11	-1	-1	-1	0
4167	4182	4166	11	-1	-1	-1	0
4183	4167	4168	11	-1	-1	-1	0
4179	4177	4163	11	-1	-1	-1	0
4164	4180	4179	11	-1	-1	-1	0
4181	4180	4165	11	-1	-1	-1	0
4169	4171	4187	11	-1	-1	-1	0
4186	4172	4169	11	-1	-1	-1	0
4182	4181	4166	11	-1	-1	-1	0
4188	4171	4170	11	-1	-1	7	0
4178	4184	4168	11	-1	-1	-1	0
4167	4183	4182	11	-1	-1	-1	0
4183	4168	4185	11	-1	-1	-1	0
4168	4184	4185	11	-1	-1	-1	0
4173	4172	4192	11	-1	-1	-1	0
4174	4173	4192	11	-1	-1	-1	0
4187	4186	4169	11	-1	-1	-1	0
4178	4174	4193	11	-1	-1	-1	0
4189	4187	4171	11	-1	-1	-1	0
4176	4177	4194	11	-1	-1	7	0
4189	4171	4188	11	-1	-1	7	0
4186	4191	4172	11	-1	-1	-1	0
4172	4191	4190	11	-1	-1	-1	0
4177	4179	4197	11	-1	-1	-1	0
4190	4192	4172	11	-1	-1	-1	0
4179	4180	4199	11	-1	-1	-1	0
4174	4192	4193	11	-1	-1	-1	0
4198	4184	4178	11	-1	-1	-1	0
4181	4200	4180	11	-1	-1	-1	0
4201	4181	4182	11	-1	-1	-1	0
4194	4177	4195	11	-1	-1	7	0
4182	4183	4202	11	-1	-1	-1	0
4195	4177	4196	11	-1	-1	-1	0
4193	4198	4178	11	-1	-1	-1	0
4196	4177	4197	11	-1	-1	-1	0
4203	4183	4185	11	-1	-1	-1	0
4204	4185	4184	11	-1	-1	-1	0
4179	4199	4197	11	-1	-1	-1	0
4206	4186	4187	11	-1	-1	-1	0
4200	4199	4180	11	-1	-1	-1	0
4181	4201	4200	11	-1	-1	-1	0
4186	4207	4191	11	-1	-1	-1	0
4208	4187	4189	11	-1	-1	7	0
4182	4202	4201	11	-1	-1	-1	0
4204	4184	4198	11	-1	-1	-1	0
4202	4183	4203	11	-1	-1	-1	0
4210	4192	4190	11	-1	-1	-1	0
4190	4191	4211	11	-1	-1	-1	0
4203	4185	4205	11	-1	-1	-1	0
4205	4185	4204	11	-1	-1	-1	0
4210	4193	4192	11	-1	-1	-1	0
4207	4186	4206	11	-1	-1	-1	0
4206	4187	4209	11	-1	-1	-1	0
4209	4187	4208	11	-1	-1	-1	0
4193	4213	4198	11	-1	-1	-1	0
4196	4214	4195	11	-1	7	-1	0
4197	4216	4196	11	-1	-1	-1	0
4212	4191	4207	11	-1	-1	-1	0
4210	4190	4211	11	-1	-1	-1	0
4217	4197	4199	11	-1	-1	-1	0
4212	4211	4191	11	-1	-1	-1	0
4193	4210	4213	11	-1	-1	-1	0
4200	4219	4199	11	-1	-1	-1	0
4218	4204	4198	11	-1	-1	-1	0
4220	4200	4201	11	-1	-1	-1	0
4201	4202	4221	11	-1	-1	-1	0
4215	4214	4196	11	7	-1	-1	0
4215	4196	4216	11	-1	-1	-1	0
4203	4222	4202	11	-1	-1	-1	0
4218	4198	4213	11	-1	-1	-1	0
4197	4217	4216	11	-1	-1	-1	0
4224	4203	4205	11	-1	-1	-1	0
4205	4204	4225	11	-1	-1	-1	0
4217	4199	4219	11	-1	-1	-1	0
4200	4220	4219	11	-1	-1	-1	0
4227	4207	4206	11	-1	-1	-1	0
4227	4206	4209	11	-1	-1	-1	0
4221	4220	4201	11	-1	-1	-1	0
4202	4222	4221	11	-1	-1	-1	0
4209	4208	4229	11	-1	7	-1	0
4212	4207	4228	11	-1	-1	-1	0
4218	4226	4204	11	-1	-1	-1	0
4222	4203	4223	11	-1	-1	-1	0
4224	4223	4203	11	-1	-1	-1	0
4232	4210	4211	11	-1	-1	-1	0
4225	4224	4205	11	-1	-1	-1	0
4225	4204	4226	11	-1	-1	-1	0
4213	4210	4232	11	-1	-1	-1	0
4212	4233	4211	11	-1	-1	-1	0
4227	4228	4207	11	-1	-1	-1	0
4213	4236	4218	11	-1	-1	-1	0
4209	4231	4227	11	-1	-1	-1	0
4229	4230	4209	11	7	-1	-1	0
4216	4237	4215	11	-1	7	-1	0
4209	4230	4231	11	-1	-1	-1	0
4217	4239	4216	11	-1	-1	-1	0
4235	4212	4228	11	-1	-1	-1	0
4211	4233	4232	11	-1	-1	-1	0
4217	4219	4241	11	-1	-1	-1	0
4212	4234	4233	11	-1	-1	-1	0
4220	4241	4219	11	-1	-1	-1	0
4235	4234	4212	11	-1	-1	-1	0
4232	4236	4213	11	-1	-1	-1	0
4221	4243	4220	11	-1	-1	-1	0
4226	4218	4242	11	-1	-1	-1	0
4221	4222	4245	11	-1	-1	-1	0
4223	4245	4222	11	-1	-1	-1	0
4238	4237	4216	11	-1	-1	-1	0
4239	4238	4216	11	-1	-1	-1	0
4246	4223	4224	10	-1	-1	-1	0
4217	4240	4239	11	-1	-1	-1	0
4218	4236	4242	11	-1	-1	-1	0
4248	4224	4225	10	-1	-1	-1	0
4241	4240	4217	11	-1	-1	-1	0
4225	4226	4249	10	-1	-1	-1	0
4244	4241	4220	11	-1	-1	-1	0
4251	4228	4227	11	-1	-1	-1	0
4220	4243	4244	11	-1	-1	-1	0
4243	4221	4245	11	-1	-1	-1	0
4231	4251	4227	11	-1	-1	-1	0
4252	4231	4230	11	-1	-1	7	0
4228	4251	4235	11	-1	-1	-1	0
4247	4245	4223	10	-1	-1	-1	0
4246	4247	4223	10	-1	-1	-1	0
4248	4246	4224	10	-1	-1	-1	0
4226	4242	4250	10	-1	-1	-1	0
4256	4232	4233	11	-1	-1	-1	0
4249	4248	4225	10	-1	-1	-1	0
4236	4232	4255	11	-1	-1	-1	0
4234	4256	4233	11	-1	-1	-1	0
4250	4249	4226	10	-1	-1	-1	0
4234	4235	4257	10	-1	-1	-1	0
4236	4255	4242	11	-1	-1	-1	0
4237	4238	4260	11	-1	-1	7	0
4231	4254	4251	11	-1	-1	-1	0
4253	4231	4252	11	-1	-1	7	0
4253	4254	4231	11	-1	-1	-1	0
4238	4239	4262	11	-1	-1	-1	0
4239	4240	4263	11	-1	-1	-1	0
4256	4255	4232	11	-1	-1	-1	0
4235	4251	4259	10	-1	-1	-1	0
4241	4264	4240	11	-1	-1	-1	0
4256	4234	4258	10	-1	-1	-1	0
4264	4241	4244	11	-1	-1	-1	0
4258	4234	4257	10	-1	-1	-1	0
4235	4259	4257	10	-1	-1	-1	0
4245	4266	4243	10	-1	-1	-1	0
4244	4243	4267	10	-1	-1	-1	0
4250	4242	4265	10	-1	-1	-1	0
4247	4266	4245	10	-1	-1	-1	0
4260	4238	4261	11	-1	-1	7	0
4238	4262	4261	11	-1	-1	-1	0
4242	4255	4265	10	-1	-1	-1	0
4246	4270	4247	10	-1	-1	-1	0
4269	4246	4248	10	-1	-1	-1	0
4262	4239	4263	11	-1	-1	-1	0
4240	4264	4263	11	-1	-1	-1	0
4248	4249	4273	10	-1	-1	-1	0
4249	4250	4275	10	-1	-1	-1	0
4264	4244	4268	10	-1	-1	-1	0
4267	4243	4266	10	-1	-1	-1	0
4267	4268	4244	10	-1	-1	-1	0
4251	4254	4278	10	-1	-1	-1	0
4266	4247	4272	10	-1	-1	-1	0
4270	4246	4269	10	-1	-1	-1	0
4254	4253	4279	11	-1	7	-1	0
4259	4251	4278	10	-1	-1	-1	0
4247	4270	4271	10	-1	-1	-1	0
4247	4271	4272	10	-1	-1	-1	0
4269	4248	4274	10	-1	-1	-1	0
4250	4265	4276	10	-1	-1	-1	0
4255	4256	4281	10	-1	-1	-1	0
4273	4274	4248	10	-1	-1	-1	0
4256	4258	4281	10	-1	-1	-1	0
4249	4275	4273	10	-1	-1	-1	0
4258	4257	4282	10	-1	-1	-1	0
4259	4283	4257	10	-1	-1	-1	0
4281	4265	4255	10	-1	-1	-1	0
4277	4275	4250	10	-1	-1	-1	0
4250	4276	4277	10	-1	-1	-1	0
4267	4266	4272	10	-1	-1	-1	0
4261	4262	4289	10	-1	-1	-1	0
4254	4280	4278	10	-1	-1	-1	0
4280	4254	4279	10	-1	-1	-1	0
4263	4290	4262	10	-1	-1	-1	0
4263	4264	4291	10	-1	-1	-1	0
4283	4282	4257	10	-1	-1	-1	0
4276	4265	4281	10	-1	-1	-1	0
4264	4268	4291	10	-1	-1	-1	0
4258	4282	4284	10	-1	-1	-1	0
4285	4281	4258	10	-1	-1	-1	0
4278	4287	4259	10	-1	-1	-1	0
4267	4292	4268	10	-1	-1	-1	0
4258	4284	4285	10	-1	-1	-1	0
4283	4259	4286	10	-1	-1	-1	0
4267	4272	4293	10	-1	-1	-1	0
4259	4287	4286	10	-1	-1	-1	0
4295	4270	4269	10	-1	-1	-1	0
4270	4296	4271	10	-1	-1	-1	0
4274	4295	4269	10	-1	-1	-1	0
4289	4288	4261	10	-1	6	-1	0
4297	4272	4271	10	-1	-1	-1	0
4290	4289	4262	10	-1	-1	-1	0
4291	4290	4263	10	-1	-1	-1	0
4273	4300	4274	10	-1	-1	-1	0
4301	4273	4275	10	-1	-1	-1	0
4267	4293	4292	10	-1	-1	-1	0
4268	4294	4291	10	-1	-1	-1	0
4277	4301	4275	10	-1	-1	-1	0
4268	4292	4294	10	-1	-1	-1	0
4277	4276	4304	10	-1	-1	-1	0
4295	4296	4270	10	-1	-1	-1	0
4281	4305	4276	10	-1	-1	-1	0
4272	4299	4293	10	-1	-1	-1	0
4280	4307	4278	10	-1	-1	-1	0
4271	4296	4298	10	-1	-1	-1	0
4271	4298	4297	10	-1	-1	-1	0
4279	4308	4280	10	6	-1	-1	0
4299	4272	4297	10	-1	-1	-1	0
4305	4281	4285	10	-1	-1	-1	0
4274	4303	4295	10	-1	-1	-1	0
4278	4307	4287	10	-1	-1	-1	0
4301	4300	4273	10	-1	-1	-1	0
4274	4300	4302	10	-1	-1	-1	0
4283	4311	4282	10	-1	-1	-1	0
4312	4284	4282	10	-1	-1	-1	0
4274	4302	4303	10	-1	-1	-1	0
4312	4285	4284	10	-1	-1	-1	0
4313	4283	4286	10	-1	-1	-1	0
4301	4277	4306	10	-1	-1	-1	0
4304	4276	4305	10	-1	-1	-1	0
4277	4304	4306	10	-1	-1	-1	0
4286	4287	4315	10	-1	-1	-1	0
4289	4317	4288	10	-1	6	-1	0
4307	4280	4310	10	-1	-1	-1	0
4309	4280	4308	10	-1	-1	6	0
4289	4290	4319	10	-1	-1	-1	0
4280	4309	4310	10	-1	6	-1	0
4291	4320	4290	10	-1	-1	-1	0
4305	4285	4314	10	-1	-1	-1	0
4312	4282	4311	10	-1	-1	-1	0
4320	4291	4294	10	-1	-1	-1	0
4321	4292	4293	10	-1	-1	-1	0
4313	4311	4283	10	-1	-1	-1	0
4322	4294	4292	10	-1	-1	-1	0
4316	4287	4307	10	-1	-1	-1	0
4312	4314	4285	10	-1	-1	-1	0
4286	4315	4313	10	-1	-1	-1	0
4295	4324	4296	10	-1	-1	-1	0
4323	4293	4299	10	-1	-1	-1	0
4315	4287	4316	10	-1	-1	-1	0
4298	4296	4325	10	-1	-1	-1	0
4298	4326	4297	10	-1	-1	-1	0
4299	4297	4326	10	-1	-1	-1	0
4303	4324	4295	10	-1	-1	-1	0
4318	4317	4289	10	6	-1	-1	0
4289	4319	4318	10	-1	-1	-1	0
4320	4319	4290	10	-1	-1	-1	0
4301	4330	4300	10	-1	-1	-1	0
4329	4302	4300	10	-1	-1	-1	0
4292	4321	4322	10	-1	-1	-1	0
4320	4294	4322	10	-1	-1	-1	0
4302	4332	4303	10	-1	-1	-1	0
4323	4321	4293	10	-1	-1	-1	0
4334	4304	4305	10	-1	-1	-1	0
4301	4306	4331	10	-1	-1	-1	0
4296	4324	4325	10	-1	-1	-1	0
4306	4304	4335	10	-1	-1	-1	0
4323	4299	4328	10	-1	-1	-1	0
4327	4298	4325	10	-1	-1	-1	0
4298	4327	4326	10	-1	-1	-1	0
4307	4310	4336	10	-1	6	-1	0
4299	4326	4328	10	-1	-1	-1	0
4334	4305	4314	10	-1	-1	-1	0
4329	4300	4330	10	-1	-1	-1	0
4316	4307	4337	10	-1	-1	-1	0
4333	4324	4303	10	-1	-1	-1	0
4311	4338	4312	10	-1	-1	-1	0
4330	4301	4331	10	-1	-1	-1	0
4311	4313	4339	10	-1	-1	-1	0
4302	4329	4332	10	-1	-1	-1	0
4341	4314	4312	10	-1	-1	-1	0
4333	4303	4332	10	-1	-1	-1	0
4342	4313	4315	10	-1	-1	-1	0
4335	4331	4306	10	-1	-1	-1	0
4335	4304	4334	10	-1	-1	-1	0
4316	4344	4315	10	-1	-1	-1	0
4336	4337	4307	10	-1	-1	-1	0
4318	4319	4348	10	-1	-1	-1	0
4311	4339	4338	10	-1	-1	-1	0
4320	4349	4319	10	-1	-1	-1	0
4341	4334	4314	10	-1	-1	-1	0
4312	4338	4340	10	-1	-1	-1	0
4320	4322	4350	10	-1	-1	-1	0
4341	4312	4340	10	-1	-1	-1	0
4322	4321	4351	10	-1	-1	-1	0
4321	4323	4351	10	-1	-1	-1	0
4339	4313	4343	10	-1	-1	-1	0
4342	4343	4313	10	-1	-1	-1	0
4337	4346	4316	10	-1	-1	-1	0
4345	4342	4315	10	-1	-1	-1	0
4354	4325	4324	10	-1	-1	-1	0
4353	4323	4328	10	-1	-1	-1	0
4344	4345	4315	10	-1	-1	-1	0
4344	4316	4346	10	-1	-1	-1	0
4327	4325	4354	10	-1	-1	-1	0
4355	4326	4327	10	-1	-1	-1	0
4328	4326	4355	10	-1	-1	-1	0
4354	4324	4333	10	-1	-1	-1	0
4318	4348	4347	10	-1	-1	6	0
4349	4348	4319	10	-1	-1	-1	0
4339	4340	4338	10	-1	-1	-1	0
4320	4350	4349	10	-1	-1	-1	0
4329	4330	4361	10	-1	-1	-1	0
4360	4332	4329	10	-1	-1	-1	0
4362	4330	4331	10	-1	-1	-1	0
4322	4352	4350	10	-1	-1	-1	0
4351	4352	4322	10	-1	-1	-1	0
4323	4353	4351	10	-1	-1	-1	0
4335	4363	4331	10	-1	-1	-1	0
4333	4332	4364	10	-1	-1	-1	0
4367	4335	4334	10	-1	-1	-1	0
4327	4354	4356	10	-1	-1	-1	0
4327	4357	4355	10	-1	-1	-1	0
4359	4353	4328	10	-1	-1	-1	0
4358	4327	4356	10	-1	-1	-1	0
4337	4336	4369	10	-1	6	-1	0
4358	4357	4327	10	-1	-1	-1	0
4334	4341	4367	10	-1	-1	-1	0
4328	4355	4359	10	-1	-1	-1	0
4361	4360	4329	10	-1	-1	-1	0
4339	4372	4340	10	-1	-1	-1	0
4330	4362	4361	10	-1	-1	-1	0
4354	4333	4366	10	-1	-1	-1	0
4341	4340	4372	10	-1	-1	-1	0
4337	4371	4346	10	-1	-1	-1	0
4373	4339	4343	10	-1	-1	-1	0
4362	4331	4363	10	-1	-1	-1	0
4364	4332	4360	10	-1	-1	-1	0
4343	4342	4376	10	-1	-1	-1	0
4333	4364	4365	10	-1	-1	-1	0
4376	4342	4345	10	-1	-1	-1	0
4366	4333	4365	10	-1	-1	-1	0
4368	4363	4335	10	-1	-1	-1	0
4377	4345	4344	10	-1	-1	-1	0
4346	4377	4344	10	-1	-1	-1	0
4335	4367	4368	10	-1	-1	-1	0
4348	4380	4347	10	-1	6	-1	0
4369	4370	4337	10	6	-1	-1	0
4337	4370	4371	10	-1	-1	-1	0
4348	4349	4382	10	-1	-1	-1	0
4349	4350	4382	10	-1	-1	-1	0
4341	4375	4367	10	-1	-1	-1	0
4339	4374	4372	10	-1	-1	-1	0
4352	4383	4350	10	-1	-1	-1	0
4373	4374	4339	10	-1	-1	-1	0
4352	4351	4384	10	-1	-1	-1	0
4353	4384	4351	10	-1	-1	-1	0
4341	4372	4375	10	-1	-1	-1	0
4343	4376	4373	10	-1	-1	-1	0
4379	4346	4371	10	-1	-1	-1	0
4387	4356	4354	10	-1	-1	-1	0
4353	4359	4386	10	-1	-1	-1	0
4376	4345	4378	10	-1	-1	-1	0
4345	4377	4378	10	-1	-1	-1	0
4357	4388	4355	10	-1	-1	-1	0
4377	4346	4379	10	-1	-1	-1	0
4388	4359	4355	10	-1	-1	-1	0
4389	4358	4356	10	-1	-1	-1	0
4357	4358	4390	10	-1	-1	-1	0
4354	4366	4387	10	-1	-1	-1	0
4381	4380	4348	10	-1	-1	-1	0
4381	4348	4382	10	-1	-1	-1	0
4360	4361	4394	10	-1	-1	-1	0
4383	4382	4350	10	-1	-1	-1	0
4395	4361	4362	10	-1	-1	-1	0
4364	4360	4394	10	-1	-1	-1	0
4385	4383	4352	10	-1	-1	-1	0
4352	4384	4385	10	-1	-1	-1	0
4374	4375	4372	10	-1	-1	-1	0
4397	4362	4363	10	-1	-1	-1	0
4384	4353	4386	10	-1	-1	-1	0
4399	4365	4364	10	-1	-1	-1	0
4397	4363	4368	10	-1	-1	-1	0
4399	4366	4365	10	-1	-1	-1	0
4387	4389	4356	10	-1	-1	-1	0
4388	4357	4390	10	-1	-1	-1	0
4367	4401	4368	10	-1	-1	-1	0
4386	4359	4392	10	-1	-1	-1	0
4389	4391	4358	10	-1	-1	-1	0
4358	4391	4390	10	-1	-1	-1	0
4388	4393	4359	10	-1	-1	-1	0
4401	4367	4375	10	-1	-1	-1	0
4392	4359	4393	10	-1	-1	-1	0
4404	4371	4370	10	-1	-1	6	0
4394	4361	4395	10	-1	-1	-1	0
4395	4362	4396	10	-1	-1	-1	0
4400	4387	4366	10	-1	-1	-1	0
4362	4397	4396	10	-1	-1	-1	0
4374	4373	4408	10	-1	-1	-1	0
4406	4379	4371	10	-1	-1	-1	0
4376	4407	4373	10	-1	-1	-1	0
4398	4364	4394	10	-1	-1	-1	0
4409	4375	4374	10	-1	-1	-1	0
4398	4399	4364	10	-1	-1	-1	0
4366	4399	4400	10	-1	-1	-1	0
4412	4376	4378	10	-1	-1	-1	0
4368	4402	4397	10	-1	-1	-1	0
4378	4377	4414	10	-1	-1	-1	0
4413	4377	4379	10	-1	-1	-1	0
4403	4368	4401	10	-1	-1	-1	0
4368	4403	4402	10	-1	-1	-1	0
4381	4416	4380	10	-1	6	-1	0
4371	4404	4405	10	-1	6	-1	0
4382	4418	4381	10	-1	-1	-1	0
4405	4406	4371	10	6	-1	-1	0
4419	4382	4383	10	-1	-1	-1	0
4401	4375	4411	10	-1	-1	-1	0
4420	4383	4385	10	-1	-1	-1	0
4407	4408	4373	10	-1	-1	-1	0
4422	4385	4384	10	-1	-1	-1	0
4422	4384	4386	10	-1	-1	-1	0
4410	4374	4408	10	-1	-1	-1	0
4409	4374	4410	10	-1	-1	-1	0
4409	4411	4375	10	-1	-1	-1	0
4376	4412	4407	10	-1	-1	-1	0
4424	4389	4387	10	-1	-1	-1	0
4415	4379	4406	10	-1	-1	-1	0
4392	4423	4386	10	-1	-1	-1	0
4425	4388	4390	10	-1	-1	-1	0
4414	4412	4378	10	-1	-1	-1	0
4377	4413	4414	10	-1	-1	-1	0
4389	4426	4391	10	-1	-1	-1	0
4425	4393	4388	10	-1	-1	-1	0
4413	4379	4415	10	-1	-1	-1	0
4391	4427	4390	10	-1	-1	-1	0
4424	4387	4400	10	-1	-1	-1	0
4393	4429	4392	10	-1	-1	-1	0
4381	4417	4416	10	-1	6	-1	0
4401	4411	4403	10	-1	-1	-1	0
4418	4417	4381	10	-1	-1	-1	0
4382	4419	4418	10	-1	-1	-1	0
4395	4432	4394	10	-1	-1	-1	0
4383	4421	4419	10	-1	-1	-1	0
4383	4420	4421	10	-1	-1	-1	0
4398	4394	4432	10	-1	-1	-1	0
4395	4396	4434	10	-1	-1	-1	0
4422	4420	4385	10	-1	-1	-1	0
4435	4396	4397	10	-1	-1	-1	0
4423	4422	4386	10	-1	-1	-1	0
4398	4436	4399	10	-1	-1	-1	0
4397	4402	4435	10	-1	-1	-1	0
4438	4400	4399	10	-1	-1	-1	0
4389	4424	4426	10	-1	-1	-1	0
4427	4425	4390	10	-1	-1	-1	0
4430	4423	4392	10	-1	-1	-1	0
4403	4440	4402	10	-1	-1	-1	0
4391	4426	4428	10	-1	-1	-1	0
4391	4428	4427	10	-1	-1	-1	0
4431	4393	4425	10	-1	-1	-1	0
4430	4392	4429	10	-1	-1	-1	0
4429	4393	4431	10	-1	-1	-1	0
4403	4411	4443	10	-1	-1	-1	0
4408	4407	4445	10	-1	-1	-1	0
4395	4433	4432	10	-1	-1	-1	0
4434	4433	4395	10	-1	-1	-1	0
4443	4411	4409	10	-1	-1	-1	0
4439	4424	4400	10	-1	-1	-1	0
4433	4398	4432	10	-1	-1	-1	0
4445	4407	4412	10	-1	-1	-1	0
4446	4410	4408	10	-1	-1	-1	0
4406	4444	4415	10	6	-1	-1	0
4435	4434	4396	10	-1	-1	-1	0
4447	4409	4410	10	-1	-1	-1	0
4437	4398	4433	10	-1	-1	-1	0
4437	4436	4398	10	-1	-1	-1	0
4436	4438	4399	10	-1	-1	-1	0
4412	4414	4449	10	-1	-1	-1	0
4400	4438	4439	10	-1	-1	-1	0
4435	4402	4441	10	-1	-1	-1	0
4451	4414	4413	10	-1	-1	-1	0
4415	4452	4413	10	-1	-1	-1	0
4402	4440	4441	10	-1	-1	-1	0
4440	4403	4442	10	-1	-1	-1	0
4403	4443	4442	10	-1	-1	-1	0
4454	4417	4418	10	6	-1	-1	0
4418	4419	4455	10	-1	-1	-1	0
4455	4419	4421	10	-1	-1	-1	0
4422	4456	4420	10	-1	-1	-1	0
4421	4420	4457	10	-1	-1	-1	0
4445	4446	4408	10	-1	-1	-1	0
4443	4409	4447	10	-1	-1	-1	0
4456	4422	4423	10	-1	-1	-1	0
4410	4446	4448	10	-1	-1	-1	0
4448	4447	4410	10	-1	-1	-1	0
4450	4445	4412	10	-1	-1	-1	0
4430	4456	4423	10	-1	-1	-1	0
4412	4449	4450	10	-1	-1	-1	0
4426	4424	4461	10	-1	-1	-1	0
4444	4453	4415	10	6	-1	-1	0
4414	4451	4449	10	-1	-1	-1	0
4427	4462	4425	10	-1	-1	-1	0
4428	4426	4461	10	-1	-1	-1	0
4451	4413	4452	10	-1	-1	-1	0
4462	4431	4425	10	-1	-1	-1	0
4464	4427	4428	10	-1	-1	-1	0
4453	4452	4415	10	-1	-1	-1	0
4424	4439	4460	10	-1	-1	-1	0
4467	4430	4429	10	-1	-1	-1	0
4466	4429	4431	10	-1	-1	-1	0
4454	4418	4455	10	-1	-1	-1	0
4420	4456	4457	10	-1	-1	-1	0
4421	4458	4455	10	-1	-1	-1	0
4457	4459	4421	10	-1	-1	-1	0
4458	4421	4459	10	-1	-1	-1	0
4472	4433	4434	10	-1	-1	-1	0
4435	4473	4434	10	-1	-1	-1	0
4472	4437	4433	10	-1	-1	-1	0
4460	4461	4424	10	-1	-1	-1	0
4437	4475	4436	10	-1	-1	-1	0
4438	4436	4475	10	-1	-1	-1	0
4435	4441	4474	10	-1	-1	-1	0
4462	4427	4463	10	-1	-1	-1	0
4465	4428	4461	10	-1	-1	-1	0
4463	4427	4464	10	-1	-1	-1	0
4430	4469	4456	10	-1	-1	-1	0
4478	4439	4438	10	-1	-1	-1	0
4465	4464	4428	10	-1	-1	-1	0
4440	4479	4441	10	-1	-1	-1	0
4479	4440	4442	10	-1	-1	-1	0
4466	4467	4429	10	-1	-1	-1	0
4431	4462	4471	10	-1	-1	-1	0
4430	4467	4468	10	-1	-1	-1	0
4481	4442	4443	10	-1	-1	-1	0
4466	4431	4470	10	-1	-1	-1	0
4468	4469	4430	10	-1	-1	-1	0
4443	4447	4481	10	-1	-1	-1	0
4470	4431	4471	10	-1	-1	-1	0
4446	4445	4482	10	-1	-1	-1	0
4483	4448	4446	10	-1	-1	-1	0
4450	4482	4445	10	-1	-1	-1	0
4478	4460	4439	10	-1	-1	-1	0
4448	4484	4447	10	-1	-1	-1	0
4434	4473	4472	10	-1	-1	-1	0
4473	4435	4474	10	-1	-1	-1	0
4457	4456	4469	10	-1	-1	-1	0
4472	4476	4437	10	-1	-1	-1	0
4449	4487	4450	10	-1	-1	-1	0
4449	4451	4487	10	-1	-1	-1	0
4437	4477	4475	10	-1	-1	-1	0
4437	4476	4477	10	-1	-1	-1	0
4438	4475	4478	10	-1	-1	-1	0
4451	4452	4490	10	-1	-1	-1	0
4441	4479	4474	10	-1	-1	-1	0
4471	4462	4463	10	-1	-1	-1	0
4452	4453	4492	10	-1	6	-1	0
4480	4479	4442	10	-1	-1	-1	0
4454	4455	4494	10	-1	-1	6	0
4481	4480	4442	10	-1	-1	-1	0
4455	4458	4495	10	-1	-1	-1	0
4482	4483	4446	10	-1	-1	-1	0
4496	4459	4457	10	-1	-1	-1	0
4447	4484	4481	10	-1	-1	-1	0
4459	4499	4458	10	-1	-1	-1	0
4485	4484	4448	10	-1	-1	-1	0
4448	4483	4486	10	-1	-1	-1	0
4448	4486	4485	10	-1	-1	-1	0
4450	4488	4482	10	-1	-1	-1	0
4457	4469	4497	10	-1	-1	-1	0
4460	4502	4461	10	-1	-1	-1	0
4487	4488	4450	10	-1	-1	-1	0
4489	4487	4451	10	-1	-1	-1	0
4465	4461	4503	10	-1	-1	-1	0
4490	4489	4451	10	-1	-1	-1	0
4463	4464	4505	15	-1	-1	-1	0
4492	4491	4452	10	6	-1	-1	0
4464	4465	4506	15	-1	-1	-1	0
4493	4490	4452	10	-1	-1	-1	0
4493	4452	4491	10	-1	-1	6	0
4504	4471	4463	15	-1	-1	-1	0
4501	4460	4478	10	-1	-1	-1	0
4467	4466	4508	10	-1	-1	-1	0
4508	4466	4470	10	-1	-1	-1	0
4494	4455	4495	10	-1	-1	6	0
4467	4510	4468	10	-1	-1	-1	0
4468	4511	4469	10	-1	-1	-1	0
4496	4457	4497	10	-1	-1	-1	0
4498	4495	4458	10	6	-1	-1	0
4471	4512	4470	15	-1	-1	-1	0
4458	4499	4498	10	-1	-1	-1	0
4459	4496	4500	10	-1	-1	-1	0
4499	4459	4500	10	-1	-1	-1	0
4514	4472	4473	10	-1	-1	-1	0
4476	4472	4514	10	-1	-1	-1	0
4515	4473	4474	10	-1	-1	-1	0
4460	4501	4502	10	-1	-1	-1	0
4461	4502	4503	10	-1	-1	-1	0
4474	4479	4516	10	-1	-1	-1	0
4477	4518	4475	10	-1	-1	-1	0
4518	4478	4475	10	-1	-1	-1	0
4505	4504	4463	15	-1	-1	-1	0
4519	4477	4476	10	-1	-1	-1	0
4503	4507	4465	15	-1	-1	-1	0
4506	4505	4464	15	-1	-1	-1	0
4469	4511	4497	10	-1	-1	-1	0
4465	4507	4506	15	-1	-1	-1	0
4480	4523	4479	10	-1	-1	-1	0
4467	4508	4509	10	-1	-1	-1	0
4524	4480	4481	10	-1	-1	-1	0
4467	4509	4510	10	-1	-1	-1	0
4512	4471	4504	15	-1	-1	-1	0
4510	4511	4468	10	-1	-1	-1	0
4525	4481	4484	10	-1	-1	-1	0
4470	4513	4508	15	-1	-1	-1	0
4483	4482	4527	10	-1	-1	-1	0
4485	4525	4484	10	-1	-1	-1	0
4470	4512	4513	15	-1	-1	-1	0
4526	4482	4488	10	-1	-1	-1	0
4483	4527	4486	10	-1	-1	-1	0
4485	4486	4528	12	-1	-1	-1	0
4522	4501	4478	10	-1	-1	-1	0
4473	4515	4514	10	-1	-1	-1	0
4517	4515	4474	10	-1	-1	-1	0
4474	4516	4517	10	-1	-1	-1	0
4532	4487	4489	10	-1	-1	-1	0
4533	4488	4487	10	-1	-1	-1	0
4476	4514	4519	10	-1	-1	-1	0
4507	4503	4502	15	-1	-1	-1	0
4535	4489	4490	10	-1	-1	-1	0
4518	4477	4521	10	-1	-1	-1	0
4519	4520	4477	10	-1	-1	-1	0
4479	4523	4516	10	-1	-1	-1	0
4478	4518	4522	10	-1	-1	-1	0
4520	4521	4477	10	-1	-1	-1	0
4493	4536	4490	10	6	-1	-1	0
4480	4524	4523	10	-1	-1	-1	0
4481	4525	4524	10	-1	-1	-1	0
4539	4496	4497	10	-1	-1	-1	0
4482	4526	4527	10	-1	-1	-1	0
4539	4500	4496	10	-1	-1	-1	0
4498	4499	4541	10	-1	-1	6	0
4529	4525	4485	12	-1	-1	-1	0
4528	4529	4485	12	-1	-1	-1	0
4500	4543	4499	10	-1	-1	-1	0
4530	4486	4527	12	-1	-1	-1	0
4528	4486	4530	12	-1	-1	-1	0
4526	4488	4533	10	-1	-1	-1	0
4497	4511	4540	10	-1	-1	-1	0
4546	4502	4501	15	-1	-1	-1	0
4487	4532	4531	10	-1	-1	-1	0
4533	4487	4531	10	-1	-1	-1	0
4532	4489	4534	10	-1	-1	-1	0
4546	4507	4502	15	-1	-1	-1	0
4548	4504	4505	15	-1	-1	-1	0
4535	4534	4489	10	-1	-1	-1	0
4505	4506	4550	15	-1	-1	-1	0
4540	4511	4510	10	-1	-1	-1	0
4536	4537	4490	10	6	-1	-1	0
4538	4535	4490	10	-1	-1	-1	0
4507	4551	4506	15	-1	-1	-1	0
4504	4549	4512	15	-1	-1	-1	0
4490	4537	4538	10	-1	-1	-1	0
4522	4547	4501	15	-1	-1	-1	0
4508	4554	4509	15	-1	-1	-1	0
4556	4510	4509	10	-1	-1	-1	0
4513	4554	4508	15	-1	-1	-1	0
4540	4539	4497	10	-1	-1	-1	0
4513	4512	4557	15	-1	-1	-1	0
4499	4542	4541	10	-1	6	-1	0
4544	4500	4539	10	-1	-1	-1	0
4543	4542	4499	10	-1	-1	-1	0
4545	4543	4500	10	-1	-1	-1	0
4545	4500	4544	10	-1	-1	-1	0
4515	4560	4514	10	-1	-1	-1	0
4514	4559	4519	10	-1	-1	-1	0
4515	4517	4560	10	-1	-1	-1	0
4546	4501	4547	15	-1	-1	-1	0
4516	4562	4517	12	-1	-1	-1	0
4516	4523	4561	12	-1	-1	-1	0
4549	4504	4548	15	-1	-1	-1	0
4505	4550	4548	15	-1	-1	-1	0
4518	4564	4522	10	-1	-1	-1	0
4565	4518	4521	10	-1	-1	-1	0
4507	4546	4553	15	-1	-1	-1	0
4540	4510	4556	10	-1	-1	-1	0
4551	4550	4506	15	-1	-1	-1	0
4569	4520	4519	10	-1	-1	-1	0
4507	4552	4551	15	-1	-1	-1	0
4552	4507	4553	15	-1	-1	-1	0
4571	4521	4520	10	-1	-1	-1	0
4554	4555	4509	15	-1	-1	-1	0
4549	4557	4512	15	-1	-1	-1	0
4509	4555	4556	15	-1	-1	-1	0
4576	4523	4524	12	-1	-1	-1	0
4554	4513	4558	15	-1	-1	-1	0
4524	4525	4577	12	-1	-1	-1	0
4557	4558	4513	15	-1	-1	-1	0
4577	4525	4529	12	-1	-1	-1	0
4578	4527	4526	12	-1	-1	-1	0
4559	4514	4560	10	-1	-1	-1	0
4578	4530	4527	12	-1	-1	-1	0
4580	4529	4528	12	-1	-1	-1	0
4579	4526	4533	12	-1	-1	-1	0
4516	4561	4562	12	-1	-1	-1	0
4530	4581	4528	12	-1	-1	-1	0
4517	4563	4560	12	-1	-1	-1	0
4562	4563	4517	12	-1	-1	-1	0
4522	4575	4547	15	-1	-1	-1	0
4519	4559	4567	10	-1	-1	-1	0
4585	4531	4532	12	-1	-1	-1	0
4533	4531	4584	12	-1	-1	-1	0
4564	4518	4566	10	-1	-1	-1	0
4565	4566	4518	10	-1	-1	-1	0
4586	4532	4534	12	-1	-1	-1	0
4568	4519	4567	10	-1	-1	-1	0
4568	4569	4519	10	-1	-1	-1	0
4535	4587	4534	10	-1	-1	-1	0
4570	4520	4569	10	-1	-1	-1	0
4565	4521	4574	10	-1	-1	-1	0
4561	4523	4576	12	-1	-1	-1	0
4520	4570	4571	10	-1	-1	-1	0
4575	4522	4564	15	-1	-1	-1	0
4589	4535	4538	10	-1	-1	-1	0
4573	4521	4571	10	-1	-1	-1	0
4538	4537	4590	10	-1	6	-1	0
4521	4573	4572	10	-1	-1	-1	0
4572	4574	4521	10	-1	-1	-1	0
4594	4539	4540	10	-1	-1	-1	0
4577	4576	4524	12	-1	-1	-1	0
4594	4544	4539	10	-1	-1	-1	0
4542	4543	4596	10	-1	-1	6	0
4579	4578	4526	12	-1	-1	-1	0
4543	4545	4597	10	-1	-1	-1	0
4577	4529	4582	12	-1	-1	-1	0
4544	4599	4545	10	-1	-1	-1	0
4580	4528	4581	12	-1	-1	-1	0
4595	4540	4556	10	-1	-1	-1	0
4578	4583	4530	12	-1	-1	-1	0
4582	4529	4580	12	-1	-1	-1	0
4581	4530	4583	12	-1	-1	-1	0
4547	4602	4546	15	-1	-1	-1	0
4584	4579	4533	12	-1	-1	-1	0
4584	4531	4585	12	-1	-1	-1	0
4553	4546	4602	15	-1	-1	-1	0
4585	4532	4586	12	-1	-1	-1	0
4607	4549	4548	10	-1	-1	-1	0
4548	4550	4606	10	-1	-1	-1	0
4534	4588	4586	12	-1	-1	-1	0
4534	4587	4588	12	-1	-1	-1	0
4610	4550	4551	10	-1	-1	-1	0
4535	4589	4587	10	-1	-1	-1	0
4551	4552	4611	10	-1	-1	-1	0
4609	4557	4549	10	-1	-1	-1	0
4553	4612	4552	10	-1	-1	-1	0
4592	4589	4538	10	-1	-1	-1	0
4590	4591	4538	10	6	-1	-1	0
4538	4591	4593	10	-1	-1	-1	0
4538	4593	4592	10	-1	-1	-1	0
4554	4614	4555	15	-1	-1	-1	0
4557	4609	4558	10	-1	-1	-1	0
4614	4554	4558	15	-1	-1	-1	0
4547	4575	4604	15	-1	-1	-1	0
4616	4556	4555	15	-1	-1	-1	0
4594	4540	4595	10	-1	-1	-1	0
4598	4544	4594	10	-1	-1	-1	0
4543	4597	4596	10	-1	6	-1	0
4619	4559	4560	12	-1	-1	-1	0
4544	4598	4599	10	-1	-1	-1	0
4563	4619	4560	12	-1	-1	-1	0
4545	4600	4597	10	-1	6	-1	0
4562	4561	4622	12	-1	-1	-1	0
4599	4601	4545	10	-1	-1	-1	0
4601	4600	4545	10	6	-1	-1	0
4559	4620	4567	12	-1	-1	-1	0
4562	4623	4563	12	-1	-1	-1	0
4547	4603	4602	15	-1	-1	-1	0
4625	4564	4566	10	-1	-1	-1	0
4603	4547	4605	15	-1	-1	-1	0
4604	4605	4547	15	-1	-1	-1	0
4626	4566	4565	10	-1	-1	-1	0
4576	4621	4561	12	-1	-1	-1	0
4607	4548	4606	10	-1	-1	-1	0
4564	4625	4575	15	-1	-1	-1	0
4549	4607	4608	10	-1	-1	-1	0
4567	4630	4568	10	-1	-1	-1	0
4606	4550	4610	10	-1	-1	-1	0
4549	4608	4609	10	-1	-1	-1	0
4565	4574	4627	10	-1	-1	-1	0
4556	4616	4595	15	-1	-1	-1	0
4602	4613	4553	10	-1	-1	-1	0
4569	4568	4632	10	-1	-1	-1	0
4610	4551	4611	10	-1	-1	-1	0
4569	4634	4570	10	-1	-1	-1	0
4612	4611	4552	10	-1	-1	-1	0
4553	4613	4612	10	-1	-1	-1	0
4637	4571	4570	10	-1	-1	-1	0
4571	4638	4573	10	-1	-1	-1	0
4615	4555	4614	15	-1	-1	-1	0
4558	4609	4617	10	-1	-1	-1	0
4555	4615	4616	15	-1	-1	-1	0
4640	4574	4572	10	-1	-1	-1	0
4642	4572	4573	10	-1	-1	-1	0
4614	4558	4618	10	-1	-1	-1	0
4558	4617	4618	10	-1	-1	-1	0
4559	4619	4620	12	-1	-1	-1	0
4622	4561	4621	12	-1	-1	-1	0
4619	4563	4624	12	-1	-1	-1	0
4622	4623	4562	12	-1	-1	-1	0
4654	4576	4577	12	-1	-1	-1	0
4563	4623	4624	12	-1	-1	-1	0
4578	4579	4655	12	-1	-1	-1	0
4654	4577	4582	12	-1	-1	-1	0
4583	4578	4655	12	-1	-1	-1	0
4620	4630	4567	12	-1	-1	-1	0
4626	4565	4627	10	-1	-1	-1	0
4656	4579	4584	12	-1	-1	-1	0
4657	4582	4580	10	-1	-1	-1	0
4658	4580	4581	10	-1	-1	-1	0
4628	4625	4566	10	-1	-1	-1	0
4629	4566	4626	10	-1	-1	-1	0
4583	4659	4581	10	-1	-1	-1	0
4566	4629	4628	10	-1	-1	-1	0
4628	4575	4625	15	-1	-1	-1	0
4630	4631	4568	10	-1	-1	-1	0
4651	4604	4575	15	-1	-1	-1	0
4585	4662	4584	12	-1	-1	-1	0
4568	4631	4632	10	-1	-1	-1	0
4632	4633	4569	10	-1	-1	-1	0
4585	4586	4663	12	-1	-1	-1	0
4569	4633	4634	10	-1	-1	-1	0
4586	4588	4664	12	-1	-1	-1	0
4634	4636	4570	10	-1	-1	-1	0
4570	4636	4635	10	-1	-1	-1	0
4587	4667	4588	12	-1	-1	-1	0
4637	4570	4635	10	-1	-1	-1	0
4589	4667	4587	10	-1	-1	-1	0
4637	4639	4571	10	-1	-1	-1	0
4639	4638	4571	10	-1	-1	-1	0
4654	4621	4576	12	-1	-1	-1	0
4574	4650	4627	10	-1	-1	-1	0
4640	4572	4641	10	-1	-1	-1	0
4672	4589	4592	10	-1	-1	-1	0
4638	4644	4573	10	-1	-1	-1	0
4642	4641	4572	10	-1	-1	-1	0
4575	4628	4653	15	-1	-1	-1	0
4591	4674	4593	10	-1	-1	-1	0
4675	4592	4593	10	-1	-1	-1	0
4643	4573	4644	10	-1	-1	-1	0
4573	4645	4642	10	-1	-1	-1	0
4573	4643	4645	10	-1	-1	-1	0
4640	4647	4574	10	-1	-1	-1	0
4646	4648	4574	10	-1	-1	-1	0
4574	4649	4646	10	-1	-1	-1	0
4595	4680	4594	15	-1	-1	-1	0
4574	4647	4649	10	-1	-1	-1	0
4648	4650	4574	10	-1	-1	-1	0
4594	4681	4598	15	-1	-1	-1	0
4651	4575	4652	15	-1	-1	-1	0
4598	4682	4599	10	-1	-1	-1	0
4653	4652	4575	15	-1	-1	-1	0
4599	4685	4601	10	-1	-1	-1	0
4655	4579	4656	12	-1	-1	-1	0
4616	4680	4595	15	-1	-1	-1	0
4657	4580	4658	10	-1	-1	-1	0
4602	4603	4690	10	-1	-1	-1	0
4654	4582	4660	10	-1	-1	-1	0
4659	4658	4581	10	-1	-1	-1	0
4582	4657	4660	10	-1	-1	-1	0
4661	4583	4655	10	-1	-1	-1	0
4603	4605	4692	15	-1	-1	-1	0
4656	4584	4662	12	-1	-1	-1	0
4583	4661	4659	10	-1	-1	-1	0
4604	4694	4605	15	-1	-1	-1	0
4602	4689	4613	10	-1	-1	-1	0
4663	4662	4585	12	-1	-1	-1	0
4586	4665	4663	12	-1	-1	-1	0
4703	4607	4606	10	-1	-1	-1	0
4664	4666	4586	12	-1	-1	-1	0
4586	4666	4665	12	-1	-1	-1	0
4606	4610	4702	10	-1	-1	-1	0
4607	4706	4608	10	-1	-1	-1	0
4671	4664	4588	12	-1	-1	-1	0
4668	4588	4667	12	-1	-1	-1	0
4668	4667	4589	10	-1	-1	-1	0
4708	4609	4608	10	-1	-1	-1	0
4588	4668	4669	12	-1	-1	-1	0
4669	4670	4588	12	-1	-1	-1	0
4671	4588	4670	12	-1	-1	-1	0
4589	4672	4668	10	-1	-1	-1	0
4611	4710	4610	10	-1	-1	-1	0
4708	4617	4609	10	-1	-1	-1	0
4714	4611	4612	10	-1	-1	-1	0
4591	4673	4674	10	6	-1	-1	0
4592	4676	4672	10	-1	-1	-1	0
4715	4612	4613	10	-1	-1	-1	0
4675	4676	4592	10	-1	-1	-1	0
4675	4593	4678	10	-1	-1	-1	0
4679	4593	4674	10	-1	-1	-1	0
4718	4615	4614	10	-1	-1	-1	0
4593	4677	4678	10	-1	-1	-1	0
4677	4593	4679	10	-1	-1	-1	0
4718	4614	4618	10	-1	-1	-1	0
4616	4615	4719	15	-1	-1	-1	0
4604	4651	4696	16	-1	-1	-1	0
4594	4680	4681	15	-1	-1	-1	0
4618	4617	4723	10	-1	-1	-1	0
4598	4681	4683	15	-1	-1	-1	0
4598	4683	4682	15	-1	-1	-1	0
4599	4682	4684	10	-1	-1	-1	0
4620	4619	4727	12	-1	-1	-1	0
4726	4619	4624	12	-1	-1	-1	0
4684	4687	4599	10	-1	-1	-1	0
4685	4599	4686	10	-1	-1	-1	0
4599	4687	4686	10	-1	-1	-1	0
4688	4601	4685	10	6	-1	-1	0
4733	4622	4621	10	-1	-1	-1	0
4620	4729	4630	12	-1	-1	-1	0
4622	4735	4623	10	-1	-1	-1	0
4690	4689	4602	10	-1	-1	-1	0
4624	4623	4735	10	-1	-1	-1	0
4690	4603	4691	10	-1	-1	-1	0
4691	4603	4693	10	-1	-1	-1	0
4692	4693	4603	10	-1	-1	-1	0
4630	4729	4631	10	-1	-1	-1	0
4626	4627	4740	10	-1	-1	-1	0
4626	4739	4629	10	-1	-1	-1	0
4604	4696	4695	16	-1	-1	-1	0
4697	4694	4604	16	-1	-1	-1	0
4697	4604	4695	16	-1	-1	-1	0
4692	4605	4700	15	-1	-1	-1	0
4629	4742	4628	10	-1	-1	-1	0
4605	4694	4701	15	-1	-1	-1	0
4605	4698	4699	15	-1	-1	-1	0
4701	4698	4605	15	-1	-1	-1	0
4605	4699	4700	15	-1	-1	-1	0
4654	4734	4621	10	-1	-1	-1	0
4746	4632	4631	10	-1	-1	-1	0
4702	4703	4606	10	-1	-1	-1	0
4749	4633	4632	10	-1	-1	-1	0
4680	4616	4719	15	-1	-1	-1	0
4703	4705	4607	10	-1	-1	-1	0
4704	4607	4705	10	-1	-1	-1	0
4704	4706	4607	10	-1	-1	-1	0
4633	4751	4634	10	-1	-1	-1	0
4650	4741	4627	10	-1	-1	-1	0
4716	4613	4689	10	-1	-1	-1	0
4610	4709	4702	10	-1	-1	-1	0
4608	4706	4707	10	-1	-1	-1	0
4707	4708	4608	10	-1	-1	-1	0
4628	4742	4653	15	-1	-1	-1	0
4636	4634	4754	10	-1	-1	-1	0
4636	4757	4635	10	-1	-1	-1	0
4610	4711	4709	10	-1	-1	-1	0
4635	4758	4637	10	-1	-1	-1	0
4610	4710	4711	10	-1	-1	-1	0
4712	4710	4611	10	-1	-1	-1	0
4611	4713	4712	10	-1	-1	-1	0
4714	4713	4611	10	-1	-1	-1	0
4715	4714	4612	10	-1	-1	-1	0
4637	4768	4639	10	-1	-1	-1	0
4715	4613	4717	10	-1	-1	-1	0
4638	4639	4769	10	-1	-1	-1	0
4717	4613	4716	10	-1	-1	-1	0
4617	4708	4722	10	-1	-1	-1	0
4734	4654	4660	10	-1	-1	-1	0
4683	4684	4682	15	-1	-1	-1	0
4770	4644	4638	10	-1	-1	-1	0
4720	4615	4718	10	-1	-1	-1	0
4615	4720	4719	10	-1	-1	-1	0
4641	4774	4640	10	-1	-1	-1	0
4722	4721	4617	10	-1	-1	-1	0
4642	4777	4641	10	-1	-1	-1	0
4773	4647	4640	10	-1	-1	-1	0
4618	4724	4718	10	-1	-1	-1	0
4617	4721	4723	10	-1	-1	-1	0
4723	4725	4618	10	-1	-1	-1	0
4780	4642	4645	10	-1	-1	-1	0
4724	4618	4725	10	-1	-1	-1	0
4782	4643	4644	10	-1	-1	-1	0
4645	4643	4783	10	-1	-1	-1	0
4727	4619	4726	12	-1	-1	-1	0
4728	4729	4620	12	-1	-1	-1	0
4620	4727	4732	12	-1	-1	-1	0
4620	4731	4728	12	-1	-1	-1	0
4731	4620	4730	12	-1	-1	-1	0
4732	4730	4620	12	-1	-1	-1	0
4790	4646	4649	10	-1	-1	-1	0
4791	4648	4646	10	-1	-1	-1	0
4737	4726	4624	10	-1	-1	-1	0
4734	4733	4621	10	-1	-1	-1	0
4647	4793	4649	10	-1	-1	-1	0
4735	4622	4733	10	-1	-1	-1	0
4648	4795	4650	10	-1	-1	-1	0
4624	4736	4737	10	-1	-1	-1	0
4738	4624	4735	10	-1	-1	-1	0
4736	4624	4738	10	-1	-1	-1	0
4800	4651	4652	16	-1	-1	-1	0
4626	4740	4739	10	-1	-1	-1	0
4652	4653	4802	15	-1	-1	-1	0
4631	4729	4747	10	-1	-1	-1	0
4740	4627	4741	10	-1	-1	-1	0
4744	4629	4739	10	-1	-1	-1	0
4655	4656	4803	10	-1	-1	-1	0
4629	4744	4743	10	-1	-1	-1	0
4745	4742	4629	10	-1	-1	-1	0
4745	4629	4743	10	-1	-1	-1	0
4661	4655	4803	10	-1	-1	-1	0
4657	4658	4807	10	-1	-1	-1	0
4662	4804	4656	10	-1	-1	-1	0
4657	4806	4660	10	-1	-1	-1	0
4631	4747	4746	10	-1	-1	-1	0
4746	4748	4632	10	-1	-1	-1	0
4659	4810	4658	10	-1	-1	-1	0
4749	4632	4748	10	-1	-1	-1	0
4811	4659	4661	10	-1	-1	-1	0
4749	4752	4633	10	-1	-1	-1	0
4750	4751	4633	10	-1	-1	-1	0
4752	4750	4633	10	-1	-1	-1	0
4653	4742	4745	15	-1	-1	-1	0
4634	4751	4755	10	-1	-1	-1	0
4753	4754	4634	10	-1	-1	-1	0
4753	4634	4755	10	-1	-1	-1	0
4663	4818	4662	10	-1	-1	-1	0
4696	4651	4800	16	-1	-1	-1	0
4663	4665	4820	10	-1	-1	-1	0
4759	4635	4756	10	-1	-1	-1	0
4635	4760	4756	10	-1	-1	-1	0
4664	4821	4666	12	-1	-1	-1	0
4757	4760	4635	10	-1	-1	-1	0
4754	4762	4636	10	-1	-1	-1	0
4635	4759	4758	10	-1	-1	-1	0
4757	4636	4761	10	-1	-1	-1	0
4665	4666	4824	12	-1	-1	-1	0
4822	4664	4671	13	-1	-1	-1	0
4636	4763	4761	10	-1	-1	-1	0
4636	4762	4763	10	-1	-1	-1	0
4758	4767	4637	10	-1	-1	-1	0
4766	4637	4764	10	-1	-1	-1	0
4637	4766	4765	10	-1	-1	-1	0
4668	4831	4669	12	-1	-1	-1	0
4637	4767	4764	10	-1	-1	-1	0
4637	4765	4768	10	-1	-1	-1	0
4672	4831	4668	10	-1	-1	-1	0
4833	4670	4669	12	-1	-1	-1	0
4670	4835	4671	13	-1	-1	-1	0
4638	4769	4770	10	-1	-1	-1	0
4639	4771	4769	10	-1	-1	-1	0
4768	4772	4639	10	-1	-1	-1	0
4772	4771	4639	10	-1	-1	-1	0
4672	4676	4839	10	-1	-1	-1	0
4640	4775	4773	10	-1	-1	-1	0
4741	4650	4798	10	-1	-1	-1	0
4640	4774	4775	10	-1	-1	-1	0
4842	4674	4673	10	-1	-1	-1	0
4776	4774	4641	10	-1	-1	-1	0
4778	4776	4641	10	-1	-1	-1	0
4641	4777	4778	10	-1	-1	-1	0
4679	4674	4843	10	-1	-1	-1	0
4846	4676	4675	10	-1	-1	-1	0
4779	4777	4642	10	-1	-1	-1	0
4770	4786	4644	10	-1	-1	-1	0
4745	4802	4653	15	-1	-1	-1	0
4847	4675	4678	10	-1	-1	-1	0
4781	4779	4642	10	-1	-1	-1	0
4642	4780	4781	10	-1	-1	-1	0
4747	4729	4728	12	-1	-1	-1	0
4660	4814	4734	10	-1	-1	-1	0
4854	4678	4677	10	-1	-1	-1	0
4853	4677	4679	10	-1	-1	-1	0
4643	4782	4784	10	-1	-1	-1	0
4783	4643	4784	10	-1	-1	-1	0
4782	4644	4785	10	-1	-1	-1	0
4773	4792	4647	10	-1	-1	-1	0
4787	4780	4645	10	-1	-1	-1	0
4786	4785	4644	10	-1	-1	-1	0
4788	4645	4783	10	-1	-1	-1	0
4681	4680	4857	15	-1	-1	-1	0
4787	4645	4789	10	-1	-1	-1	0
4645	4788	4789	10	-1	-1	-1	0
4859	4683	4681	15	-1	-1	-1	0
4646	4790	4791	10	-1	-1	-1	0
4683	4862	4684	15	-1	-1	-1	0
4793	4647	4792	10	-1	-1	-1	0
4794	4648	4791	10	-1	-1	-1	0
4862	4687	4684	10	-1	-1	-1	0
4865	4685	4686	10	-1	-1	-1	0
4790	4649	4797	16	-1	-1	-1	0
4648	4794	4795	10	-1	-1	-1	0
4649	4793	4796	16	-1	-1	-1	0
4688	4685	4866	10	-1	-1	-1	0
4687	4868	4686	10	-1	-1	-1	0
4797	4649	4796	16	-1	-1	-1	0
4650	4795	4799	10	-1	-1	-1	0
4650	4799	4798	10	-1	-1	-1	0
4800	4652	4801	16	-1	-1	-1	0
4876	4689	4690	9	-1	-1	-1	0
4652	4802	4801	16	-1	-1	-1	0
4857	4680	4719	15	-1	-1	-1	0
4691	4879	4690	9	-1	-1	-1	0
4804	4803	4656	10	-1	-1	-1	0
4691	4693	4881	9	-1	-1	-1	0
4693	4692	4882	10	-1	-1	-1	0
4657	4805	4806	10	-1	-1	-1	0
4657	4807	4805	10	-1	-1	-1	0
4658	4809	4807	10	-1	-1	-1	0
4658	4808	4809	10	-1	-1	-1	0
4700	4883	4692	10	-1	-1	-1	0
4658	4810	4808	10	-1	-1	-1	0
4697	4886	4694	16	-1	-1	-1	0
4660	4806	4813	10	-1	-1	-1	0
4695	4696	4889	16	-1	-1	-1	0
4659	4811	4810	10	-1	-1	-1	0
4875	4716	4689	9	-1	-1	-1	0
4888	4697	4695	16	-1	-1	-1	0
4701	4694	4886	16	-1	-1	-1	0
4817	4661	4803	10	-1	-1	-1	0
4662	4818	4804	10	-1	-1	-1	0
4660	4813	4812	10	-1	-1	-1	0
4814	4660	4812	10	-1	-1	-1	0
4661	4815	4811	10	-1	-1	-1	0
4815	4661	4816	10	-1	-1	-1	0
4897	4699	4698	15	-1	-1	-1	0
4817	4816	4661	10	-1	-1	-1	0
4857	4719	4720	10	-1	-1	-1	0
4698	4701	4898	15	-1	-1	-1	0
4700	4699	4899	10	-1	-1	-1	0
4663	4819	4818	10	-1	-1	-1	0
4820	4819	4663	10	-1	-1	-1	0
4902	4703	4702	9	-1	-1	-1	0
4823	4821	4664	13	-1	-1	-1	0
4664	4822	4823	13	-1	-1	-1	0
4665	4825	4820	10	-1	-1	-1	0
4903	4702	4709	9	-1	-1	-1	0
4705	4703	4906	9	-1	-1	-1	0
4824	4826	4665	10	-1	-1	-1	0
4825	4665	4826	10	-1	-1	-1	0
4666	4821	4830	12	-1	-1	-1	0
4705	4908	4704	9	-1	-1	-1	0
4909	4706	4704	9	-1	-1	-1	0
4666	4829	4824	12	-1	-1	-1	0
4828	4827	4666	12	-1	-1	-1	0
4666	4827	4829	12	-1	-1	-1	0
4828	4666	4830	12	-1	-1	-1	0
4913	4707	4706	9	-1	-1	-1	0
4822	4671	4837	13	-1	-1	-1	0
4708	4707	4915	9	-1	-1	-1	0
4669	4831	4832	12	-1	-1	-1	0
4669	4832	4833	12	-1	-1	-1	0
4832	4831	4672	10	-1	-1	-1	0
4833	4834	4670	13	-1	-1	-1	0
4835	4670	4834	13	-1	-1	-1	0
4711	4919	4709	9	-1	-1	-1	0
4835	4836	4671	13	-1	-1	-1	0
4832	4672	4838	10	-1	-1	-1	0
4711	4710	4922	9	-1	-1	-1	0
4710	4712	4921	9	-1	-1	-1	0
4836	4837	4671	13	-1	-1	-1	0
4708	4917	4722	9	-1	-1	-1	0
4672	4840	4838	10	-1	-1	-1	0
4840	4672	4839	10	-1	-1	-1	0
4926	4712	4713	9	-1	-1	-1	0
4713	4714	4929	9	-1	-1	-1	0
4673	4841	4842	10	6	-1	-1	0
4931	4714	4715	9	-1	-1	-1	0
4845	4674	4842	10	-1	-1	-1	0
4844	4843	4674	10	-1	-1	-1	0
4933	4715	4717	9	-1	-1	-1	0
4674	4845	4844	10	-1	-1	-1	0
4839	4676	4851	10	-1	-1	-1	0
4716	4935	4717	9	-1	-1	-1	0
4846	4675	4848	10	-1	-1	-1	0
4675	4847	4848	10	-1	-1	-1	0
4846	4850	4676	10	-1	-1	-1	0
4676	4850	4849	10	-1	-1	-1	0
4851	4676	4849	10	-1	-1	-1	0
4939	4720	4718	10	-1	-1	-1	0
4679	4843	4856	10	-1	-1	-1	0
4718	4724	4938	10	-1	-1	-1	0
4855	4847	4678	10	-1	-1	-1	0
4852	4677	4853	10	-1	-1	-1	0
4854	4677	4852	10	-1	-1	-1	0
4696	4800	4890	16	-1	-1	-1	0
4794	4797	4795	16	-1	-1	-1	0
4855	4678	4854	10	-1	-1	-1	0
4721	4944	4723	9	-1	-1	-1	0
4722	4945	4721	9	-1	-1	-1	0
4679	4856	4853	10	-1	-1	-1	0
4797	4796	4800	16	-1	-1	-1	0
4858	4681	4857	15	-1	-1	-1	0
4723	4949	4725	9	-1	-1	-1	0
4801	4797	4800	16	-1	-1	-1	0
4858	4859	4681	15	-1	-1	-1	0
4724	4725	4952	9	-1	-1	-1	0
4683	4860	4863	15	-1	-1	-1	0
4683	4859	4864	15	-1	-1	-1	0
4683	4861	4862	15	-1	-1	-1	0
4864	4860	4683	15	-1	-1	-1	0
4861	4683	4863	15	-1	-1	-1	0
4726	4955	4727	12	-1	-1	-1	0
4865	4866	4685	10	-1	-1	-1	0
4867	4865	4686	10	-1	-1	-1	0
4727	4960	4732	12	-1	-1	-1	0
4726	4737	4957	10	-1	-1	-1	0
4728	4731	4962	12	-1	-1	-1	0
4862	4872	4687	10	-1	-1	-1	0
4686	4869	4867	10	-1	-1	-1	0
4686	4868	4869	10	-1	-1	-1	0
4731	4730	4963	14	-1	-1	-1	0
4870	4868	4687	10	-1	-1	-1	0
4732	4964	4730	14	-1	-1	-1	0
4688	4866	4873	10	-1	-1	6	0
4870	4687	4871	10	-1	-1	-1	0
4871	4687	4872	10	-1	-1	-1	0
4734	4969	4733	10	-1	-1	-1	0
4747	4728	4962	12	-1	-1	-1	0
4689	4874	4875	9	-1	0	-1	0
4970	4735	4733	10	-1	-1	-1	0
4874	4689	4876	9	-1	-1	0	0
4690	4877	4876	9	-1	0	-1	0
4972	4738	4735	10	-1	-1	-1	0
4877	4690	4878	9	-1	-1	0	0
4878	4690	4879	9	-1	-1	0	0
4975	4737	4736	9	-1	-1	-1	0
4736	4738	4976	9	-1	-1	-1	0
4879	4691	4880	9	-1	-1	0	0
4881	4880	4691	9	0	-1	-1	0
4692	4883	4882	10	-1	-1	-1	0
4884	4881	4693	9	0	-1	-1	0
4885	4693	4882	9	-1	-1	-1	0
4739	4740	4982	10	-1	-1	-1	0
4885	4884	4693	9	0	-1	-1	0
4983	4740	4741	10	-1	-1	-1	0
4739	4982	4744	10	-1	-1	-1	0
4695	4887	4888	16	-1	-1	-1	0
4889	4887	4695	16	-1	-1	-1	0
4984	4743	4744	10	-1	-1	-1	0
4984	4745	4743	10	-1	-1	-1	0
4891	4889	4696	16	-1	-1	-1	0
4893	4886	4697	16	-1	-1	-1	0
4696	4890	4891	16	-1	-1	-1	0
4747	4986	4746	10	-1	-1	-1	0
4746	4986	4748	10	-1	-1	-1	0
4895	4697	4888	16	-1	-1	-1	0
4700	4899	4883	10	-1	-1	-1	0
4697	4892	4893	16	-1	-1	-1	0
4748	4987	4749	10	-1	-1	-1	0
4697	4896	4892	16	-1	-1	-1	0
4895	4894	4697	16	-1	-1	-1	0
4900	4701	4886	16	-1	-1	-1	0
4697	4894	4896	16	-1	-1	-1	0
4749	4988	4752	10	-1	-1	-1	0
4750	4989	4751	10	-1	-1	-1	0
4750	4752	4990	10	-1	-1	-1	0
4897	4698	4898	15	-1	-1	-1	0
4899	4699	4897	10	-1	-1	-1	0
4751	4991	4755	10	-1	-1	-1	0
4898	4701	4900	16	-1	-1	-1	0
4753	4993	4754	10	-1	-1	-1	0
4994	4753	4755	10	-1	-1	-1	0
4902	4702	4901	9	-1	-1	0	0
4901	4702	4903	9	-1	-1	0	0
4902	4904	4703	9	0	-1	-1	0
4762	4754	4995	10	-1	-1	-1	0
4703	4904	4905	9	-1	0	-1	0
4756	4998	4759	10	-1	-1	-1	0
4998	4756	4760	10	-1	-1	-1	0
4905	4906	4703	9	0	-1	-1	0
4760	4757	4999	10	-1	-1	-1	0
4761	4999	4757	10	-1	-1	-1	0
4758	4759	5000	10	-1	-1	-1	0
4834	4833	4851	13	-1	-1	-1	0
4704	4908	4907	9	-1	0	-1	0
4971	4734	4814	10	-1	-1	-1	0
4942	4857	4720	10	-1	-1	-1	0
4907	4909	4704	9	0	-1	-1	0
4910	4705	4906	9	-1	-1	0	0
4983	4741	4798	10	-1	-1	-1	0
4910	4908	4705	9	0	-1	-1	0
4767	4758	5000	10	-1	-1	-1	0
4934	4716	4875	9	-1	-1	0	0
4911	4706	4909	9	-1	-1	0	0
4763	5004	4761	10	-1	-1	-1	0
4706	4911	4912	9	-1	0	-1	0
4709	4918	4903	9	-1	0	-1	0
4762	5005	4763	14	-1	-1	-1	0
4745	4984	4802	15	-1	-1	-1	0
4706	4912	4913	9	-1	0	-1	0
4707	4913	4914	9	-1	0	-1	0
4915	4707	4914	9	-1	-1	0	0
4764	5007	4766	10	-1	-1	-1	0
4764	4767	5007	10	-1	-1	-1	0
4765	4766	5008	10	-1	-1	-1	0
4708	4916	4917	9	-1	0	-1	0
4708	4915	4916	9	-1	0	-1	0
4765	5009	4768	10	-1	-1	-1	0
4918	4709	4919	9	-1	-1	0	0
4710	4921	4920	9	-1	0	-1	0
4710	4920	4922	9	-1	0	-1	0
4919	4711	4923	9	-1	-1	0	0
4768	5014	4772	10	-1	-1	-1	0
4770	4769	5017	10	-1	-1	-1	0
4771	5016	4769	10	-1	-1	-1	0
4922	4924	4711	9	0	-1	-1	0
4923	4711	4924	9	-1	-1	0	0
4712	4925	4921	9	-1	0	-1	0
4712	4926	4925	9	-1	0	-1	0
5021	4771	4772	10	-1	-1	-1	0
4713	4928	4926	9	-1	0	-1	0
4713	4927	4928	9	-1	0	-1	0
4927	4713	4929	9	-1	-1	0	0
4930	4929	4714	9	0	-1	-1	0
5026	4773	4775	10	-1	-1	-1	0
4931	4930	4714	9	0	-1	-1	0
4786	4770	5020	10	-1	-1	-1	0
4774	5028	4775	10	-1	-1	-1	0
4774	4776	5027	10	-1	-1	-1	0
4931	4715	4932	9	-1	-1	0	0
4933	4932	4715	9	0	-1	-1	0
4934	4935	4716	9	0	-1	-1	0
5031	4776	4778	10	-1	-1	-1	0
4917	4947	4722	9	0	-1	-1	0
4933	4717	4937	9	-1	-1	0	0
4936	4717	4935	9	-1	-1	0	0
4777	5033	4778	10	-1	-1	-1	0
4779	5032	4777	10	-1	-1	-1	0
4717	4936	4937	9	-1	0	-1	0
5026	4792	4773	10	-1	-1	-1	0
4872	4862	4861	15	-1	-1	-1	0
4718	4938	4939	10	-1	-1	-1	0
5036	4779	4781	10	-1	-1	-1	0
4940	4720	4939	10	-1	-1	-1	0
4780	5038	4781	10	-1	-1	-1	0
4940	4941	4720	10	-1	-1	-1	0
4941	4942	4720	10	-1	-1	-1	0
4787	5037	4780	10	-1	-1	-1	0
5041	4784	4782	10	-1	-1	-1	0
4782	4785	5041	10	-1	-1	-1	0
4944	4721	4943	9	-1	-1	0	0
4943	4721	4945	9	-1	-1	0	0
5043	4783	4784	10	-1	-1	-1	0
4722	4946	4945	9	-1	0	-1	0
5042	4788	4783	10	-1	-1	-1	0
4951	4938	4724	9	-1	-1	-1	0
4948	4723	4944	9	-1	-1	0	0
4946	4722	4947	9	-1	-1	0	0
4786	5046	4785	10	-1	-1	-1	0
4723	4948	4949	9	-1	0	-1	0
4951	4724	4950	9	-1	-1	0	0
4724	4952	4950	9	-1	0	-1	0
5051	4787	4789	10	-1	-1	-1	0
4954	4725	4949	9	-1	-1	0	0
4788	5053	4789	10	-1	-1	-1	0
4953	4952	4725	9	0	-1	-1	0
4953	4725	4954	9	-1	-1	0	0
4726	4956	4955	10	-1	-1	-1	0
5056	4791	4790	10	-1	-1	-1	0
4957	4956	4726	10	-1	-1	-1	0
4791	5056	4794	10	-1	-1	-1	0
4792	5057	4793	10	-1	-1	-1	0
4727	4955	4961	12	-1	-1	-1	0
4790	4797	5056	16	-1	-1	-1	0
4958	4727	4959	12	-1	-1	-1	0
4727	4958	4960	12	-1	-1	-1	0
5058	4796	4793	16	-1	-1	-1	0
4797	4794	5056	16	-1	-1	-1	0
4727	4961	4959	12	-1	-1	-1	0
4795	4797	5059	16	-1	-1	-1	0
5059	4799	4795	16	-1	-1	-1	0
4796	5060	4800	16	-1	-1	-1	0
4730	4964	4963	14	-1	-1	-1	0
4797	4801	5059	16	-1	-1	-1	0
4962	4731	4965	14	-1	-1	-1	0
4798	4799	5061	10	-1	-1	-1	0
4963	4965	4731	14	-1	-1	-1	0
4960	4967	4732	14	-1	-1	-1	0
4966	4964	4732	14	-1	-1	-1	0
4967	4966	4732	14	-1	-1	-1	0
4802	5062	4801	16	-1	-1	-1	0
4733	4969	4968	10	-1	-1	-1	0
4968	4970	4733	10	-1	-1	-1	0
4957	4737	4978	9	-1	-1	-1	0
5066	4803	4804	10	-1	-1	-1	0
4734	4971	4969	10	-1	-1	-1	0
4735	4970	4973	10	-1	-1	-1	0
4965	4752	4962	14	-1	-1	-1	0
5069	4806	4805	9	-1	-1	-1	0
4973	4972	4735	10	-1	-1	-1	0
4805	4807	5070	9	-1	-1	-1	0
4803	5064	4817	10	-1	-1	-1	0
4975	4736	4974	9	-1	-1	0	0
4976	4974	4736	9	0	-1	-1	0
5067	4804	4818	10	-1	-1	-1	0
4737	4975	4977	9	-1	0	-1	0
4809	5075	4807	9	-1	-1	-1	0
4813	4806	5072	9	-1	-1	-1	0
4738	4972	4981	9	-1	-1	-1	0
4978	4737	4977	9	-1	-1	0	0
5077	4809	4808	9	-1	-1	-1	0
4738	4980	4976	9	-1	0	-1	0
4986	4747	4962	12	-1	-1	-1	0
5078	4808	4810	9	-1	-1	-1	0
4738	4979	4980	9	-1	0	-1	0
4979	4738	4981	9	-1	-1	0	0
4962	4752	4988	14	-1	-1	-1	0
4811	5082	4810	9	-1	-1	-1	0
4982	4740	4983	10	-1	-1	-1	0
4965	4992	4752	14	-1	-1	-1	0
4815	5084	4811	9	-1	-1	-1	0
4985	4744	4982	10	-1	-1	-1	0
4813	5087	4812	9	-1	-1	-1	0
4814	4812	5086	9	-1	-1	-1	0
4984	4744	4985	10	-1	-1	-1	0
4986	4987	4748	10	-1	-1	-1	0
5093	4815	4816	9	-1	-1	-1	0
4988	4749	4987	10	-1	-1	-1	0
4990	4989	4750	10	-1	-1	-1	0
4817	5096	4816	9	-1	-1	-1	0
4991	4751	4989	10	-1	-1	-1	0
4990	4752	4992	14	-1	-1	-1	0
5100	4818	4819	10	-1	-1	-1	0
4994	4993	4753	10	-1	-1	-1	0
5102	4819	4820	9	-1	-1	-1	0
4995	4754	4993	10	-1	-1	-1	0
4996	4755	4991	14	-1	-1	-1	0
4997	4994	4755	14	-1	-1	-1	0
4997	4755	4996	14	-1	-1	-1	0
5107	4821	4823	13	-1	-1	-1	0
5106	4820	4825	9	-1	-1	-1	0
4800	5063	4890	16	-1	-1	-1	0
4995	4997	4762	14	-1	-1	-1	0
5109	4823	4822	13	-1	-1	-1	0
4830	4821	5107	13	-1	-1	-1	0
5001	4759	4998	10	-1	-1	-1	0
5001	5000	4759	10	-1	-1	-1	0
4760	5003	4998	14	-1	-1	-1	0
4760	4999	5002	14	-1	-1	-1	0
4762	4997	5005	14	-1	-1	-1	0
5004	4999	4761	10	-1	-1	-1	0
4760	5002	5003	14	-1	-1	-1	0
4824	5117	4826	10	-1	-1	-1	0
5108	4822	4837	13	-1	-1	-1	0
4982	4802	4985	16	-1	-1	-1	0
4829	5117	4824	10	-1	-1	-1	0
4825	4826	5119	9	-1	-1	-1	0
4984	4985	4802	15	-1	-1	-1	0
4763	5006	5004	14	-1	-1	-1	0
5006	4763	5005	14	-1	-1	-1	0
5011	4767	5000	14	-1	-1	-1	0
4829	4827	5123	10	-1	-1	-1	0
5124	4827	4828	12	-1	-1	-1	0
5009	4765	5008	10	-1	-1	-1	0
5010	4766	5007	10	-1	-1	-1	0
4828	4830	5125	12	-1	-1	-1	0
5008	4766	5010	10	-1	-1	-1	0
5012	5007	4767	14	-1	-1	-1	0
4768	5009	5013	10	-1	-1	-1	0
4767	5011	5012	14	-1	-1	-1	0
5127	4833	4832	12	-1	-1	-1	0
5015	4768	5013	10	-1	-1	-1	0
4768	5015	5014	10	-1	-1	-1	0
5127	4832	4838	10	-1	-1	-1	0
5132	4835	4834	13	-1	-1	-1	0
5016	5018	4769	10	-1	-1	-1	0
5017	4769	5018	10	-1	-1	-1	0
5127	4838	4840	10	-1	-1	-1	0
4770	5017	5019	10	-1	-1	-1	0
4835	5135	4836	13	-1	-1	-1	0
4840	4839	5129	10	-1	-1	-1	0
5019	5020	4770	10	-1	-1	-1	0
4837	4836	5136	13	-1	-1	-1	0
5016	4771	5022	10	-1	-1	-1	0
5014	5025	4772	10	-1	-1	-1	0
4851	4833	5129	13	-1	-1	-1	0
5022	4771	5021	10	-1	-1	-1	0
4834	4851	5131	13	-1	-1	-1	0
4772	5024	5021	10	-1	-1	-1	0
4839	4851	5129	10	-1	-1	-1	0
5024	4772	5023	10	-1	-1	-1	0
4772	5025	5023	10	-1	-1	-1	0
4842	4841	5141	10	-1	-1	-1	0
5028	4774	5027	10	-1	-1	-1	0
5030	5026	4775	16	-1	-1	-1	0
4845	4842	5144	10	-1	-1	-1	0
5029	4775	5028	16	-1	-1	-1	0
4844	5146	4843	10	-1	-1	-1	0
4775	5029	5030	16	-1	-1	-1	0
5031	5027	4776	10	-1	-1	-1	0
5149	4844	4845	10	-1	-1	-1	0
5033	4777	5032	10	-1	-1	-1	0
4983	4798	5061	10	-1	-1	-1	0
4778	5035	5031	16	-1	-1	-1	0
5145	4856	4843	10	-1	-1	-1	0
4778	5033	5034	16	-1	-1	-1	0
4982	5062	4802	16	-1	-1	-1	0
4778	5034	5035	16	-1	-1	-1	0
4779	5036	5032	10	-1	-1	-1	0
5154	4846	4848	10	-1	-1	-1	0
5154	4850	4846	10	-1	-1	-1	0
4847	5156	4848	10	-1	-1	-1	0
5038	4780	5037	10	-1	-1	-1	0
4781	5039	5036	16	-1	-1	-1	0
5157	4849	4850	10	-1	-1	-1	0
5050	4786	5020	10	-1	-1	-1	0
4847	4855	5155	10	-1	-1	-1	0
4851	4849	5157	10	-1	-1	-1	0
4781	5038	5040	16	-1	-1	-1	0
4781	5040	5039	16	-1	-1	-1	0
4852	4853	5159	10	-1	-1	-1	0
4852	5160	4854	10	-1	-1	-1	0
5043	5042	4783	10	-1	-1	-1	0
4853	4856	5161	10	-1	-1	-1	0
4784	5041	5045	10	-1	-1	-1	0
5044	5043	4784	10	-1	-1	-1	0
4855	4854	5163	10	-1	-1	-1	0
5041	4785	5047	10	-1	-1	-1	0
5045	5044	4784	10	-1	-1	-1	0
5026	5057	4792	10	-1	-1	-1	0
5051	5037	4787	10	-1	-1	-1	0
4971	4814	5091	9	-1	-1	-1	0
4785	5046	5048	10	-1	-1	-1	0
4785	5048	5047	10	-1	-1	-1	0
5049	5046	4786	10	-1	-1	-1	0
4857	5167	4858	10	-1	-1	-1	0
5042	5052	4788	10	-1	-1	-1	0
4858	5168	4859	15	-1	-1	-1	0
5050	5049	4786	10	-1	-1	-1	0
5053	4788	5052	10	-1	-1	-1	0
4859	5171	4864	15	-1	-1	-1	0
5055	5051	4789	16	-1	-1	-1	0
5054	4789	5053	16	-1	-1	-1	0
4863	4860	5175	17	-1	-1	-1	0
4789	5054	5055	16	-1	-1	-1	0
4864	5175	4860	17	-1	-1	-1	0
4861	4863	5176	15	-1	-1	-1	0
5058	4793	5057	16	-1	-1	-1	0
4872	4861	5176	15	-1	-1	-1	0
5181	4865	4867	10	-1	-1	-1	0
5058	5060	4796	16	-1	-1	-1	0
4865	5183	4866	10	-1	-1	-1	0
5062	4799	5059	16	-1	-1	-1	0
4799	5062	5061	16	-1	-1	-1	0
5062	5059	4801	16	-1	-1	-1	0
5060	5063	4800	16	-1	-1	-1	0
4869	5187	4867	10	-1	-1	-1	0
4873	4866	5184	10	-1	-1	-1	0
5190	4869	4868	10	-1	-1	-1	0
5189	4868	4870	10	-1	-1	-1	0
4803	5065	5064	10	-1	-1	-1	0
4870	4871	5192	10	-1	-1	-1	0
4803	5066	5065	10	-1	-1	-1	0
4871	4872	5193	10	-1	-1	-1	0
5067	5066	4804	10	-1	-1	-1	0
5069	4805	5068	9	-1	-1	0	0
5070	5068	4805	9	0	-1	-1	0
5069	5071	4806	9	0	-1	-1	0
5072	4806	5071	9	-1	-1	0	0
4807	5073	5070	9	-1	0	-1	0
4965	4996	4992	14	-1	-1	-1	0
5073	4807	5074	9	-1	-1	0	0
5074	4807	5075	9	-1	-1	0	0
4890	5035	5034	16	-1	-1	-1	0
5077	4808	5076	9	-1	-1	0	0
5076	4808	5078	9	-1	-1	0	0
5195	4885	4882	9	0	-1	-1	0
4883	5198	4882	10	-1	-1	-1	0
5075	4809	5079	9	-1	-1	0	0
5077	5079	4809	9	0	-1	-1	0
5166	4857	4942	10	-1	-1	-1	0
4810	5080	5078	9	-1	0	-1	0
4891	5039	5040	16	-1	-1	-1	0
5080	4810	5081	9	-1	-1	0	0
4810	5082	5081	9	-1	0	-1	0
5072	5089	4813	9	0	-1	-1	0
5082	4811	5083	9	-1	-1	0	0
4811	5084	5083	9	-1	0	-1	0
4991	4992	4996	14	-1	-1	-1	0
5098	4817	5064	9	-1	-1	-1	0
4888	4887	5206	16	-1	-1	-1	0
4887	4889	5207	16	-1	-1	-1	0
4883	4899	5201	10	-1	-1	-1	0
5204	4886	4893	16	-1	-1	-1	0
4812	5085	5086	9	-1	0	-1	0
5085	4812	5087	9	-1	-1	0	0
5067	4818	5099	10	-1	-1	-1	0
4886	5202	4900	16	-1	-1	-1	0
4813	5088	5087	9	-1	0	-1	0
5210	4889	4891	16	-1	-1	-1	0
5090	4814	5086	9	-1	-1	0	0
5088	4813	5089	9	-1	-1	0	0
5084	4815	5092	9	-1	-1	0	0
4888	5208	4895	16	-1	-1	-1	0
4891	4890	5213	16	-1	-1	-1	0
5091	4814	5090	9	-1	-1	0	0
5093	5092	4815	9	0	-1	-1	0
4893	4892	5216	16	-1	-1	-1	0
4896	5215	4892	16	-1	-1	-1	0
5093	4816	5094	9	-1	-1	0	0
5094	4816	5095	9	-1	-1	0	0
5096	5095	4816	9	0	-1	-1	0
4895	5218	4894	16	-1	-1	-1	0
5006	5002	4999	14	-1	-1	-1	0
4894	5219	4896	16	-1	-1	-1	0
5004	5006	4999	14	-1	-1	-1	0
5096	4817	5097	9	-1	-1	0	0
4817	5098	5097	9	-1	0	-1	0
4818	5100	5099	10	-1	-1	-1	0
5100	4819	5103	9	-1	-1	-1	0
5102	5101	4819	9	0	-1	-1	0
5101	5103	4819	9	0	-1	-1	0
4899	4897	5228	10	-1	-1	-1	0
4898	5229	4897	15	-1	-1	-1	0
4820	5104	5102	9	-1	0	-1	0
5062	4982	4983	16	-1	-1	-1	0
5104	4820	5105	9	-1	-1	0	0
5232	4898	4900	16	-1	-1	-1	0
5106	5105	4820	9	0	-1	-1	0
5111	4822	5108	13	-1	-1	-1	0
4822	5111	5110	13	-1	-1	-1	0
4823	5113	5107	13	-1	-1	-1	0
4822	5112	5109	13	-1	-1	-1	0
4822	5110	5112	13	-1	-1	-1	0
5115	4823	5109	13	-1	-1	-1	0
5118	5106	4825	9	0	-1	-1	0
5115	5114	4823	13	-1	-1	-1	0
4823	5116	5113	13	-1	-1	-1	0
4823	5114	5116	13	-1	-1	-1	0
4825	5119	5118	9	-1	0	-1	0
5126	4830	5107	13	-1	-1	-1	0
4826	5120	5119	9	-1	0	-1	0
5117	5122	4826	10	-1	-1	-1	0
5120	4826	5121	9	-1	-1	0	0
4826	5122	5121	9	-1	-1	-1	0
4829	5123	5117	10	-1	-1	-1	0
5123	4827	5124	10	-1	-1	-1	0
5124	4828	5125	12	-1	-1	-1	0
5125	4830	5126	13	-1	-1	-1	0
4837	5139	5108	13	-1	-1	-1	0
5127	5128	4833	12	-1	-1	-1	0
5129	4833	5128	13	-1	-1	-1	0
5128	5127	4840	10	-1	-1	-1	0
5130	4834	5131	13	-1	-1	-1	0
5132	4834	5130	13	-1	-1	-1	0
4840	5129	5128	10	-1	-1	-1	0
5134	4835	5132	13	-1	-1	-1	0
4835	5134	5133	13	-1	-1	-1	0
5135	4835	5133	13	-1	-1	-1	0
5062	4983	5061	16	-1	-1	-1	0
5136	4836	5135	13	-1	-1	-1	0
4848	5132	5130	13	-1	-1	-1	0
5136	5137	4837	13	-1	-1	-1	0
4837	5137	5138	13	-1	-1	-1	0
5236	4939	4938	9	-1	-1	-1	0
4837	5138	5139	13	-1	-1	-1	0
5026	5030	5058	16	-1	-1	-1	0
4939	5239	4940	9	-1	-1	-1	0
5132	4854	5134	13	-1	-1	-1	0
5063	5030	5029	16	-1	-1	-1	0
4941	4940	5241	9	-1	-1	-1	0
5140	5142	4841	10	-1	-1	6	0
4841	5142	5141	10	-1	-1	-1	0
5235	4938	4951	9	-1	-1	0	0
5243	4942	4941	9	-1	-1	-1	0
4842	5141	5143	10	-1	-1	-1	0
4842	5143	5144	10	-1	-1	-1	0
5130	5154	4848	13	-1	-1	-1	0
5147	5145	4843	10	-1	-1	-1	0
5156	5132	4848	13	-1	-1	-1	0
5146	5147	4843	10	-1	-1	-1	0
5212	5035	4890	16	-1	-1	-1	0
5034	5213	4890	16	-1	-1	-1	0
5148	5146	4844	10	-1	-1	-1	0
5157	5131	4851	13	-1	-1	-1	0
4845	5144	5152	10	-1	-1	-1	0
5026	5058	5057	16	-1	-1	-1	0
5150	5148	4844	10	-1	-1	-1	0
4891	5213	5039	16	-1	-1	-1	0
5149	5150	4844	10	-1	-1	-1	0
5040	5214	4891	16	-1	-1	-1	0
5151	5149	4845	10	-1	-1	-1	0
5058	5030	5060	16	-1	-1	-1	0
4854	5160	5134	13	-1	-1	-1	0
5163	4854	5132	13	-1	-1	-1	0
4845	5153	5151	10	-1	-1	-1	0
5152	5153	4845	10	-1	-1	-1	0
5060	5030	5063	16	-1	-1	-1	0
5156	4847	5155	10	-1	-1	-1	0
4956	5247	4955	10	-1	-1	-1	0
5154	5158	4850	10	-1	-1	-1	0
4955	5248	4961	10	-1	-1	-1	0
4957	5251	4956	9	-1	-1	-1	0
4850	5158	5157	10	-1	-1	-1	0
4890	5063	5212	16	-1	-1	-1	0
4856	5145	5164	10	-1	-1	-1	0
5160	4852	5159	10	-1	-1	-1	0
4958	4959	5255	12	-1	-1	-1	0
5163	5155	4855	10	-1	-1	-1	0
5256	4960	4958	14	-1	-1	-1	0
4853	5162	5159	10	-1	-1	-1	0
4853	5161	5162	10	-1	-1	-1	0
4961	5257	4959	12	-1	-1	-1	0
4856	5165	5161	10	-1	-1	-1	0
5165	4856	5164	10	-1	-1	-1	0
5259	4967	4960	14	-1	-1	-1	0
4978	5253	4957	9	0	-1	-1	0
4964	5262	4963	14	-1	-1	-1	0
5167	4857	5166	10	-1	-1	-1	0
4965	4963	5263	14	-1	-1	-1	0
4858	5167	5169	10	-1	-1	-1	0
4858	5170	5168	10	-1	-1	-1	0
4966	5266	4964	14	-1	-1	-1	0
5169	5170	4858	10	-1	-1	-1	0
5173	4859	5168	15	-1	-1	-1	0
4967	5269	4966	14	-1	-1	-1	0
5172	4859	5173	15	-1	-1	-1	0
4859	5174	5171	15	-1	-1	-1	0
5174	4859	5172	15	-1	-1	-1	0
5261	4986	4962	12	-1	-1	-1	0
5261	4962	4988	14	-1	-1	-1	0
5276	4968	4969	9	-1	-1	-1	0
5275	4970	4968	9	-1	-1	-1	0
4864	5171	5180	17	-1	-1	-1	0
4863	5175	5178	17	-1	-1	-1	0
5176	4863	5177	17	-1	-1	-1	0
4971	5278	4969	9	-1	-1	-1	0
5179	5175	4864	17	-1	-1	-1	0
4864	5180	5179	17	-1	-1	-1	0
4863	5178	5177	17	-1	-1	-1	0
4970	5281	4973	9	-1	-1	-1	0
5263	4996	4965	14	-1	-1	-1	0
4865	5181	5182	10	-1	-1	-1	0
4972	4973	5285	9	-1	-1	-1	0
5183	4865	5182	10	-1	-1	-1	0
4866	5183	5185	10	-1	-1	-1	0
4987	4986	5261	10	-1	-1	-1	0
4987	5261	4988	10	-1	-1	-1	0
4867	5188	5181	10	-1	-1	-1	0
4972	5284	4981	9	-1	0	-1	0
5184	4866	5186	10	-1	-1	-1	0
5185	5186	4866	10	-1	-1	-1	0
4872	5176	5193	15	-1	-1	-1	0
4867	5187	5188	10	-1	-1	-1	0
5191	5187	4869	10	-1	-1	-1	0
5189	5190	4868	10	-1	-1	-1	0
4869	5190	5191	10	-1	-1	-1	0
5192	5189	4870	10	-1	-1	-1	0
5194	4873	5184	10	6	-1	-1	0
4996	5263	4997	14	-1	-1	-1	0
5192	4871	5193	10	-1	-1	-1	0
5005	4997	5263	14	-1	-1	-1	0
4989	4990	5287	10	-1	-1	-1	0
4991	4989	5287	10	-1	-1	-1	0
4990	4992	5287	14	-1	-1	-1	0
4991	5287	4992	14	-1	-1	-1	0
5195	4882	5196	9	-1	-1	0	0
4882	5197	5196	9	-1	0	-1	0
5288	4993	4994	10	-1	-1	-1	0
4993	5288	4995	10	-1	-1	-1	0
5197	4882	5198	9	-1	-1	-1	0
4994	4997	5288	14	-1	-1	-1	0
5199	5198	4883	10	-1	-1	-1	0
4997	4995	5288	14	-1	-1	-1	0
5199	4883	5200	10	-1	-1	-1	0
5201	5200	4883	10	-1	-1	-1	0
5265	5012	5011	14	-1	-1	-1	0
4998	5289	5001	14	-1	-1	-1	0
5001	5289	5000	14	-1	-1	-1	0
5289	4998	5003	14	-1	-1	-1	0
5202	4886	5203	16	-1	-1	-1	0
4886	5204	5203	16	-1	-1	-1	0
5002	5291	5003	14	-1	-1	-1	0
5006	5290	5002	14	-1	-1	-1	0
5205	5206	4887	16	-1	-1	-1	0
5207	5205	4887	16	-1	-1	-1	0
5289	5011	5000	14	-1	-1	-1	0
5006	5005	5290	14	-1	-1	-1	0
5206	5209	4888	16	-1	-1	-1	0
5029	5212	5063	16	-1	-1	-1	0
5209	5208	4888	16	-1	-1	-1	0
5211	5207	4889	16	-1	-1	-1	0
5211	4889	5210	16	-1	-1	-1	0
5007	5293	5010	14	-1	-1	-1	0
5293	5008	5010	14	-1	-1	-1	0
5009	5008	5294	14	-1	-1	-1	0
5007	5012	5293	14	-1	-1	-1	0
5217	5204	4893	16	-1	-1	-1	0
4891	5214	5210	16	-1	-1	-1	0
5013	5009	5295	10	-1	-1	-1	0
5210	5055	5054	16	-1	-1	-1	0
5216	4892	5215	16	-1	-1	-1	0
5013	5295	5015	10	-1	-1	-1	0
5208	5222	4895	16	-1	-1	-1	0
5216	5217	4893	16	-1	-1	-1	0
5015	5298	5014	10	-1	-1	-1	0
5228	5201	4899	10	-1	-1	-1	0
5218	5220	4894	16	-1	-1	-1	0
4894	5221	5219	16	-1	-1	-1	0
4894	5220	5221	16	-1	-1	-1	0
5018	5016	5301	10	-1	-1	-1	0
5225	5215	4896	16	-1	-1	-1	0
5202	5234	4900	16	-1	-1	-1	0
5218	4895	5224	16	-1	-1	-1	0
5025	5014	5298	10	-1	-1	-1	0
5019	5017	5302	10	-1	-1	-1	0
5300	5016	5022	10	-1	-1	-1	0
5017	5018	5303	10	-1	-1	-1	0
4895	5222	5223	16	-1	-1	-1	0
4896	5219	5226	16	-1	-1	-1	0
4895	5223	5224	16	-1	-1	-1	0
5283	4971	5091	9	-1	-1	0	0
5019	5309	5020	10	-1	-1	-1	0
4896	5227	5225	16	-1	-1	-1	0
4896	5226	5227	16	-1	-1	-1	0
5246	5166	4942	9	-1	-1	-1	0
5229	5228	4897	10	-1	-1	-1	0
5313	5022	5021	10	-1	-1	-1	0
5229	4898	5230	15	-1	-1	-1	0
5313	5021	5024	10	-1	-1	-1	0
5231	5230	4898	16	-1	-1	-1	0
5023	5315	5024	10	-1	-1	-1	0
5233	5231	4898	16	-1	-1	-1	0
4898	5232	5233	16	-1	-1	-1	0
5315	5023	5025	10	-1	-1	-1	0
4900	5234	5232	16	-1	-1	-1	0
5027	5319	5028	10	-1	-1	-1	0
5027	5031	5319	10	-1	-1	-1	0
5320	5029	5028	16	-1	-1	-1	0
5050	5020	5310	10	-1	-1	-1	0
5031	5035	5320	16	-1	-1	-1	0
5032	5321	5033	10	-1	-1	-1	0
5322	5034	5033	16	-1	-1	-1	0
5321	5032	5036	10	-1	-1	-1	0
5036	5039	5322	16	-1	-1	-1	0
5037	5323	5038	10	-1	-1	-1	0
5324	5040	5038	16	-1	-1	-1	0
4938	5235	5236	9	-1	0	-1	0
5323	5037	5051	10	-1	-1	-1	0
5326	5045	5041	10	-1	-1	-1	0
5042	5043	5327	10	-1	-1	-1	0
5047	5325	5041	10	-1	-1	-1	0
5237	4939	5238	9	-1	-1	0	0
4939	5236	5238	9	-1	0	-1	0
5131	5154	5130	13	-1	-1	-1	0
4939	5237	5239	9	-1	0	-1	0
5329	5043	5044	10	-1	-1	-1	0
5239	5240	4940	9	0	-1	-1	0
5045	5331	5044	10	-1	-1	-1	0
4940	5240	5241	9	-1	0	-1	0
5052	5042	5327	10	-1	-1	-1	0
4941	5241	5242	9	-1	0	-1	0
5046	5333	5048	10	-1	-1	-1	0
5242	5243	4941	9	0	-1	-1	0
5244	4942	5243	9	-1	-1	0	0
5334	5046	5049	10	-1	-1	-1	0
5051	5055	5324	16	-1	-1	-1	0
5048	5336	5047	10	-1	-1	-1	0
5244	5245	4942	9	0	-1	-1	0
4942	5245	5246	9	-1	0	-1	0
5050	5340	5049	10	-1	-1	-1	0
5154	5131	5158	13	-1	-1	-1	0
5157	5158	5131	13	-1	-1	-1	0
5343	5053	5052	10	-1	-1	-1	0
4955	5247	5248	10	-1	-1	-1	0
5344	5054	5053	16	-1	-1	-1	0
5247	4956	5250	9	-1	-1	-1	0
4956	5249	5250	9	-1	0	-1	0
5249	4956	5251	9	-1	-1	0	0
5251	4957	5252	9	-1	-1	0	0
5252	4957	5253	9	-1	-1	0	0
5254	4958	5255	14	-1	-1	-1	0
5254	5256	4958	14	-1	-1	-1	0
5260	4961	5248	10	-1	-1	-1	0
5258	5255	4959	12	-1	-1	-1	0
5258	4959	5257	12	-1	-1	-1	0
5256	5259	4960	14	-1	-1	-1	0
5064	5065	5347	9	-1	-1	-1	0
5257	4961	5260	10	-1	-1	-1	0
5055	5210	5214	16	-1	-1	-1	0
5065	5066	5350	9	-1	-1	-1	0
5066	5067	5352	9	-1	-1	-1	0
4963	5262	5263	14	-1	-1	-1	0
5265	5262	4964	14	-1	-1	-1	0
5265	4964	5264	14	-1	-1	-1	0
4964	5266	5264	14	-1	-1	-1	0
4967	5259	5272	14	-1	-1	-1	0
4966	5268	5266	14	-1	-1	-1	0
5267	5268	4966	14	-1	-1	-1	0
5269	5267	4966	14	-1	-1	-1	0
5269	4967	5270	14	-1	-1	-1	0
5346	5098	5064	9	0	-1	-1	0
5272	5271	4967	14	-1	-1	-1	0
4967	5273	5270	14	-1	-1	-1	0
4967	5271	5273	14	-1	-1	-1	0
5275	4968	5274	9	-1	-1	0	0
5276	5274	4968	9	0	-1	-1	0
5354	5067	5099	9	-1	-1	-1	0
5276	4969	5277	9	-1	-1	0	0
4969	5278	5277	9	-1	0	-1	0
5280	4970	5275	9	-1	-1	0	0
5279	4970	5280	9	-1	-1	0	0
5281	4970	5279	9	-1	-1	0	0
5278	4971	5282	9	-1	-1	0	0
5282	4971	5283	9	-1	-1	0	0
4973	5281	5286	9	-1	0	-1	0
4972	5285	5284	9	-1	0	-1	0
5286	5285	4973	9	0	-1	-1	0
5100	5356	5099	9	-1	-1	-1	0
5005	5263	5290	14	-1	-1	-1	0
5320	5212	5029	16	-1	-1	-1	0
5100	5103	5358	9	-1	0	-1	0
5320	5035	5212	16	-1	-1	-1	0
5011	5292	5265	14	-1	-1	-1	0
5322	5213	5034	16	-1	-1	-1	0
5297	5012	5265	14	-1	-1	-1	0
5322	5039	5213	16	-1	-1	-1	0
5324	5214	5040	16	-1	-1	-1	0
5113	5360	5107	13	-1	-1	-1	0
5111	5108	5361	13	-1	-1	-1	0
5002	5290	5291	14	-1	-1	-1	0
5289	5003	5292	14	-1	-1	-1	0
5110	5111	5365	13	-1	-1	-1	0
5112	5364	5109	13	-1	-1	-1	0
5003	5291	5292	14	-1	-1	-1	0
5363	5115	5109	13	-1	-1	-1	0
5368	5112	5110	13	-1	-1	-1	0
5107	5359	5126	13	-1	-1	-1	0
5292	5011	5289	14	-1	-1	-1	0
5324	5055	5214	16	-1	-1	-1	0
5293	5294	5008	14	-1	-1	-1	0
5009	5294	5296	14	-1	-1	-1	0
5009	5296	5295	14	-1	-1	-1	0
5293	5012	5297	14	-1	-1	-1	0
5116	5376	5113	13	-1	-1	-1	0
5115	5377	5114	13	-1	-1	-1	0
5114	5378	5116	13	-1	-1	-1	0
5139	5362	5108	13	-1	-1	-1	0
5299	5015	5295	10	-1	-1	-1	0
5054	5345	5210	16	-1	-1	-1	0
5298	5015	5299	10	-1	-1	-1	0
5300	5301	5016	10	-1	-1	-1	0
5304	5302	5017	10	-1	-1	-1	0
5017	5303	5304	10	-1	-1	-1	0
5018	5301	5306	10	-1	-1	-1	0
5305	5303	5018	10	-1	-1	-1	0
5122	5117	5387	10	-1	-1	-1	0
5019	5302	5307	10	-1	-1	-1	0
5117	5123	5388	10	-1	-1	-1	0
5305	5018	5306	10	-1	-1	-1	0
5121	5122	5390	9	-1	-1	0	0
5019	5307	5308	10	-1	-1	-1	0
5022	5314	5300	10	-1	-1	-1	0
5309	5019	5308	10	-1	-1	-1	0
5123	5124	5393	10	-1	-1	-1	0
5025	5298	5317	14	-1	-1	-1	0
5310	5020	5311	10	-1	-1	-1	0
5309	5312	5020	10	-1	-1	-1	0
5125	5394	5124	12	-1	-1	-1	0
5311	5020	5312	10	-1	-1	-1	0
5126	5397	5125	13	-1	-1	-1	0
5314	5022	5313	10	-1	-1	-1	0
5024	5316	5313	10	-1	-1	-1	0
5024	5315	5316	10	-1	-1	-1	0
5025	5318	5315	14	-1	-1	-1	0
5025	5317	5318	14	-1	-1	-1	0
5319	5320	5028	16	-1	-1	-1	0
5401	5133	5134	13	-1	-1	-1	0
5031	5320	5319	16	-1	-1	-1	0
5402	5135	5133	13	-1	-1	-1	0
5403	5136	5135	13	-1	-1	-1	0
5321	5322	5033	16	-1	-1	-1	0
5137	5136	5405	13	-1	-1	-1	0
5036	5322	5321	16	-1	-1	-1	0
5408	5138	5137	13	-1	-1	-1	0
5323	5324	5038	16	-1	-1	-1	0
5138	5411	5139	13	-1	-1	-1	0
5132	5156	5400	13	-1	-1	-1	0
5326	5041	5325	10	-1	-1	-1	0
5163	5132	5400	13	-1	-1	-1	0
5134	5160	5401	13	-1	-1	-1	0
5051	5324	5323	16	-1	-1	-1	0
5328	5327	5043	16	-1	-1	-1	0
5310	5341	5050	10	-1	-1	-1	0
5419	5142	5140	10	-1	-1	-1	0
5043	5330	5328	16	-1	-1	-1	0
5043	5329	5330	16	-1	-1	-1	0
5045	5326	5332	10	-1	-1	-1	0
5141	5142	5421	10	-1	-1	-1	0
5044	5331	5329	10	-1	-1	-1	0
5420	5143	5141	10	-1	-1	-1	0
5047	5335	5325	10	-1	-1	-1	0
5331	5045	5332	10	-1	-1	-1	0
5155	5400	5156	10	-1	-1	-1	0
5143	5425	5144	10	-1	-1	-1	0
5333	5046	5334	10	-1	-1	-1	0
5155	5163	5400	10	-1	-1	-1	0
5335	5047	5336	10	-1	-1	-1	0
5427	5145	5147	10	-1	-1	-1	0
5338	5048	5333	10	-1	-1	-1	0
5337	5336	5048	10	-1	-1	-1	0
5148	5428	5146	10	-1	-1	-1	0
5426	5152	5144	10	-1	-1	-1	0
5334	5049	5339	10	-1	-1	-1	0
5343	5052	5327	10	-1	-1	-1	0
5146	5429	5147	10	-1	-1	-1	0
5048	5338	5337	10	-1	-1	-1	0
5402	5162	5161	13	-1	-1	-1	0
5430	5148	5150	10	-1	-1	-1	0
5049	5340	5339	10	-1	-1	-1	0
5404	5161	5165	13	-1	-1	-1	0
5431	5149	5151	10	-1	-1	-1	0
5149	5432	5150	10	-1	-1	-1	0
5340	5050	5342	10	-1	-1	-1	0
5342	5050	5341	10	-1	-1	-1	0
5145	5427	5164	10	-1	-1	-1	0
5433	5151	5153	10	-1	-1	-1	0
5152	5435	5153	10	-1	-1	-1	0
5343	5344	5053	16	-1	-1	-1	0
5344	5345	5054	16	-1	-1	-1	0
5160	5159	5436	10	-1	-1	-1	0
5159	5162	5436	10	-1	-1	-1	0
5064	5347	5346	9	-1	0	-1	0
5065	5348	5347	9	-1	0	-1	0
5349	5348	5065	9	0	-1	-1	0
5349	5065	5350	9	-1	-1	0	0
5437	5165	5164	10	-1	-1	-1	0
5210	5345	5211	16	-1	-1	-1	0
5066	5351	5350	9	-1	0	-1	0
5352	5351	5066	9	0	-1	-1	0
5353	5352	5067	9	0	-1	-1	0
5167	5166	5440	9	-1	-1	-1	0
5067	5354	5353	9	-1	0	-1	0
5260	5258	5257	10	-1	-1	-1	0
5169	5167	5442	9	-1	-1	-1	0
5170	5443	5168	10	-1	-1	-1	0
5168	5443	5173	10	-1	-1	-1	0
5170	5169	5446	9	-1	-1	-1	0
5174	5450	5171	17	-1	-1	-1	0
5173	5451	5172	15	-1	-1	-1	0
5174	5172	5453	15	-1	-1	-1	0
5180	5171	5450	17	-1	-1	-1	0
5099	5355	5354	9	-1	0	-1	0
5356	5355	5099	9	0	-1	-1	0
5178	5175	5459	17	-1	-1	-1	0
5458	5175	5179	17	-1	-1	-1	0
5100	5357	5356	9	-1	0	-1	0
5357	5100	5358	9	-1	-1	0	0
5262	5290	5263	14	-1	-1	-1	0
5463	5176	5177	17	-1	-1	-1	0
5265	5291	5262	14	-1	-1	-1	0
5178	5464	5177	17	-1	-1	-1	0
5360	5359	5107	13	-1	-1	-1	0
5264	5297	5265	14	-1	-1	-1	0
5179	5180	5468	17	-1	-1	-1	0
5176	5461	5193	15	-1	-1	-1	0
5362	5361	5108	13	-1	-1	-1	0
5363	5109	5364	13	-1	-1	-1	0
5366	5110	5365	13	-1	-1	-1	0
5111	5361	5369	13	-1	-1	-1	0
5190	5189	5462	10	-1	-1	-1	0
5182	5181	5478	10	-1	-1	-1	0
5462	5189	5192	10	-1	-1	-1	0
5110	5366	5367	13	-1	-1	-1	0
5291	5290	5262	14	-1	-1	-1	0
5480	5183	5182	10	-1	-1	-1	0
5367	5368	5110	13	-1	-1	-1	0
5188	5477	5181	10	-1	-1	-1	0
5192	5193	5461	10	-1	-1	-1	0
5371	5365	5111	13	-1	-1	-1	0
5292	5291	5265	14	-1	-1	-1	0
5376	5360	5113	13	-1	-1	-1	0
5373	5364	5112	13	-1	-1	-1	0
5369	5370	5111	13	-1	-1	-1	0
5185	5183	5482	10	-1	-1	-1	0
5246	5439	5166	9	0	-1	-1	0
5368	5372	5112	13	-1	-1	-1	0
5111	5370	5371	13	-1	-1	-1	0
5484	5184	5186	10	-1	-1	-1	0
5264	5296	5294	14	-1	-1	-1	0
5264	5294	5297	14	-1	-1	-1	0
5374	5112	5372	13	-1	-1	-1	0
5185	5487	5186	10	-1	-1	-1	0
5381	5115	5363	13	-1	-1	-1	0
5112	5375	5373	13	-1	-1	-1	0
5112	5374	5375	13	-1	-1	-1	0
5485	5194	5184	10	-1	-1	-1	0
5187	5492	5188	10	-1	-1	-1	0
5211	5328	5330	16	-1	-1	-1	0
5491	5187	5191	10	-1	-1	-1	0
5114	5377	5379	13	-1	-1	-1	0
5114	5380	5378	13	-1	-1	-1	0
5114	5379	5380	13	-1	-1	-1	0
5383	5377	5115	13	-1	-1	-1	0
5384	5376	5116	13	-1	-1	-1	0
5496	5191	5190	10	-1	-1	-1	0
5381	5382	5115	13	-1	-1	-1	0
5116	5378	5385	13	-1	-1	-1	0
5115	5382	5383	13	-1	-1	-1	0
5359	5399	5126	13	-1	-1	-1	0
5211	5345	5328	16	-1	-1	-1	0
5293	5297	5294	14	-1	-1	-1	0
5386	5384	5116	13	-1	-1	-1	0
5116	5385	5386	13	-1	-1	-1	0
5117	5389	5387	10	-1	-1	-1	0
5197	5198	5499	9	-1	-1	0	0
5389	5117	5388	10	-1	-1	-1	0
5501	5198	5199	10	-1	-1	-1	0
5266	5318	5317	14	-1	-1	-1	0
5502	5199	5200	10	-1	-1	-1	0
5392	5122	5387	9	-1	-1	-1	0
5122	5391	5390	9	-1	0	-1	0
5393	5388	5123	10	-1	-1	-1	0
5122	5392	5391	9	-1	0	-1	0
5201	5505	5200	10	-1	-1	-1	0
5124	5394	5393	10	-1	-1	-1	0
5125	5395	5394	12	-1	-1	-1	0
5203	5510	5202	16	-1	-1	-1	0
5414	5362	5139	13	-1	-1	-1	0
5395	5125	5396	13	-1	-1	-1	0
5511	5203	5204	16	-1	-1	-1	0
5398	5396	5125	13	-1	-1	-1	0
5125	5397	5398	13	-1	-1	-1	0
5126	5399	5397	13	-1	-1	-1	0
5517	5205	5207	16	-1	-1	-1	0
5518	5206	5205	16	-1	-1	-1	0
5514	5204	5217	16	-1	-1	-1	0
5401	5402	5133	13	-1	-1	-1	0
5209	5206	5521	16	-1	-1	-1	0
5228	5507	5201	10	-1	-1	-1	0
5404	5135	5402	13	-1	-1	-1	0
5211	5524	5207	16	-1	-1	-1	0
5404	5403	5135	13	-1	-1	-1	0
5527	5208	5209	16	-1	-1	-1	0
5403	5406	5136	13	-1	-1	-1	0
5234	5202	5509	16	-1	-1	-1	0
5405	5136	5407	13	-1	-1	-1	0
5136	5406	5407	13	-1	-1	-1	0
5410	5137	5405	13	-1	-1	-1	0
5409	5408	5137	13	-1	-1	-1	0
5409	5137	5410	13	-1	-1	-1	0
5412	5138	5408	13	-1	-1	-1	0
5529	5222	5208	16	-1	-1	-1	0
5147	5407	5406	13	-1	-1	-1	0
5413	5411	5138	13	-1	-1	-1	0
5138	5412	5413	13	-1	-1	-1	0
5532	5216	5215	16	-1	-1	-1	0
5228	5229	5507	10	-1	-1	-1	0
5162	5402	5401	13	-1	-1	-1	0
5139	5411	5416	13	-1	-1	-1	0
5161	5404	5402	13	-1	-1	-1	0
5217	5216	5535	16	-1	-1	-1	0
5415	5414	5139	13	-1	-1	-1	0
5150	5409	5410	13	-1	-1	-1	0
5139	5416	5415	13	-1	-1	-1	0
5215	5225	5533	16	-1	-1	-1	0
5418	5140	5417	10	-1	6	-1	0
5140	5418	5419	10	-1	-1	-1	0
5153	5413	5412	13	-1	-1	-1	0
5540	5220	5218	16	-1	-1	-1	0
5406	5427	5147	13	-1	-1	-1	0
5541	5219	5221	16	-1	-1	-1	0
5421	5420	5141	10	-1	-1	-1	0
5540	5218	5224	16	-1	-1	-1	0
5147	5429	5407	13	-1	-1	-1	0
5543	5221	5220	16	-1	-1	-1	0
5423	5142	5419	10	-1	-1	-1	0
5142	5422	5421	10	-1	-1	-1	0
5541	5226	5219	16	-1	-1	-1	0
5142	5423	5422	10	-1	-1	-1	0
5420	5424	5143	10	-1	-1	-1	0
5545	5223	5222	16	-1	-1	-1	0
5150	5410	5430	13	-1	-1	-1	0
5150	5432	5409	13	-1	-1	-1	0
5425	5143	5424	10	-1	-1	-1	0
5547	5224	5223	16	-1	-1	-1	0
5425	5426	5144	10	-1	-1	-1	0
5401	5160	5436	13	-1	-1	-1	0
5412	5433	5153	13	-1	-1	-1	0
5162	5401	5436	13	-1	-1	-1	0
5344	5327	5328	16	-1	-1	-1	0
5413	5153	5435	13	-1	-1	-1	0
5227	5549	5225	16	-1	-1	-1	0
5429	5146	5428	10	-1	-1	-1	0
5551	5227	5226	16	-1	-1	-1	0
5428	5148	5430	10	-1	-1	-1	0
5438	5404	5165	13	-1	-1	-1	0
5426	5434	5152	10	-1	-1	-1	0
5553	5229	5230	10	-1	-1	-1	0
5432	5149	5431	10	-1	-1	-1	0
5230	5231	5553	10	-1	-1	-1	0
5327	5344	5343	16	-1	-1	-1	0
5431	5151	5433	10	-1	-1	-1	0
5344	5328	5345	16	-1	-1	-1	0
5554	5231	5233	10	-1	-1	-1	0
5233	5232	5555	16	-1	-1	-1	0
5435	5152	5434	10	-1	-1	-1	0
5232	5234	5556	16	-1	-1	-1	0
5164	5427	5437	10	-1	-1	-1	0
5437	5438	5165	13	-1	-1	-1	0
5440	5166	5439	9	-1	-1	0	0
5441	5167	5440	9	-1	-1	0	0
5442	5167	5441	9	-1	-1	0	0
5248	5247	5560	10	-1	-1	-1	0
5558	5247	5250	9	-1	-1	0	0
5442	5444	5169	9	0	-1	-1	0
5444	5445	5169	9	0	-1	-1	0
5169	5445	5446	9	-1	0	-1	0
5449	5443	5170	10	-1	-1	-1	0
5447	5170	5446	9	-1	-1	0	0
5211	5330	5524	16	-1	-1	-1	0
5448	5170	5447	9	-1	-1	0	0
5448	5449	5170	9	-1	-1	-1	0
5260	5248	5561	10	-1	-1	-1	0
5454	5173	5443	10	-1	-1	-1	0
5566	5254	5255	14	-1	-1	-1	0
5256	5254	5565	14	-1	-1	-1	0
5452	5172	5451	15	-1	-1	-1	0
5453	5172	5452	15	-1	-1	-1	0
5451	5173	5454	10	-1	-1	-1	0
5450	5174	5456	17	-1	-1	-1	0
5258	5569	5255	12	-1	-1	-1	0
5455	5174	5453	17	-1	-1	-1	0
5456	5174	5455	17	-1	-1	-1	0
5259	5256	5573	14	-1	-1	-1	0
5458	5457	5175	17	-1	-1	-1	0
5175	5457	5460	17	-1	-1	-1	0
5574	5258	5260	10	-1	-1	-1	0
5175	5460	5459	17	-1	-1	-1	0
5461	5176	5462	17	-1	-1	-1	0
5462	5176	5463	17	-1	-1	-1	0
5178	5459	5465	17	-1	-1	-1	0
5177	5464	5463	17	-1	-1	-1	0
5259	5575	5272	14	-1	-1	-1	0
5180	5450	5476	17	-1	-1	-1	0
5266	5577	5264	14	-1	-1	-1	0
5179	5471	5458	17	-1	-1	-1	0
5465	5466	5178	17	-1	-1	-1	0
5467	5464	5178	17	-1	-1	-1	0
5178	5466	5467	17	-1	-1	-1	0
5579	5266	5268	14	-1	-1	-1	0
5580	5268	5267	14	-1	-1	-1	0
5462	5192	5461	10	-1	-1	-1	0
5267	5269	5580	14	-1	-1	-1	0
5470	5179	5468	17	-1	-1	-1	0
5470	5469	5179	17	-1	-1	-1	0
5179	5469	5471	17	-1	-1	-1	0
5180	5475	5468	17	-1	-1	-1	0
5270	5587	5269	14	-1	-1	-1	0
5180	5472	5474	17	-1	-1	-1	0
5473	5180	5474	17	-1	-1	-1	0
5472	5180	5476	17	-1	-1	-1	0
5475	5180	5473	17	-1	-1	-1	0
5273	5588	5270	14	-1	-1	-1	0
5272	5589	5271	14	-1	-1	-1	0
5271	5590	5273	14	-1	-1	-1	0
5477	5478	5181	10	-1	-1	-1	0
5478	5479	5182	10	-1	-1	-1	0
5296	5264	5577	14	-1	-1	-1	0
5182	5479	5480	10	-1	-1	-1	0
5183	5480	5483	10	-1	-1	-1	0
5481	5482	5183	10	-1	-1	-1	0
5481	5183	5483	10	-1	-1	-1	0
5496	5190	5462	10	-1	-1	-1	0
5484	5485	5184	10	-1	-1	-1	0
5482	5488	5185	10	-1	-1	-1	0
5486	5487	5185	10	-1	-1	-1	0
5486	5185	5488	10	-1	-1	-1	0
5477	5188	5494	10	-1	-1	-1	0
5186	5490	5484	10	-1	-1	-1	0
5317	5577	5266	14	-1	-1	-1	0
5318	5266	5578	14	-1	-1	-1	0
5186	5487	5489	10	-1	-1	-1	0
5490	5186	5489	10	-1	-1	-1	0
5493	5187	5491	10	-1	-1	-1	0
5493	5492	5187	10	-1	-1	-1	0
5188	5492	5495	10	-1	-1	-1	0
5194	5485	5498	10	-1	-1	-1	0
5494	5188	5495	10	-1	-1	-1	0
5191	5496	5491	10	-1	-1	-1	0
5194	5498	5497	10	-1	-1	6	0
5599	5295	5296	14	-1	-1	-1	0
5295	5599	5299	14	-1	-1	-1	0
5299	5599	5298	14	-1	-1	-1	0
5500	5499	5198	9	0	-1	-1	0
5501	5500	5198	9	-1	-1	-1	0
5600	5301	5300	10	-1	-1	-1	0
5501	5199	5503	10	-1	-1	-1	0
5199	5502	5503	10	-1	-1	-1	0
5200	5506	5502	10	-1	-1	-1	0
5301	5601	5306	10	-1	-1	-1	0
5602	5302	5304	10	-1	-1	-1	0
5200	5505	5504	10	-1	-1	-1	0
5506	5200	5504	10	-1	-1	-1	0
5603	5307	5302	10	-1	-1	-1	0
5605	5304	5303	10	-1	-1	-1	0
5303	5305	5604	10	-1	-1	-1	0
5505	5201	5508	10	-1	-1	-1	0
5300	5314	5600	10	-1	-1	-1	0
5599	5317	5298	14	-1	-1	-1	0
5201	5507	5508	10	-1	-1	-1	0
5608	5305	5306	10	-1	-1	-1	0
5509	5202	5510	16	-1	-1	-1	0
5610	5308	5307	10	-1	-1	-1	0
5512	5203	5511	16	-1	-1	-1	0
5510	5203	5513	16	-1	-1	-1	0
5203	5512	5513	16	-1	-1	-1	0
5612	5309	5308	10	-1	-1	-1	0
5511	5204	5516	16	-1	-1	-1	0
5515	5204	5514	16	-1	-1	-1	0
5204	5515	5516	16	-1	-1	-1	0
5312	5309	5615	10	-1	-1	-1	0
5519	5205	5517	16	-1	-1	-1	0
5311	5617	5310	10	-1	-1	-1	0
5520	5518	5205	16	-1	-1	-1	0
5520	5205	5519	16	-1	-1	-1	0
5621	5311	5312	10	-1	-1	-1	0
5404	5438	5403	13	-1	-1	-1	0
5522	5206	5518	16	-1	-1	-1	0
5438	5406	5403	13	-1	-1	-1	0
5526	5517	5207	16	-1	-1	-1	0
5521	5206	5523	16	-1	-1	-1	0
5206	5522	5523	16	-1	-1	-1	0
5626	5314	5313	14	-1	-1	-1	0
5316	5627	5313	14	-1	-1	-1	0
5425	5415	5416	13	-1	-1	-1	0
5207	5524	5525	16	-1	-1	-1	0
5207	5525	5526	16	-1	-1	-1	0
5315	5627	5316	14	-1	-1	-1	0
5315	5318	5627	14	-1	-1	-1	0
5209	5521	5531	16	-1	-1	-1	0
5208	5527	5528	16	-1	-1	-1	0
5208	5528	5529	16	-1	-1	-1	0
5530	5527	5209	16	-1	-1	-1	0
5310	5618	5341	10	-1	-1	-1	0
5539	5514	5217	16	-1	-1	-1	0
5530	5209	5531	16	-1	-1	-1	0
5438	5427	5406	13	-1	-1	-1	0
5326	5325	5630	10	-1	-1	-1	0
5534	5532	5215	16	-1	-1	-1	0
5534	5215	5533	16	-1	-1	-1	0
5536	5216	5532	16	-1	-1	-1	0
5535	5216	5537	16	-1	-1	-1	0
5326	5631	5332	10	-1	-1	-1	0
5216	5536	5537	16	-1	-1	-1	0
5553	5507	5229	10	-1	-1	-1	0
5217	5535	5538	16	-1	-1	-1	0
5630	5325	5335	10	-1	-1	-1	0
5554	5233	5505	10	-1	-1	-1	0
5329	5331	5632	10	-1	-1	-1	0
5330	5329	5633	16	-1	-1	-1	0
5332	5631	5331	10	-1	-1	-1	0
5539	5217	5538	16	-1	-1	-1	0
5505	5233	5557	10	-1	-1	-1	0
5545	5222	5529	16	-1	-1	-1	0
5556	5234	5509	16	-1	-1	-1	0
5634	5333	5334	10	-1	-1	-1	0
5540	5542	5220	16	-1	-1	-1	0
5427	5438	5437	13	-1	-1	-1	0
5543	5220	5542	16	-1	-1	-1	0
5333	5634	5338	10	-1	-1	-1	0
5541	5221	5544	16	-1	-1	-1	0
5549	5533	5225	16	-1	-1	-1	0
5637	5335	5336	10	-1	-1	-1	0
5635	5334	5339	10	-1	-1	-1	0
5543	5544	5221	16	-1	-1	-1	0
5336	5337	5638	10	-1	-1	-1	0
5224	5548	5540	16	-1	-1	-1	0
5546	5223	5545	16	-1	-1	-1	0
5639	5337	5338	10	-1	-1	-1	0
5546	5547	5223	16	-1	-1	-1	0
5550	5226	5541	16	-1	-1	-1	0
5547	5548	5224	16	-1	-1	-1	0
5340	5641	5339	10	-1	-1	-1	0
5342	5643	5340	10	-1	-1	-1	0
5226	5550	5551	16	-1	-1	-1	0
5549	5227	5552	16	-1	-1	-1	0
5646	5342	5341	10	-1	-1	-1	0
5227	5551	5552	16	-1	-1	-1	0
5231	5554	5553	10	-1	-1	-1	0
5556	5555	5232	16	-1	-1	-1	0
5233	5555	5557	10	-1	-1	-1	0
5454	5452	5451	10	-1	-1	-1	0
5559	5247	5558	9	-1	-1	0	0
5559	5560	5247	9	-1	-1	-1	0
5560	5562	5248	10	-1	-1	-1	0
5360	5651	5359	13	-1	-1	-1	0
5561	5248	5562	10	-1	-1	-1	0
5326	5526	5525	16	-1	-1	-1	0
5655	5361	5362	13	-1	-1	-1	0
5334	5523	5522	16	-1	-1	-1	0
5254	5563	5564	14	-1	-1	-1	0
5564	5565	5254	14	-1	-1	-1	0
5563	5254	5566	14	-1	-1	-1	0
5656	5369	5361	13	-1	-1	-1	0
5660	5363	5364	13	-1	-1	-1	0
5652	5360	5376	13	-1	-1	-1	0
5566	5255	5568	14	-1	-1	-1	0
5255	5567	5568	14	-1	-1	-1	0
5567	5255	5569	12	-1	-1	-1	0
5256	5565	5572	14	-1	-1	-1	0
5561	5574	5260	10	-1	-1	-1	0
5665	5366	5365	13	-1	-1	-1	0
5571	5256	5570	14	-1	-1	-1	0
5572	5570	5256	14	-1	-1	-1	0
5571	5573	5256	14	-1	-1	-1	0
5364	5373	5663	13	-1	-1	-1	0
5667	5367	5366	13	-1	-1	-1	0
5665	5365	5371	13	-1	-1	-1	0
5569	5258	5574	10	-1	-1	-1	0
5668	5368	5367	13	-1	-1	-1	0
5662	5381	5363	13	-1	-1	-1	0
5399	5359	5650	13	-1	-1	-1	0
5573	5576	5259	14	-1	-1	-1	0
5576	5575	5259	14	-1	-1	-1	0
5372	5368	5670	13	-1	-1	-1	0
5671	5370	5369	13	-1	-1	-1	0
5478	5467	5466	17	-1	-1	-1	0
5672	5371	5370	13	-1	-1	-1	0
5463	5464	5493	17	-1	-1	-1	0
5675	5374	5372	13	-1	-1	-1	0
5463	5496	5462	17	-1	-1	-1	0
5467	5492	5464	17	-1	-1	-1	0
5579	5578	5266	14	-1	-1	-1	0
5676	5373	5375	13	-1	-1	-1	0
5678	5375	5374	13	-1	-1	-1	0
5581	5268	5580	14	-1	-1	-1	0
5583	5579	5268	14	-1	-1	-1	0
5582	5268	5581	14	-1	-1	-1	0
5268	5582	5583	14	-1	-1	-1	0
5584	5580	5269	14	-1	-1	-1	0
5362	5414	5659	13	-1	-1	-1	0
5682	5379	5377	13	-1	-1	-1	0
5269	5586	5584	14	-1	-1	-1	0
5575	5593	5272	14	-1	-1	-1	0
5586	5269	5585	14	-1	-1	-1	0
5587	5585	5269	14	-1	-1	-1	0
5683	5378	5380	13	-1	-1	-1	0
5384	5681	5376	13	-1	-1	-1	0
5682	5377	5383	13	-1	-1	-1	0
5685	5380	5379	13	-1	-1	-1	0
5270	5588	5587	14	-1	-1	-1	0
5683	5385	5378	13	-1	-1	-1	0
5493	5464	5492	17	-1	-1	-1	0
5687	5382	5381	13	-1	-1	-1	0
5591	5271	5589	14	-1	-1	-1	0
5271	5592	5590	14	-1	-1	-1	0
5689	5383	5382	13	-1	-1	-1	0
5271	5591	5592	14	-1	-1	-1	0
5467	5495	5492	17	-1	-1	-1	0
5272	5595	5589	14	-1	-1	-1	0
5596	5588	5273	14	-1	-1	-1	0
5272	5593	5594	14	-1	-1	-1	0
5273	5590	5598	14	-1	-1	-1	0
5272	5594	5595	14	-1	-1	-1	0
5384	5386	5691	13	-1	-1	-1	0
5693	5386	5385	13	-1	-1	-1	0
5273	5597	5596	14	-1	-1	-1	0
5273	5598	5597	14	-1	-1	-1	0
5306	5583	5582	14	-1	-1	-1	0
5599	5296	5577	14	-1	-1	-1	0
5697	5387	5389	10	-1	-1	-1	0
5387	5695	5392	9	-1	0	-1	0
5388	5700	5389	10	-1	-1	-1	0
5393	5698	5388	10	-1	-1	-1	0
5326	5525	5631	16	-1	-1	-1	0
5326	5630	5526	16	-1	-1	-1	0
5394	5698	5393	10	-1	-1	-1	0
5633	5524	5330	16	-1	-1	-1	0
5334	5522	5634	16	-1	-1	-1	0
5306	5601	5583	14	-1	-1	-1	0
5334	5635	5523	16	-1	-1	-1	0
5699	5396	5398	10	-1	-1	-1	0
5599	5577	5317	14	-1	-1	-1	0
5395	5706	5394	10	-1	-1	-1	0
5608	5306	5582	14	-1	-1	-1	0
5395	5396	5706	10	-1	-1	-1	0
5601	5301	5600	10	-1	-1	-1	0
5398	5397	5707	13	-1	-1	-1	0
5397	5399	5708	13	-1	-1	-1	0
5618	5547	5341	10	-1	-1	-1	0
5602	5603	5302	10	-1	-1	-1	0
5303	5604	5605	10	-1	-1	-1	0
5304	5605	5606	10	-1	-1	-1	0
5607	5602	5304	10	-1	-1	-1	0
5607	5304	5606	10	-1	-1	-1	0
5608	5604	5305	10	-1	-1	-1	0
5307	5603	5609	10	-1	-1	-1	0
5710	5405	5407	13	-1	-1	-1	0
5627	5318	5578	14	-1	-1	-1	0
5710	5410	5405	13	-1	-1	-1	0
5609	5610	5307	10	-1	-1	-1	0
5711	5408	5409	13	-1	-1	-1	0
5611	5612	5308	10	-1	-1	-1	0
5308	5610	5613	10	-1	-1	-1	0
5711	5412	5408	13	-1	-1	-1	0
5611	5308	5613	10	-1	-1	-1	0
5645	5341	5547	10	-1	-1	-1	0
5309	5612	5614	10	-1	-1	-1	0
5411	5413	5712	13	-1	-1	-1	0
5614	5616	5309	10	-1	-1	-1	0
5712	5416	5411	13	-1	-1	-1	0
5616	5615	5309	10	-1	-1	-1	0
5713	5414	5415	13	-1	-1	-1	0
5314	5628	5600	10	-1	-1	-1	0
5310	5617	5618	10	-1	-1	-1	0
5710	5407	5429	13	-1	-1	-1	0
5619	5617	5311	10	-1	-1	-1	0
5615	5623	5312	10	-1	-1	-1	0
5710	5430	5410	13	-1	-1	-1	0
5621	5620	5311	10	-1	-1	-1	0
5717	5418	5417	10	-1	-1	-1	0
5311	5622	5619	10	-1	-1	-1	0
5711	5409	5432	13	-1	-1	-1	0
5311	5620	5622	10	-1	-1	-1	0
5425	5714	5415	13	-1	-1	-1	0
5418	5718	5419	10	-1	-1	-1	0
5416	5715	5425	13	-1	-1	-1	0
5433	5412	5711	13	-1	-1	-1	0
5312	5624	5621	10	-1	-1	-1	0
5712	5413	5435	13	-1	-1	-1	0
5623	5625	5312	10	-1	-1	-1	0
5312	5625	5624	10	-1	-1	-1	0
5425	5424	5714	10	-1	-1	-1	0
5721	5423	5419	10	-1	-1	-1	0
5421	5724	5420	10	-1	-1	-1	0
5626	5313	5627	14	-1	-1	-1	0
5557	5504	5505	10	-1	-1	-1	0
5426	5425	5715	10	-1	-1	-1	0
5505	5508	5554	10	-1	-1	-1	0
5553	5508	5507	10	-1	-1	-1	0
5626	5629	5314	14	-1	-1	-1	0
5420	5725	5424	10	-1	-1	-1	0
5314	5629	5628	14	-1	-1	-1	0
5422	5728	5421	10	-1	-1	-1	0
5434	5426	5715	10	-1	-1	-1	0
5422	5423	5732	10	-1	-1	-1	0
5428	5735	5429	10	-1	-1	-1	0
5428	5430	5735	10	-1	-1	-1	0
5633	5329	5632	16	-1	-1	-1	0
5331	5631	5632	10	-1	-1	-1	0
5431	5736	5432	10	-1	-1	-1	0
5736	5431	5433	10	-1	-1	-1	0
5630	5335	5636	10	-1	-1	-1	0
5434	5737	5435	10	-1	-1	-1	0
5636	5335	5637	10	-1	-1	-1	0
5638	5637	5336	10	-1	-1	-1	0
5640	5338	5634	10	-1	-1	-1	0
5639	5638	5337	10	-1	-1	-1	0
5553	5554	5508	10	-1	-1	-1	0
5641	5635	5339	10	-1	-1	-1	0
5640	5639	5338	10	-1	-1	-1	0
5641	5340	5642	10	-1	-1	-1	0
5340	5644	5642	10	-1	-1	-1	0
5622	5501	5503	10	-1	-1	-1	0
5643	5644	5340	10	-1	-1	-1	0
5645	5646	5341	10	-1	-1	-1	0
5643	5342	5647	10	-1	-1	-1	0
5443	5449	5740	10	-1	-1	-1	0
5646	5648	5342	10	-1	-1	-1	0
5454	5443	5739	10	-1	-1	-1	0
5649	5647	5342	10	-1	-1	-1	0
5449	5448	5741	9	-1	0	-1	0
5342	5648	5649	10	-1	-1	-1	0
5456	5744	5450	17	-1	-1	-1	0
5746	5452	5454	10	-1	-1	-1	0
5452	5747	5453	15	-1	-1	-1	0
5453	5750	5455	17	-1	-1	-1	0
5651	5650	5359	13	-1	-1	-1	0
5456	5455	5753	17	-1	-1	-1	0
5654	5651	5360	13	-1	-1	-1	0
5653	5360	5652	13	-1	-1	-1	0
5360	5653	5654	13	-1	-1	-1	0
5476	5450	5743	17	-1	-1	-1	0
5457	5458	5757	17	-1	-1	-1	0
5460	5457	5756	17	-1	-1	-1	0
5657	5361	5655	13	-1	-1	-1	0
5361	5657	5656	13	-1	-1	-1	0
5658	5655	5362	13	-1	-1	-1	0
5638	5520	5519	16	-1	-1	-1	0
5759	5459	5460	17	-1	-1	-1	0
5658	5362	5659	13	-1	-1	-1	0
5633	5525	5524	16	-1	-1	-1	0
5363	5660	5661	13	-1	-1	-1	0
5761	5465	5459	17	-1	-1	-1	0
5363	5661	5662	13	-1	-1	-1	0
5471	5758	5458	17	-1	-1	-1	0
5664	5660	5364	13	-1	-1	-1	0
5664	5364	5663	13	-1	-1	-1	0
5671	5369	5656	13	-1	-1	-1	0
5665	5666	5366	13	-1	-1	-1	0
5766	5466	5465	17	-1	-1	-1	0
5667	5366	5666	13	-1	-1	-1	0
5667	5669	5367	13	-1	-1	-1	0
5668	5367	5669	13	-1	-1	-1	0
5644	5530	5531	16	-1	-1	-1	0
5648	5529	5528	16	-1	-1	-1	0
5668	5670	5368	13	-1	-1	-1	0
5680	5652	5376	13	-1	-1	-1	0
5470	5468	5770	17	-1	-1	-1	0
5665	5371	5674	13	-1	-1	-1	0
5772	5469	5470	17	-1	-1	-1	0
5478	5466	5767	17	-1	-1	-1	0
5469	5771	5471	17	-1	-1	-1	0
5676	5663	5373	13	-1	-1	-1	0
5475	5770	5468	17	-1	-1	-1	0
5467	5478	5769	17	-1	-1	-1	0
5671	5673	5370	13	-1	-1	-1	0
5672	5370	5673	13	-1	-1	-1	0
5372	5670	5675	13	-1	-1	-1	0
5672	5674	5371	13	-1	-1	-1	0
5493	5765	5463	17	-1	-1	-1	0
5767	5479	5478	10	-1	-1	-1	0
5769	5478	5477	10	-1	-1	-1	0
5496	5463	5765	17	-1	-1	-1	0
5677	5374	5675	13	-1	-1	-1	0
5474	5472	5781	17	-1	-1	-1	0
5374	5677	5678	13	-1	-1	-1	0
5472	5476	5781	17	-1	-1	-1	0
5783	5473	5474	17	-1	-1	-1	0
5495	5467	5768	17	-1	-1	-1	0
5687	5381	5662	13	-1	-1	-1	0
5473	5782	5475	17	-1	-1	-1	0
5676	5375	5679	13	-1	-1	-1	0
5678	5679	5375	13	-1	-1	-1	0
5680	5376	5681	13	-1	-1	-1	0
5546	5645	5547	10	-1	-1	-1	0
5477	5494	5769	10	-1	-1	-1	0
5682	5684	5379	13	-1	-1	-1	0
5685	5379	5684	13	-1	-1	-1	0
5380	5686	5683	13	-1	-1	-1	0
5765	5493	5491	10	-1	-1	-1	0
5685	5686	5380	13	-1	-1	-1	0
5491	5496	5765	10	-1	-1	-1	0
5682	5383	5690	13	-1	-1	-1	0
5479	5796	5480	10	-1	-1	-1	0
5691	5681	5384	13	-1	-1	-1	0
5688	5382	5687	13	-1	-1	-1	0
5768	5494	5495	10	-1	-1	-1	0
5708	5399	5650	13	-1	-1	-1	0
5689	5382	5688	13	-1	-1	-1	0
5692	5385	5683	13	-1	-1	-1	0
5480	5797	5483	10	-1	-1	-1	0
5481	5798	5482	10	-1	-1	-1	0
5689	5690	5383	13	-1	-1	-1	0
5799	5481	5483	10	-1	-1	-1	0
5422	5672	5673	10	-1	-1	-1	0
5482	5800	5488	10	-1	-1	-1	0
5485	5484	5801	10	-1	-1	-1	0
5385	5692	5693	13	-1	-1	-1	0
5691	5386	5694	13	-1	-1	-1	0
5386	5693	5694	13	-1	-1	-1	0
5802	5484	5490	10	-1	-1	-1	0
5486	5804	5487	10	-1	-1	-1	0
5695	5387	5696	9	-1	-1	0	0
5805	5486	5488	10	-1	-1	-1	0
5696	5387	5697	9	-1	-1	-1	0
5806	5489	5487	10	-1	-1	-1	0
5578	5579	5626	14	-1	-1	-1	0
5699	5388	5698	10	-1	-1	-1	0
5713	5659	5414	13	-1	-1	-1	0
5803	5498	5485	10	-1	-1	-1	0
5700	5388	5699	10	-1	-1	-1	0
5489	5808	5490	10	-1	-1	-1	0
5389	5701	5697	10	-1	-1	-1	0
5633	5631	5525	16	-1	-1	-1	0
5629	5579	5583	14	-1	-1	-1	0
5389	5700	5703	10	-1	-1	-1	0
5389	5703	5702	10	-1	-1	-1	0
5701	5389	5704	10	-1	-1	-1	0
5519	5637	5638	16	-1	-1	-1	0
5705	5389	5702	10	-1	-1	-1	0
5699	5398	5700	10	-1	-1	-1	0
5520	5638	5639	16	-1	-1	-1	0
5394	5706	5698	10	-1	-1	-1	0
5705	5704	5389	10	-1	-1	-1	0
5396	5699	5706	10	-1	-1	-1	0
5700	5398	5709	10	-1	-1	-1	0
5498	5815	5497	10	-1	-1	-1	0
5708	5707	5397	13	-1	-1	-1	0
5629	5583	5601	14	-1	-1	-1	0
5709	5398	5707	10	-1	-1	-1	0
5501	5819	5500	9	-1	0	-1	0
5423	5667	5733	10	-1	-1	-1	0
5734	5667	5423	10	-1	-1	-1	0
5528	5649	5648	16	-1	-1	-1	0
5732	5672	5422	10	-1	-1	-1	0
5731	5422	5673	10	-1	-1	-1	0
5822	5503	5502	10	-1	-1	-1	0
5628	5601	5600	10	-1	-1	-1	0
5506	5823	5502	10	-1	-1	-1	0
5578	5626	5627	14	-1	-1	-1	0
5629	5626	5579	14	-1	-1	-1	0
5504	5826	5506	10	-1	-1	-1	0
5415	5714	5713	13	-1	-1	-1	0
5712	5715	5416	13	-1	-1	-1	0
5510	5831	5509	16	-1	-1	-1	0
5716	5717	5417	10	-1	-1	6	0
5717	5720	5418	10	-1	-1	-1	0
5718	5418	5719	10	-1	-1	-1	0
5510	5513	5833	16	-1	-1	-1	0
5719	5418	5720	10	-1	-1	-1	0
5601	5628	5629	14	-1	-1	-1	0
5722	5419	5718	10	-1	-1	-1	0
5835	5512	5511	16	-1	-1	-1	0
5837	5513	5512	16	-1	-1	-1	0
5419	5722	5721	10	-1	-1	-1	0
5835	5511	5516	16	-1	-1	-1	0
5714	5424	5725	10	-1	-1	-1	0
5725	5420	5723	10	-1	-1	-1	0
5839	5515	5514	16	-1	-1	-1	0
5420	5726	5723	10	-1	-1	-1	0
5724	5726	5420	10	-1	-1	-1	0
5841	5516	5515	16	-1	-1	-1	0
5710	5429	5735	13	-1	-1	-1	0
5421	5729	5724	10	-1	-1	-1	0
5430	5710	5735	13	-1	-1	-1	0
5729	5421	5727	10	-1	-1	-1	0
5721	5734	5423	10	-1	-1	-1	0
5421	5730	5727	10	-1	-1	-1	0
5728	5730	5421	10	-1	-1	-1	0
5843	5519	5517	16	-1	-1	-1	0
5711	5432	5736	13	-1	-1	-1	0
5433	5711	5736	13	-1	-1	-1	0
5728	5422	5731	10	-1	-1	-1	0
5844	5518	5520	16	-1	-1	-1	0
5737	5712	5435	13	-1	-1	-1	0
5844	5522	5518	16	-1	-1	-1	0
5843	5517	5526	16	-1	-1	-1	0
5715	5737	5434	10	-1	-1	-1	0
5827	5504	5557	10	-1	-1	-1	0
5733	5732	5423	10	-1	-1	-1	0
5845	5521	5523	16	-1	-1	-1	0
5839	5514	5539	16	-1	-1	-1	0
5631	5633	5632	16	-1	-1	-1	0
5845	5531	5521	16	-1	-1	-1	0
5556	5509	5832	16	-1	-1	-1	0
5846	5528	5527	16	-1	-1	-1	0
5846	5527	5530	16	-1	-1	-1	0
5850	5532	5534	16	-1	-1	-1	0
5850	5536	5532	16	-1	-1	-1	0
5852	5534	5533	16	-1	-1	-1	0
5738	5739	5443	10	-1	-1	-1	0
5740	5738	5443	10	-1	-1	-1	0
5545	5529	5847	16	-1	-1	-1	0
5854	5535	5537	16	-1	-1	-1	0
5854	5538	5535	16	-1	-1	-1	0
5856	5537	5536	16	-1	-1	-1	0
5742	5740	5449	9	-1	-1	-1	0
5741	5742	5449	9	0	-1	-1	0
5851	5533	5549	16	-1	-1	-1	0
5859	5539	5538	16	-1	-1	-1	0
5450	5745	5743	17	-1	-1	-1	0
5745	5450	5744	17	-1	-1	-1	0
5739	5746	5454	10	-1	-1	-1	0
5557	5555	5827	10	-1	-1	-1	0
5542	5540	5861	16	-1	-1	-1	0
5501	5622	5821	10	-1	-1	-1	0
5747	5452	5746	10	-1	-1	-1	0
5541	5544	5862	16	-1	-1	-1	0
5542	5863	5543	10	-1	-1	-1	0
5453	5747	5748	15	-1	-1	-1	0
5548	5861	5540	16	-1	-1	-1	0
5453	5748	5749	17	-1	-1	-1	0
5622	5503	5825	10	-1	-1	-1	0
5543	5865	5544	10	-1	-1	-1	0
5453	5749	5751	17	-1	-1	-1	0
5550	5541	5862	16	-1	-1	-1	0
5750	5453	5751	17	-1	-1	-1	0
5754	5744	5456	17	-1	-1	-1	0
5455	5750	5752	17	-1	-1	-1	0
5546	5545	5868	16	-1	-1	-1	0
5455	5752	5753	17	-1	-1	-1	0
5753	5755	5456	17	-1	-1	-1	0
5754	5456	5755	17	-1	-1	-1	0
5548	5547	5870	10	-1	-1	-1	0
5757	5756	5457	17	-1	-1	-1	0
5871	5549	5552	16	-1	-1	-1	0
5872	5551	5550	10	-1	-1	-1	0
5758	5757	5458	17	-1	-1	-1	0
5551	5873	5552	10	-1	-1	-1	0
5759	5760	5459	17	-1	-1	-1	0
5762	5460	5756	17	-1	-1	-1	0
5459	5760	5761	17	-1	-1	-1	0
5764	5759	5460	17	-1	-1	-1	0
5460	5762	5763	17	-1	-1	-1	0
5555	5556	5876	16	-1	-1	-1	0
5460	5763	5764	17	-1	-1	-1	0
5766	5465	5761	17	-1	-1	-1	0
5560	5559	5877	9	-1	0	-1	0
5843	5526	5630	16	-1	-1	-1	0
5766	5767	5466	17	-1	-1	-1	0
5637	5519	5843	16	-1	-1	-1	0
5634	5522	5844	16	-1	-1	-1	0
5880	5562	5560	10	-1	-1	-1	0
5844	5520	5639	16	-1	-1	-1	0
5523	5635	5845	16	-1	-1	-1	0
5483	5761	5760	17	-1	-1	-1	0
5769	5768	5467	17	-1	-1	-1	0
5562	5883	5561	10	-1	-1	-1	0
5778	5758	5471	17	-1	-1	-1	0
5774	5771	5469	17	-1	-1	-1	0
5772	5773	5469	17	-1	-1	-1	0
5743	5795	5476	17	-1	-1	-1	0
5488	5764	5763	17	-1	-1	-1	0
5775	5470	5770	17	-1	-1	-1	0
5469	5773	5774	17	-1	-1	-1	0
5561	5881	5574	10	-1	-1	-1	0
5564	5563	5890	14	-1	-1	-1	0
5776	5772	5470	17	-1	-1	-1	0
5889	5563	5566	14	-1	-1	-1	0
5564	5892	5565	14	-1	-1	-1	0
5644	5848	5530	16	-1	-1	-1	0
5471	5771	5780	17	-1	-1	-1	0
5470	5775	5777	17	-1	-1	-1	0
5470	5777	5776	17	-1	-1	-1	0
5649	5528	5846	16	-1	-1	-1	0
5881	5569	5574	10	-1	-1	-1	0
5849	5644	5531	16	-1	-1	-1	0
5529	5648	5847	16	-1	-1	-1	0
5779	5778	5471	17	-1	-1	-1	0
5566	5568	5895	10	-1	-1	-1	0
5471	5780	5779	17	-1	-1	-1	0
5893	5572	5565	14	-1	-1	-1	0
5769	5494	5768	10	-1	-1	-1	0
5567	5896	5568	10	-1	-1	-1	0
5567	5569	5896	10	-1	-1	-1	0
5789	5770	5475	17	-1	-1	-1	0
5870	5547	5618	10	-1	-1	-1	0
5571	5570	5897	14	-1	-1	-1	0
5783	5784	5473	17	-1	-1	-1	0
5785	5782	5473	17	-1	-1	-1	0
5898	5570	5572	14	-1	-1	-1	0
5483	5797	5761	17	-1	-1	-1	0
5786	5474	5781	17	-1	-1	-1	0
5760	5799	5483	17	-1	-1	-1	0
5473	5784	5785	17	-1	-1	-1	0
5479	5767	5796	10	-1	-1	-1	0
5730	5656	5657	13	-1	-1	-1	0
5726	5658	5659	13	-1	-1	-1	0
5571	5899	5573	14	-1	-1	-1	0
5787	5783	5474	17	-1	-1	-1	0
5475	5782	5791	17	-1	-1	-1	0
5788	5474	5786	17	-1	-1	-1	0
5792	5781	5476	17	-1	-1	-1	0
5474	5788	5787	17	-1	-1	-1	0
5764	5488	5800	17	-1	-1	-1	0
5903	5576	5573	14	-1	-1	-1	0
5790	5789	5475	17	-1	-1	-1	0
5475	5791	5790	17	-1	-1	-1	0
5905	5575	5576	14	-1	-1	-1	0
5763	5805	5488	17	-1	-1	-1	0
5546	5869	5645	10	-1	-1	-1	0
5476	5794	5792	17	-1	-1	-1	0
5622	5620	5821	10	-1	-1	-1	0
5794	5476	5793	17	-1	-1	-1	0
5795	5793	5476	17	-1	-1	-1	0
5666	5733	5667	10	-1	-1	-1	0
5734	5669	5667	10	-1	-1	-1	0
5911	5581	5580	14	-1	-1	-1	0
5797	5480	5796	10	-1	-1	-1	0
5584	5910	5580	14	-1	-1	-1	0
5907	5593	5575	14	-1	-1	-1	0
5912	5582	5581	14	-1	-1	-1	0
5799	5798	5481	10	-1	-1	-1	0
5674	5672	5732	10	-1	-1	-1	0
5800	5482	5798	10	-1	-1	-1	0
5584	5586	5913	14	-1	-1	-1	0
5914	5586	5585	14	-1	-1	-1	0
5915	5585	5587	14	-1	-1	-1	0
5801	5484	5802	10	-1	-1	-1	0
5803	5485	5801	10	-1	-1	-1	0
5918	5587	5588	14	-1	-1	-1	0
5805	5804	5486	10	-1	-1	-1	0
5487	5804	5806	10	-1	-1	-1	0
5866	5618	5617	10	-1	-1	-1	0
5922	5591	5589	14	-1	-1	-1	0
5608	5582	5912	14	-1	-1	-1	0
5806	5807	5489	10	-1	-1	-1	0
5490	5811	5802	10	-1	-1	-1	0
5699	5698	5706	10	-1	-1	-1	0
5920	5588	5596	14	-1	-1	-1	0
5809	5489	5807	10	-1	-1	-1	0
5923	5590	5592	14	-1	-1	-1	0
5809	5808	5489	10	-1	-1	-1	0
5922	5589	5595	14	-1	-1	-1	0
5925	5592	5591	14	-1	-1	-1	0
5636	5843	5630	16	-1	-1	-1	0
5874	5617	5619	10	-1	-1	-1	0
5923	5598	5590	14	-1	-1	-1	0
5808	5813	5490	10	-1	-1	-1	0
5709	5703	5700	10	-1	-1	-1	0
5812	5490	5810	10	-1	-1	-1	0
5490	5813	5810	10	-1	-1	-1	0
5490	5812	5811	10	-1	-1	-1	0
5927	5594	5593	14	-1	-1	-1	0
5637	5843	5636	16	-1	-1	-1	0
5803	5817	5498	10	-1	-1	-1	0
5929	5595	5594	14	-1	-1	-1	0
5634	5844	5640	16	-1	-1	-1	0
5603	5602	5917	10	-1	-1	-1	0
5640	5844	5639	16	-1	-1	-1	0
5931	5596	5597	14	-1	-1	-1	0
5815	5814	5497	10	-1	6	-1	0
5917	5602	5607	10	-1	-1	-1	0
5933	5597	5598	14	-1	-1	-1	0
5916	5609	5603	10	-1	-1	-1	0
5498	5816	5815	10	-1	-1	-1	0
5642	5849	5641	10	-1	-1	-1	0
5818	5816	5498	10	-1	-1	-1	0
5818	5498	5817	10	-1	-1	-1	0
5644	5643	5848	10	-1	-1	-1	0
5642	5644	5849	10	-1	-1	-1	0
5848	5643	5647	10	-1	-1	-1	0
5501	5820	5819	9	-1	0	-1	0
5847	5648	5646	10	-1	-1	-1	0
5501	5821	5820	9	-1	-1	-1	0
5604	5936	5605	10	-1	-1	-1	0
5822	5502	5823	10	-1	-1	-1	0
5935	5604	5608	10	-1	-1	-1	0
5606	5605	5937	10	-1	-1	-1	0
5822	5824	5503	10	-1	-1	-1	0
5606	5938	5607	10	-1	-1	-1	0
5825	5503	5824	10	-1	-1	-1	0
5827	5826	5504	10	-1	-1	-1	0
5506	5829	5823	10	-1	-1	-1	0
5610	5609	5940	10	-1	-1	-1	0
5869	5646	5645	10	-1	-1	-1	0
5826	5831	5506	10	-1	-1	-1	0
5830	5506	5828	10	-1	-1	-1	0
5715	5712	5737	13	-1	-1	-1	0
5610	5941	5613	10	-1	-1	-1	0
5506	5831	5828	10	-1	-1	-1	0
5506	5830	5829	10	-1	-1	-1	0
5612	5611	5943	10	-1	-1	-1	0
5942	5611	5613	10	-1	-1	-1	0
5612	5945	5614	10	-1	-1	-1	0
5509	5831	5832	16	-1	-1	-1	0
5510	5834	5831	16	-1	-1	-1	0
5614	5946	5616	10	-1	-1	-1	0
5834	5510	5833	16	-1	-1	-1	0
5949	5615	5616	10	-1	-1	-1	0
5836	5512	5835	16	-1	-1	-1	0
5833	5513	5838	16	-1	-1	-1	0
5837	5512	5836	16	-1	-1	-1	0
5615	5948	5623	10	-1	-1	-1	0
5837	5838	5513	16	-1	-1	-1	0
5516	5842	5835	16	-1	-1	-1	0
5840	5515	5839	16	-1	-1	-1	0
5840	5841	5515	16	-1	-1	-1	0
5955	5619	5622	10	-1	-1	-1	0
5958	5620	5621	9	-1	-1	-1	0
5841	5842	5516	16	-1	-1	-1	0
5621	5624	5960	9	-1	-1	-1	0
5961	5625	5623	10	-1	-1	-1	0
5624	5625	5965	10	-1	-1	-1	0
5846	5530	5848	16	-1	-1	-1	0
5849	5531	5845	16	-1	-1	-1	0
5533	5851	5852	16	-1	-1	-1	0
5850	5534	5853	16	-1	-1	-1	0
5839	5539	5860	16	-1	-1	-1	0
5852	5853	5534	16	-1	-1	-1	0
5850	5855	5536	16	-1	-1	-1	0
5970	5635	5641	10	-1	-1	-1	0
5856	5536	5855	16	-1	-1	-1	0
5854	5537	5857	16	-1	-1	-1	0
5858	5538	5854	16	-1	-1	-1	0
5856	5857	5537	16	-1	-1	-1	0
5538	5858	5859	16	-1	-1	-1	0
5539	5859	5860	16	-1	-1	-1	0
5827	5555	5876	10	-1	-1	-1	0
5868	5545	5847	16	-1	-1	-1	0
5556	5832	5876	16	-1	-1	-1	0
5649	5971	5647	10	-1	-1	-1	0
5864	5542	5861	10	-1	-1	-1	0
5863	5542	5864	10	-1	-1	-1	0
5851	5549	5871	16	-1	-1	-1	0
5866	5543	5863	10	-1	-1	-1	0
5867	5862	5544	10	-1	-1	-1	0
5861	5548	5864	10	-1	-1	-1	0
5651	5973	5650	13	-1	-1	-1	0
5865	5543	5866	10	-1	-1	-1	0
5544	5865	5867	10	-1	-1	-1	0
5550	5862	5867	10	-1	-1	-1	0
5651	5654	5974	13	-1	-1	-1	0
5976	5653	5652	13	-1	-1	-1	0
5548	5870	5864	10	-1	-1	-1	0
5868	5869	5546	10	-1	-1	-1	0
5978	5654	5653	13	-1	-1	-1	0
5872	5550	5867	10	-1	-1	-1	0
5980	5657	5655	13	-1	-1	-1	0
5980	5655	5658	13	-1	-1	-1	0
5874	5551	5872	10	-1	-1	-1	0
5875	5871	5552	10	-1	-1	-1	0
5873	5551	5874	10	-1	-1	-1	0
5552	5873	5875	10	-1	-1	-1	0
5985	5661	5660	13	-1	-1	-1	0
5671	5656	5981	13	-1	-1	-1	0
5976	5652	5680	13	-1	-1	-1	0
5985	5660	5664	13	-1	-1	-1	0
5987	5662	5661	13	-1	-1	-1	0
5878	5560	5877	9	-1	-1	0	0
5878	5879	5560	9	0	-1	-1	0
5990	5664	5663	13	-1	-1	-1	0
5880	5560	5879	9	-1	-1	-1	0
5666	5665	5992	13	-1	-1	-1	0
5882	5881	5561	10	-1	-1	-1	0
5766	5761	5797	17	-1	-1	-1	0
5883	5882	5561	10	-1	-1	-1	0
5562	5880	5886	10	-1	-1	-1	0
5989	5663	5676	13	-1	-1	-1	0
5883	5562	5885	10	-1	-1	-1	0
5708	5650	5972	13	-1	-1	-1	0
5885	5562	5884	10	-1	-1	-1	0
5674	5992	5665	13	-1	-1	-1	0
5668	5669	5994	13	-1	-1	-1	0
5668	5995	5670	13	-1	-1	-1	0
5887	5884	5562	10	-1	-1	-1	0
5887	5562	5886	10	-1	-1	-1	0
5687	5662	5988	13	-1	-1	-1	0
5888	5563	5889	14	-1	-1	-1	0
5890	5563	5888	14	-1	-1	-1	0
5673	5671	5998	13	-1	-1	-1	0
5675	5670	5997	13	-1	-1	-1	0
5894	5566	5883	10	-1	-1	-1	0
5566	5895	5883	10	-1	-1	-1	0
5564	5890	5891	14	-1	-1	-1	0
5569	5881	5896	10	-1	-1	-1	0
5891	5892	5564	14	-1	-1	-1	0
5894	5889	5566	10	-1	-1	-1	0
5565	5892	5893	14	-1	-1	-1	0
5677	5675	5999	13	-1	-1	-1	0
5870	5618	5866	10	-1	-1	-1	0
5679	6000	5676	13	-1	-1	-1	0
5984	5659	5713	13	-1	-1	-1	0
5678	5677	6001	10	-1	-1	-1	0
5617	5874	5866	10	-1	-1	-1	0
5896	5895	5568	10	-1	-1	-1	0
5678	6003	5679	10	-1	-1	-1	0
5847	5646	5869	10	-1	-1	-1	0
5898	5897	5570	14	-1	-1	-1	0
5726	5983	5658	13	-1	-1	-1	0
5656	5730	5981	13	-1	-1	-1	0
5902	5572	5893	14	-1	-1	-1	0
5571	5897	5900	14	-1	-1	-1	0
5659	5984	5726	13	-1	-1	-1	0
5657	5982	5730	13	-1	-1	-1	0
6008	5680	5681	13	-1	-1	-1	0
5900	5899	5571	14	-1	-1	-1	0
5898	5572	5901	14	-1	-1	-1	0
5902	5901	5572	14	-1	-1	-1	0
5573	5899	5904	14	-1	-1	-1	0
5684	5682	6010	13	-1	-1	-1	0
6011	5683	5686	13	-1	-1	-1	0
5904	5903	5573	14	-1	-1	-1	0
5684	6012	5685	10	-1	-1	-1	0
5691	6009	5681	13	-1	-1	-1	0
6010	5682	5690	13	-1	-1	-1	0
6014	5686	5685	10	-1	-1	-1	0
5692	5683	6011	13	-1	-1	-1	0
5905	5906	5575	14	-1	-1	-1	0
5576	5903	5908	14	-1	-1	-1	0
5575	5906	5907	14	-1	-1	-1	0
5909	5905	5576	14	-1	-1	-1	0
5733	5666	5993	10	-1	-1	-1	0
5909	5576	5908	14	-1	-1	-1	0
5688	5687	6018	13	-1	-1	-1	0
5688	6020	5689	10	-1	-1	-1	0
5620	5957	5821	9	-1	-1	-1	0
5674	5732	5993	10	-1	-1	-1	0
5669	5734	5996	10	-1	-1	-1	0
5911	5580	5910	14	-1	-1	-1	0
6021	5690	5689	10	-1	-1	-1	0
5622	5825	5955	10	-1	-1	-1	0
5998	5731	5673	10	-1	-1	-1	0
5912	5581	5911	14	-1	-1	-1	0
5913	5910	5584	14	-1	-1	-1	0
6023	5691	5694	13	-1	-1	-1	0
6024	5693	5692	10	-1	-1	-1	0
5693	6025	5694	10	-1	-1	-1	0
5914	5585	5915	14	-1	-1	-1	0
5913	5586	5917	14	-1	-1	-1	0
5586	5914	5916	14	-1	-1	-1	0
5586	5916	5917	14	-1	-1	-1	0
5587	5919	5915	14	-1	-1	-1	0
5697	6028	5696	9	-1	0	-1	0
5919	5587	5918	14	-1	-1	-1	0
5927	5593	5907	14	-1	-1	-1	0
5921	5918	5588	14	-1	-1	-1	0
5921	5588	5920	14	-1	-1	-1	0
5701	6030	5697	10	-1	-1	-1	0
5726	5984	5723	10	-1	-1	-1	0
5723	5984	5725	10	-1	-1	-1	0
5726	5724	5983	10	-1	-1	-1	0
5701	5704	6031	10	-1	-1	-1	0
5916	5603	5917	10	-1	-1	-1	0
5983	5724	5729	10	-1	-1	-1	0
5924	5591	5922	14	-1	-1	-1	0
5727	5982	5729	10	-1	-1	-1	0
5703	6033	5702	10	-1	-1	-1	0
5727	5730	5982	10	-1	-1	-1	0
5730	5728	5981	10	-1	-1	-1	0
5702	6032	5705	10	-1	-1	-1	0
5925	5591	5924	14	-1	-1	-1	0
5981	5728	5731	10	-1	-1	-1	0
5923	5592	5926	14	-1	-1	-1	0
5718	5719	6005	10	-1	-1	-1	0
5925	5926	5592	14	-1	-1	-1	0
5722	5718	6005	10	-1	-1	-1	0
6037	5704	5705	10	-1	-1	-1	0
5931	5920	5596	14	-1	-1	-1	0
5874	5619	5954	10	-1	-1	-1	0
5613	5915	5919	14	-1	-1	-1	0
5595	5930	5922	14	-1	-1	-1	0
5709	6036	5703	10	-1	-1	-1	0
5928	5594	5927	14	-1	-1	-1	0
5635	5970	5845	16	-1	-1	-1	0
5928	5929	5594	14	-1	-1	-1	0
5709	5707	6036	10	-1	-1	-1	0
5929	5930	5595	14	-1	-1	-1	0
5934	5598	5923	14	-1	-1	-1	0
5608	5912	5935	14	-1	-1	-1	0
5707	5708	6041	13	-1	-1	-1	0
5733	5993	5732	10	-1	-1	-1	0
5931	5597	5932	14	-1	-1	-1	0
5970	5641	5849	10	-1	-1	-1	0
5597	5933	5932	14	-1	-1	-1	0
5939	5917	5607	10	-1	-1	-1	0
5916	5940	5609	10	-1	-1	-1	0
5598	5934	5933	14	-1	-1	-1	0
5649	5846	5971	16	-1	-1	-1	0
5848	5647	5971	10	-1	-1	-1	0
5613	5941	5915	14	-1	-1	-1	0
6042	5713	5714	13	-1	-1	-1	0
5613	5919	5942	14	-1	-1	-1	0
5604	5935	5936	10	-1	-1	-1	0
5716	6044	5717	10	-1	-1	-1	0
5605	5936	5937	10	-1	-1	-1	0
5606	5937	5938	10	-1	-1	-1	0
5714	5725	6042	10	-1	-1	-1	0
5717	6046	5720	10	-1	-1	-1	0
5607	5938	5939	10	-1	-1	-1	0
5832	5826	5827	10	-1	-1	-1	0
5824	5822	5841	10	-1	-1	-1	0
5720	6050	5719	10	-1	-1	-1	0
5831	5826	5832	10	-1	-1	-1	0
5829	5837	5823	10	-1	-1	-1	0
5941	5610	5940	10	-1	-1	-1	0
5828	5834	5830	10	-1	-1	-1	0
5828	5831	5834	10	-1	-1	-1	0
6052	5721	5722	10	-1	-1	-1	0
5946	5933	5616	10	-1	-1	-1	0
5611	5942	5943	10	-1	-1	-1	0
5829	5830	5838	10	-1	-1	-1	0
5616	5933	5950	10	-1	-1	-1	0
5612	5943	5944	10	-1	-1	-1	0
5945	5612	5944	10	-1	-1	-1	0
5837	5829	5838	10	-1	-1	-1	0
5947	5614	5945	10	-1	-1	-1	0
6051	5734	5721	10	-1	-1	-1	0
5614	5947	5946	10	-1	-1	-1	0
5948	5615	5949	10	-1	-1	-1	0
5616	5951	5949	10	-1	-1	-1	0
5952	5616	5950	10	-1	-1	-1	0
5616	5952	5951	10	-1	-1	-1	0
5619	5953	5954	10	-1	-1	-1	0
5953	5619	5955	10	-1	-1	-1	0
5623	5948	5961	10	-1	-1	-1	0
5957	5620	5956	9	-1	-1	0	0
5620	5958	5956	9	-1	0	-1	0
5876	5832	5827	10	-1	-1	-1	0
5738	6058	5739	10	-1	-1	-1	0
5740	6057	5738	10	-1	-1	-1	0
5621	5959	5958	9	-1	0	-1	0
5959	5621	5960	9	-1	-1	0	0
5740	5742	6062	9	-1	0	-1	0
6060	5746	5739	10	-1	-1	-1	0
5963	5960	5624	9	0	-1	-1	0
5962	5963	5624	9	0	-1	-1	0
5962	5624	5964	9	-1	-1	0	0
5746	6060	5747	10	-1	-1	-1	0
5624	5965	5964	9	-1	-1	-1	0
5968	5625	5961	10	-1	-1	-1	0
5745	6066	5743	17	-1	-1	-1	0
5966	5965	5625	10	-1	-1	-1	0
5745	5744	6067	17	-1	-1	-1	0
5966	5625	5967	10	-1	-1	-1	0
5625	5969	5967	10	-1	-1	-1	0
6061	5751	5749	10	-1	-1	-1	0
5968	5969	5625	10	-1	-1	-1	0
5754	6068	5744	17	-1	-1	-1	0
6072	5748	5747	10	-1	-1	-1	0
5748	6072	5749	10	-1	-1	-1	0
5750	5751	6073	17	-1	-1	-1	0
6074	5752	5750	17	-1	-1	-1	0
6076	5753	5752	17	-1	-1	-1	0
5869	5868	5847	10	-1	-1	-1	0
5755	5753	6076	17	-1	-1	-1	0
6077	5754	5755	17	-1	-1	-1	0
5864	5866	5863	10	-1	-1	-1	0
6082	5756	5757	17	-1	-1	-1	0
5650	5973	5972	13	-1	-1	-1	0
5851	5871	5875	10	-1	-1	-1	0
5651	5975	5973	13	-1	-1	-1	0
6085	5757	5758	17	-1	-1	-1	0
5866	5864	5870	10	-1	-1	-1	0
5975	5651	5974	13	-1	-1	-1	0
6084	5762	5756	17	-1	-1	-1	0
6066	5795	5743	17	-1	-1	-1	0
5874	5865	5866	10	-1	-1	-1	0
5874	5867	5865	10	-1	-1	-1	0
5976	5977	5653	13	-1	-1	-1	0
5974	5654	5979	13	-1	-1	-1	0
5978	5653	5977	13	-1	-1	-1	0
6090	5760	5759	17	-1	-1	-1	0
5978	5979	5654	13	-1	-1	-1	0
5867	5874	5872	10	-1	-1	-1	0
6090	5759	5764	17	-1	-1	-1	0
6091	5763	5762	17	-1	-1	-1	0
5982	5657	5980	13	-1	-1	-1	0
5980	5658	5983	13	-1	-1	-1	0
6088	5758	5778	17	-1	-1	-1	0
5767	5766	6092	17	-1	-1	-1	0
5986	5661	5985	13	-1	-1	-1	0
5661	5986	5987	13	-1	-1	-1	0
5662	5987	5988	13	-1	-1	-1	0
6093	5775	5770	17	-1	-1	-1	0
6095	5771	5774	17	-1	-1	-1	0
5985	5664	5991	13	-1	-1	-1	0
6096	5773	5772	17	-1	-1	-1	0
5990	5663	5989	13	-1	-1	-1	0
6096	5772	5776	17	-1	-1	-1	0
5990	5991	5664	13	-1	-1	-1	0
6098	5774	5773	17	-1	-1	-1	0
6095	5780	5771	17	-1	-1	-1	0
5799	5760	6090	17	-1	-1	-1	0
5998	5671	5981	13	-1	-1	-1	0
5992	5993	5666	10	-1	-1	-1	0
6100	5777	5775	17	-1	-1	-1	0
5770	5789	6094	17	-1	-1	-1	0
6090	5764	5800	17	-1	-1	-1	0
6092	5766	5797	17	-1	-1	-1	0
5796	5767	6092	10	-1	-1	-1	0
6102	5776	5777	17	-1	-1	-1	0
5995	5668	5994	13	-1	-1	-1	0
5805	5763	6091	17	-1	-1	-1	0
5996	5994	5669	10	-1	-1	-1	0
5882	5896	5881	10	-1	-1	-1	0
5993	5992	5674	10	-1	-1	-1	0
5895	5882	5883	10	-1	-1	-1	0
6104	5778	5779	17	-1	-1	-1	0
5997	5670	5995	13	-1	-1	-1	0
5885	5894	5883	10	-1	-1	-1	0
5976	5680	6007	13	-1	-1	-1	0
5849	5845	5970	16	-1	-1	-1	0
6106	5779	5780	17	-1	-1	-1	0
5846	5848	5971	16	-1	-1	-1	0
5989	5676	6000	13	-1	-1	-1	0
5999	5675	5997	13	-1	-1	-1	0
5896	5882	5895	10	-1	-1	-1	0
6109	5786	5781	17	-1	-1	-1	0
5782	5785	6110	17	-1	-1	-1	0
6111	5784	5783	17	-1	-1	-1	0
5999	6002	5677	10	-1	-1	-1	0
6001	5677	6002	10	-1	-1	-1	0
6111	5783	5787	17	-1	-1	-1	0
5792	6108	5781	17	-1	-1	-1	0
6113	5785	5784	17	-1	-1	-1	0
6004	5678	6001	10	-1	-1	-1	0
6110	5791	5782	17	-1	-1	-1	0
5679	6006	6000	10	-1	-1	-1	0
6092	5797	5796	10	-1	-1	-1	0
5678	6005	6003	10	-1	-1	-1	0
5678	6004	6005	10	-1	-1	-1	0
5679	6003	6006	10	-1	-1	-1	0
6115	5788	5786	17	-1	-1	-1	0
6117	5787	5788	17	-1	-1	-1	0
6018	5687	5988	13	-1	-1	-1	0
6008	6007	5680	13	-1	-1	-1	0
6009	6008	5681	13	-1	-1	-1	0
6119	5789	5790	17	-1	-1	-1	0
5954	5873	5874	10	-1	-1	-1	0
5954	5875	5873	10	-1	-1	-1	0
6121	5790	5791	17	-1	-1	-1	0
6013	5684	6010	10	-1	-1	-1	0
5792	5794	6123	17	-1	-1	-1	0
6012	5684	6013	10	-1	-1	-1	0
5981	5731	5998	10	-1	-1	-1	0
5803	5801	6106	10	-1	-1	-1	0
6124	5794	5793	17	-1	-1	-1	0
6015	5685	6012	10	-1	-1	-1	0
6125	5793	5795	17	-1	-1	-1	0
6013	6010	5690	10	-1	-1	-1	0
5686	6017	6011	10	-1	-1	-1	0
6032	5978	5705	10	-1	-1	-1	0
6014	5685	6016	10	-1	-1	-1	0
6015	6016	5685	10	-1	-1	-1	0
6014	6017	5686	10	-1	-1	-1	0
5692	6011	6017	10	-1	-1	-1	0
5708	5972	6041	13	-1	-1	-1	0
5705	5978	6038	10	-1	-1	-1	0
6009	5691	6023	13	-1	-1	-1	0
5690	6021	6013	10	-1	-1	-1	0
6019	5688	6018	10	-1	-1	-1	0
5688	6019	6020	10	-1	-1	-1	0
5799	6130	5798	10	-1	-1	-1	0
6130	5800	5798	10	-1	-1	-1	0
5722	6005	6004	10	-1	-1	-1	0
5689	6020	6022	10	-1	-1	-1	0
6022	6021	5689	10	-1	-1	-1	0
5886	5880	5966	10	-1	-1	-1	0
6024	5692	6017	10	-1	-1	-1	0
5802	6131	5801	10	-1	-1	-1	0
5984	5713	6042	13	-1	-1	-1	0
6026	5693	6024	10	-1	-1	-1	0
6025	5693	6026	10	-1	-1	-1	0
6027	6023	5694	10	-1	-1	-1	0
5804	5805	6137	10	-1	-1	-1	0
6025	6027	5694	10	-1	-1	-1	0
6026	6016	5704	10	-1	-1	-1	0
5811	6134	5802	10	-1	-1	-1	0
6138	5806	5804	10	-1	-1	-1	0
6042	5725	5984	10	-1	-1	-1	0
6031	5704	6016	10	-1	-1	-1	0
5807	5806	6139	10	-1	-1	-1	0
6028	5697	6029	9	-1	-1	0	0
5817	5803	6136	10	-1	-1	-1	0
6029	5697	6030	9	-1	-1	-1	0
5807	6140	5809	10	-1	-1	-1	0
5937	5911	5910	14	-1	-1	-1	0
6141	5808	5809	10	-1	-1	-1	0
5912	5911	5936	14	-1	-1	-1	0
5938	5910	5913	14	-1	-1	-1	0
6030	5701	6031	10	-1	-1	-1	0
5813	5808	6141	10	-1	-1	-1	0
5982	6054	5729	10	-1	-1	-1	0
5810	6143	5812	10	-1	-1	-1	0
5810	5813	6143	10	-1	-1	-1	0
5983	5729	6054	10	-1	-1	-1	0
5812	6144	5811	10	-1	-1	-1	0
5704	6037	6026	10	-1	-1	-1	0
5702	6034	6032	10	-1	-1	-1	0
6034	5702	6033	10	-1	-1	-1	0
5939	5913	5917	14	-1	-1	-1	0
5914	5915	5941	14	-1	-1	-1	0
5703	6035	6033	10	-1	-1	-1	0
6031	6022	5720	10	-1	-1	-1	0
5719	6049	6005	10	-1	-1	-1	0
5703	6036	6035	10	-1	-1	-1	0
5815	6148	5814	10	-1	-1	-1	0
5722	6004	6053	10	-1	-1	-1	0
5705	6039	6037	10	-1	-1	-1	0
5815	5816	6150	10	-1	-1	-1	0
6051	5996	5734	10	-1	-1	-1	0
5720	6030	6031	10	-1	-1	-1	0
5912	5936	5935	14	-1	-1	-1	0
5937	5936	5911	14	-1	-1	-1	0
6040	5705	6038	10	-1	-1	-1	0
5705	6040	6039	10	-1	-1	-1	0
6041	6036	5707	10	-1	-1	-1	0
5910	5938	5937	14	-1	-1	-1	0
5818	6153	5816	10	-1	-1	-1	0
5938	5913	5939	14	-1	-1	-1	0
5817	6155	5818	10	-1	-1	-1	0
5720	6022	6050	10	-1	-1	-1	0
6030	5720	6046	10	-1	-1	-1	0
5821	6159	5820	9	-1	0	-1	0
5925	5951	5926	10	-1	-1	-1	0
5716	6043	6044	9	5	-1	-1	0
5823	6161	5822	10	-1	-1	-1	0
5717	6044	6045	10	-1	-1	-1	0
6045	6047	5717	10	-1	-1	-1	0
6046	5717	6047	10	-1	-1	-1	0
5933	5946	5932	10	-1	-1	-1	0
5880	5965	5966	10	-1	-1	-1	0
5825	5824	6165	10	-1	-1	-1	0
5719	6048	6049	10	-1	-1	-1	0
5934	5950	5933	10	-1	-1	-1	0
5719	6050	6048	10	-1	-1	-1	0
5967	5886	5966	10	-1	-1	-1	0
5823	5837	6162	10	-1	-1	-1	0
5822	6161	5841	10	-1	-1	-1	0
5721	6052	6051	10	-1	-1	-1	0
5951	5925	5949	10	-1	-1	-1	0
5947	5932	5946	10	-1	-1	-1	0
6053	6052	5722	10	-1	-1	-1	0
5841	6164	5824	10	-1	-1	-1	0
5926	5951	5952	10	-1	-1	-1	0
6168	5830	5834	10	-1	-1	-1	0
6162	5837	5836	10	-1	-1	-1	0
5834	5833	6168	16	-1	-1	-1	0
5838	5830	6168	10	-1	-1	-1	0
5950	5934	5952	10	-1	-1	-1	0
5929	5961	5948	10	-1	-1	-1	0
6168	5833	5838	16	-1	-1	-1	0
5836	5835	6169	16	-1	-1	-1	0
6161	5842	5841	10	-1	-1	-1	0
5840	6164	5841	10	-1	-1	-1	0
6169	5835	5842	16	-1	-1	-1	0
5859	5825	6165	10	-1	-1	-1	0
5840	5839	6170	16	-1	-1	-1	0
6056	6055	5738	10	-1	-1	-1	0
5825	5859	6166	10	-1	-1	-1	0
5738	6055	6058	10	-1	-1	-1	0
6057	6056	5738	10	-1	-1	-1	0
5739	6058	6059	10	-1	-1	-1	0
6059	6061	5739	10	-1	-1	-1	0
6061	6060	5739	10	-1	-1	-1	0
6065	6057	5740	10	-1	-1	-1	0
5740	6062	6063	9	-1	0	-1	0
6064	5740	6063	9	-1	-1	0	0
5740	6064	6065	9	-1	-1	-1	0
6170	5839	5860	16	-1	-1	-1	0
5751	6061	6059	10	-1	-1	-1	0
5850	5853	6172	16	-1	-1	-1	0
5852	5851	6173	10	-1	-1	-1	0
5855	5850	6172	16	-1	-1	-1	0
6060	6072	5747	10	-1	-1	-1	0
5853	5852	6174	10	-1	-1	-1	0
6067	5744	6068	17	-1	-1	-1	0
6069	6066	5745	17	-1	-1	-1	0
6167	5857	5856	10	-1	-1	-1	0
5749	6072	6061	10	-1	-1	-1	0
6067	6070	5745	17	-1	-1	-1	0
6166	5859	5858	10	-1	-1	-1	0
6069	5745	6071	17	-1	-1	-1	0
6075	5751	6059	10	-1	-1	-1	0
5745	6070	6071	17	-1	-1	-1	0
5857	6176	5854	16	-1	-1	-1	0
5858	5854	6176	16	-1	-1	-1	0
5855	6177	5856	10	-1	-1	-1	0
6074	5750	6073	17	-1	-1	-1	0
5859	6179	5860	10	-1	-1	-1	0
6075	6073	5751	10	-1	-1	-1	0
5875	6173	5851	10	-1	-1	-1	0
6078	6068	5754	17	-1	-1	-1	0
6074	6076	5752	17	-1	-1	-1	0
6077	6078	5754	17	-1	-1	-1	0
6077	5755	6079	17	-1	-1	-1	0
6081	5755	6076	17	-1	-1	-1	0
6079	5755	6080	17	-1	-1	-1	0
5755	6081	6080	17	-1	-1	-1	0
5756	6082	6083	17	-1	-1	-1	0
6084	5756	6083	17	-1	-1	-1	0
6082	5757	6087	17	-1	-1	-1	0
6086	5757	6085	17	-1	-1	-1	0
5757	6086	6087	17	-1	-1	-1	0
6089	6085	5758	17	-1	-1	-1	0
6089	5758	6088	17	-1	-1	-1	0
6091	5762	6084	17	-1	-1	-1	0
5821	5957	6160	9	-1	0	-1	0
6180	5880	5879	9	-1	-1	0	0
5825	6167	5955	10	-1	-1	-1	0
6182	5884	5887	10	-1	-1	-1	0
6184	5885	5884	10	-1	-1	-1	0
6093	5770	6094	17	-1	-1	-1	0
5886	6188	5887	10	-1	-1	-1	0
5888	5889	6186	10	-1	-1	-1	0
6186	5890	5888	10	-1	-1	-1	0
6186	5894	5885	10	-1	-1	-1	0
5891	5890	6185	10	-1	-1	-1	0
6097	5773	6096	17	-1	-1	-1	0
6098	5773	6097	17	-1	-1	-1	0
6100	5775	6093	17	-1	-1	-1	0
6095	5774	6099	17	-1	-1	-1	0
6186	5889	5894	10	-1	-1	-1	0
6104	6088	5778	17	-1	-1	-1	0
6098	6099	5774	17	-1	-1	-1	0
5887	5902	6182	10	-1	-1	-1	0
6096	5776	6101	17	-1	-1	-1	0
6190	5892	5891	14	-1	-1	-1	0
5892	6192	5893	14	-1	-1	-1	0
6167	5856	5955	10	-1	-1	-1	0
6189	5902	5887	10	-1	-1	-1	0
5776	6102	6101	17	-1	-1	-1	0
5972	5973	6035	10	-1	-1	-1	0
6103	5777	6100	17	-1	-1	-1	0
5973	5975	6033	10	-1	-1	-1	0
5777	6103	6102	17	-1	-1	-1	0
6095	6107	5780	17	-1	-1	-1	0
5994	5996	5995	10	-1	-1	-1	0
5813	6087	6086	17	-1	-1	-1	0
5902	5893	6192	14	-1	-1	-1	0
5779	6105	6104	17	-1	-1	-1	0
6177	5955	5856	10	-1	-1	-1	0
5897	5898	6194	14	-1	-1	-1	0
5978	6032	5979	10	-1	-1	-1	0
6128	5795	6066	17	-1	-1	-1	0
5897	6193	5900	14	-1	-1	-1	0
6106	6105	5779	17	-1	-1	-1	0
6189	5901	5902	10	-1	-1	-1	0
6106	5780	6107	17	-1	-1	-1	0
5978	5977	6038	10	-1	-1	-1	0
5898	5901	6195	14	-1	-1	-1	0
5900	6196	5899	14	-1	-1	-1	0
6000	6006	5989	10	-1	-1	-1	0
6002	5999	5997	10	-1	-1	-1	0
6109	5781	6108	17	-1	-1	-1	0
6197	5904	5899	14	-1	-1	-1	0
5875	5954	6173	10	-1	-1	-1	0
6119	6094	5789	17	-1	-1	-1	0
6002	6004	6001	10	-1	-1	-1	0
6200	5903	5904	14	-1	-1	-1	0
6112	5784	6111	17	-1	-1	-1	0
5784	6112	6113	17	-1	-1	-1	0
6110	5785	6114	17	-1	-1	-1	0
6115	5786	6109	17	-1	-1	-1	0
6200	5908	5903	14	-1	-1	-1	0
5817	6098	6097	10	-1	-1	-1	0
5785	6113	6114	17	-1	-1	-1	0
6202	5906	5905	14	-1	-1	-1	0
6111	5787	6116	17	-1	-1	-1	0
6202	5905	5909	14	-1	-1	-1	0
5982	5980	6054	13	-1	-1	-1	0
6203	5907	5906	14	-1	-1	-1	0
5983	6054	5980	13	-1	-1	-1	0
5799	6090	6130	17	-1	-1	-1	0
6130	6090	5800	17	-1	-1	-1	0
6117	6116	5787	17	-1	-1	-1	0
6115	6118	5788	17	-1	-1	-1	0
6122	5791	6110	17	-1	-1	-1	0
6117	5788	6118	17	-1	-1	-1	0
6123	6108	5792	17	-1	-1	-1	0
6207	5909	5908	14	-1	-1	-1	0
6018	5988	6019	10	-1	-1	-1	0
5965	5880	6181	9	-1	-1	-1	0
5790	6120	6119	17	-1	-1	-1	0
6121	6120	5790	17	-1	-1	-1	0
5805	6091	6137	17	-1	-1	-1	0
6121	5791	6122	17	-1	-1	-1	0
6131	6106	5801	10	-1	-1	-1	0
5927	5907	6205	14	-1	-1	-1	0
5916	5914	6209	14	-1	-1	-1	0
6187	5886	5967	10	-1	-1	-1	0
5813	6141	6087	17	-1	-1	-1	0
6033	6035	5973	10	-1	-1	-1	0
6124	5793	6125	17	-1	-1	-1	0
5995	5996	6051	10	-1	-1	-1	0
6034	6033	5975	10	-1	-1	-1	0
6086	6143	5813	17	-1	-1	-1	0
5972	6035	6036	10	-1	-1	-1	0
6126	6123	5794	17	-1	-1	-1	0
5997	5995	6052	10	-1	-1	-1	0
6106	6135	5803	10	-1	-1	-1	0
6034	5979	6032	10	-1	-1	-1	0
6127	5794	6124	17	-1	-1	-1	0
6021	6012	6013	10	-1	-1	-1	0
6126	5794	6127	17	-1	-1	-1	0
6210	5919	5918	14	-1	-1	-1	0
6012	6021	6015	10	-1	-1	-1	0
6041	5972	6036	10	-1	-1	-1	0
5795	6129	6125	17	-1	-1	-1	0
6210	5918	5921	14	-1	-1	-1	0
6136	6098	5817	10	-1	-1	-1	0
5997	6053	6002	10	-1	-1	-1	0
6129	5795	6128	17	-1	-1	-1	0
6212	5921	5920	14	-1	-1	-1	0
6008	6039	6007	10	-1	-1	-1	0
6038	5977	6040	10	-1	-1	-1	0
6014	6016	6026	10	-1	-1	-1	0
6003	6005	6049	10	-1	-1	-1	0
6026	6017	6014	10	-1	-1	-1	0
6006	6003	6049	10	-1	-1	-1	0
6021	6022	6015	10	-1	-1	-1	0
6009	6023	6027	10	-1	-1	-1	0
6004	6002	6053	10	-1	-1	-1	0
5924	5922	6214	14	-1	-1	-1	0
5931	6211	5920	14	-1	-1	-1	0
6016	6015	6031	10	-1	-1	-1	0
5914	5941	6209	14	-1	-1	-1	0
5923	5926	6215	14	-1	-1	-1	0
5916	6209	5940	10	-1	-1	-1	0
5925	5924	6216	10	-1	-1	-1	0
6214	5922	5930	14	-1	-1	-1	0
5802	6133	6131	10	-1	-1	-1	0
6017	6026	6024	10	-1	-1	-1	0
6133	5802	6132	10	-1	-1	-1	0
5817	6097	6154	10	-1	-1	-1	0
5802	6134	6132	10	-1	-1	-1	0
6031	6015	6022	10	-1	-1	-1	0
6210	5942	5919	14	-1	-1	-1	0
5934	5923	6215	14	-1	-1	-1	0
5928	5927	6218	14	-1	-1	-1	0
6135	6136	5803	10	-1	-1	-1	0
6155	6102	5818	10	-1	-1	-1	0
5818	6102	6156	10	-1	-1	-1	0
5928	6220	5929	10	-1	-1	-1	0
6138	5804	6137	10	-1	-1	-1	0
6221	5930	5929	10	-1	-1	-1	0
6174	5954	5953	10	-1	-1	-1	0
6138	6139	5806	10	-1	-1	-1	0
6039	6008	6037	10	-1	-1	-1	0
6177	5953	5955	10	-1	-1	-1	0
6222	5931	5932	14	-1	-1	-1	0
6139	6140	5807	10	-1	-1	-1	0
6007	6039	6040	10	-1	-1	-1	0
6037	6025	6026	10	-1	-1	-1	0
6134	5811	6144	10	-1	-1	-1	0
6037	6027	6025	10	-1	-1	-1	0
5941	5940	6209	10	-1	-1	-1	0
5949	5925	6216	10	-1	-1	-1	0
6140	6142	5809	10	-1	-1	-1	0
5809	6142	6141	10	-1	-1	-1	0
6215	5926	5952	10	-1	-1	-1	0
5995	6051	6052	10	-1	-1	-1	0
5929	5948	6221	10	-1	-1	-1	0
6145	5812	6143	10	-1	-1	-1	0
6213	5944	5943	10	-1	-1	-1	0
5932	5947	6222	10	-1	-1	-1	0
6215	5952	5934	10	-1	-1	-1	0
5945	5944	6212	10	-1	-1	-1	0
6145	6144	5812	10	-1	-1	-1	0
6052	6053	5997	10	-1	-1	-1	0
5947	5945	6211	10	-1	-1	-1	0
5814	6147	6146	10	-1	-1	6	0
5942	6223	5943	10	-1	-1	-1	0
6148	6147	5814	10	-1	-1	-1	0
6220	5961	5929	10	-1	-1	-1	0
6148	5815	6149	10	-1	-1	-1	0
5815	6152	6149	10	-1	-1	-1	0
5815	6150	6151	10	-1	-1	-1	0
6151	6152	5815	10	-1	-1	-1	0
6221	5948	5949	10	-1	-1	-1	0
6153	6150	5816	10	-1	-1	-1	0
6155	5817	6154	10	-1	-1	-1	0
5818	6157	6153	10	-1	-1	-1	0
6158	5818	6156	10	-1	-1	-1	0
5818	6158	6157	10	-1	-1	-1	0
6159	5821	6160	9	-1	-1	0	0
5823	6163	6161	10	-1	-1	-1	0
6163	5823	6162	10	-1	-1	-1	0
5824	6164	6165	10	-1	-1	-1	0
5961	6224	5968	10	-1	-1	-1	0
5965	6225	5964	9	-1	0	-1	0
6166	6167	5825	10	-1	-1	-1	0
6162	5836	6163	10	-1	-1	-1	0
5969	6226	5967	10	-1	-1	-1	0
5968	6228	5969	10	-1	-1	-1	0
6163	5842	6161	10	-1	-1	-1	0
5836	6169	6163	10	-1	-1	-1	0
6169	5842	6163	10	-1	-1	-1	0
6171	6164	5840	10	-1	-1	-1	0
6170	6171	5840	10	-1	-1	-1	0
5975	5974	6232	13	-1	-1	-1	0
5974	5979	6232	13	-1	-1	-1	0
5977	5976	6233	13	-1	-1	-1	0
6059	6058	6075	10	-1	-1	-1	0
6060	6061	6072	10	-1	-1	-1	0
6055	6081	6058	10	-1	-1	-1	0
6173	6174	5852	10	-1	-1	-1	0
6175	6172	5853	10	-1	-1	-1	0
5860	6171	6170	10	-1	-1	-1	0
6178	6166	5858	10	-1	-1	-1	0
5857	6167	6178	10	-1	-1	-1	0
6172	6175	5855	10	-1	-1	-1	0
5853	6174	6175	10	-1	-1	-1	0
5859	6165	6179	10	-1	-1	-1	0
5986	5985	6234	13	-1	-1	-1	0
6177	5855	6175	10	-1	-1	-1	0
5986	6235	5987	10	-1	-1	-1	0
5991	6234	5985	13	-1	-1	-1	0
5860	6179	6171	10	-1	-1	-1	0
6176	5857	6178	10	-1	-1	-1	0
5858	6176	6178	10	-1	-1	-1	0
6237	5988	5987	10	-1	-1	-1	0
6007	6233	5976	13	-1	-1	-1	0
5990	5989	6238	10	-1	-1	-1	0
5991	5990	6239	10	-1	-1	-1	0
6006	6238	5989	10	-1	-1	-1	0
5880	6180	6181	9	-1	0	-1	0
6232	6034	5975	10	-1	-1	-1	0
5988	6237	6019	10	-1	-1	-1	0
5979	6034	6232	10	-1	-1	-1	0
5884	6182	6183	10	-1	-1	-1	0
5977	6233	6040	10	-1	-1	-1	0
5884	6183	6184	10	-1	-1	-1	0
5885	6184	6185	10	-1	-1	-1	0
6186	5885	6185	10	-1	-1	-1	0
6008	6009	6240	10	-1	-1	-1	0
6185	6184	5891	10	-1	-1	-1	0
6186	6185	5890	10	-1	-1	-1	0
6187	6188	5886	10	-1	-1	-1	0
6189	5887	6188	10	-1	-1	-1	0
6190	5891	6184	10	-1	-1	-1	0
6050	5987	6235	10	-1	-1	-1	0
5892	6190	6191	14	-1	-1	-1	0
6050	6237	5987	10	-1	-1	-1	0
6192	5892	6191	14	-1	-1	-1	0
6237	6020	6019	10	-1	-1	-1	0
6192	6182	5902	10	-1	-1	-1	0
6240	6009	6027	10	-1	-1	-1	0
6020	6237	6022	10	-1	-1	-1	0
6007	6040	6233	10	-1	-1	-1	0
6193	5897	6194	14	-1	-1	-1	0
6037	6008	6240	10	-1	-1	-1	0
6194	5898	6195	14	-1	-1	-1	0
5901	6189	6199	10	-1	-1	-1	0
6198	5900	6193	14	-1	-1	-1	0
6196	6197	5899	14	-1	-1	-1	0
6006	6049	6238	10	-1	-1	-1	0
6196	5900	6198	14	-1	-1	-1	0
5901	6199	6195	10	-1	-1	-1	0
6241	6029	6030	9	0	-1	-1	0
5954	6174	6173	10	-1	-1	-1	0
6197	6201	5904	14	-1	-1	-1	0
5953	6175	6174	10	-1	-1	-1	0
6027	6037	6240	10	-1	-1	-1	0
6177	6175	5953	10	-1	-1	-1	0
6200	5904	6201	14	-1	-1	-1	0
6139	6084	6083	17	-1	-1	-1	0
6237	6050	6022	10	-1	-1	-1	0
6134	6089	6088	17	-1	-1	-1	0
6204	5906	6202	14	-1	-1	-1	0
6091	6084	6138	17	-1	-1	-1	0
5906	6204	6203	14	-1	-1	-1	0
6206	5908	6200	14	-1	-1	-1	0
5907	6203	6205	14	-1	-1	-1	0
6030	6046	6243	9	-1	-1	-1	0
6202	5909	6208	14	-1	-1	-1	0
6207	5908	6206	14	-1	-1	-1	0
6207	6208	5909	14	-1	-1	-1	0
6245	6044	6043	9	-1	-1	-1	0
6136	6099	6098	10	-1	-1	-1	0
6235	6048	6050	10	-1	-1	-1	0
6245	6045	6044	9	-1	-1	-1	0
6239	6049	6048	10	-1	-1	-1	0
6246	6047	6045	9	-1	-1	-1	0
6047	6247	6046	9	-1	-1	-1	0
6105	6106	6131	10	-1	-1	-1	0
6212	5920	6211	14	-1	-1	-1	0
6210	5921	6213	14	-1	-1	-1	0
6212	6213	5921	14	-1	-1	-1	0
6135	6106	6107	10	-1	-1	-1	0
6218	5927	6205	14	-1	-1	-1	0
6214	6217	5924	10	-1	-1	-1	0
6216	5924	6217	10	-1	-1	-1	0
6102	6155	6101	10	-1	-1	-1	0
6139	6138	6084	17	-1	-1	-1	0
6156	6102	6103	10	-1	-1	-1	0
5930	6217	6214	10	-1	-1	-1	0
6250	6055	6056	10	-1	-1	-1	0
6139	6083	6140	17	-1	-1	-1	0
6211	5931	6222	14	-1	-1	-1	0
6218	6219	5928	10	-1	-1	-1	0
6252	6056	6057	10	-1	-1	-1	0
6137	6091	6138	17	-1	-1	-1	0
5928	6219	6220	10	-1	-1	-1	0
6089	6134	6144	17	-1	-1	-1	0
6212	6211	5945	10	-1	-1	-1	0
6221	6217	5930	10	-1	-1	-1	0
6213	6212	5944	10	-1	-1	-1	0
6105	6131	6133	10	-1	-1	-1	0
5965	6181	6225	9	-1	0	-1	0
6065	6253	6057	10	-1	-1	-1	0
5942	6210	6223	14	-1	-1	-1	0
5968	6203	6204	10	-1	-1	-1	0
5943	6223	6213	10	-1	-1	-1	0
6211	6222	5947	10	-1	-1	-1	0
5967	6226	6187	10	-1	-1	-1	0
6217	5949	6216	10	-1	-1	-1	0
6255	6065	6064	9	-1	-1	0	0
6081	6055	6249	10	-1	-1	-1	0
6254	6075	6058	10	-1	-1	-1	0
5949	6217	6221	10	-1	-1	-1	0
6081	6254	6058	10	-1	-1	-1	0
6069	6258	6066	17	-1	-1	-1	0
6224	6203	5968	10	-1	-1	-1	0
6260	6067	6068	17	-1	-1	-1	0
6260	6070	6067	17	-1	-1	-1	0
5968	6204	6227	10	-1	-1	-1	0
6262	6069	6071	17	-1	-1	-1	0
6263	6071	6070	17	-1	-1	-1	0
6228	6207	5969	10	-1	-1	-1	0
6220	6224	5961	10	-1	-1	-1	0
5969	6207	6229	10	-1	-1	-1	0
6078	6261	6068	17	-1	-1	-1	0
6155	6154	6101	10	-1	-1	-1	0
6081	6249	6080	10	-1	-1	-1	0
6073	6266	6074	17	-1	-1	-1	0
6073	6075	6267	10	-1	-1	-1	0
6156	6103	6158	10	-1	-1	-1	0
6268	6076	6074	17	-1	-1	-1	0
6150	6121	6151	10	-1	-1	-1	0
6228	5968	6227	10	-1	-1	-1	0
6269	6078	6077	10	-1	-1	-1	0
5969	6230	6226	10	-1	-1	-1	0
6081	6076	6268	17	-1	-1	-1	0
6077	6079	6270	10	-1	-1	-1	0
6080	6270	6079	10	-1	-1	-1	0
6231	5969	6229	10	-1	-1	-1	0
5969	6231	6230	10	-1	-1	-1	0
6272	6083	6082	17	-1	-1	-1	0
6272	6082	6087	17	-1	-1	-1	0
6273	6086	6085	17	-1	-1	-1	0
6273	6085	6089	17	-1	-1	-1	0
6259	6128	6066	17	-1	-1	-1	0
5986	6234	6236	10	-1	-1	-1	0
6235	5986	6236	10	-1	-1	-1	0
6236	6234	5991	10	-1	-1	-1	0
6276	6093	6094	17	-1	-1	-1	0
6274	6088	6104	17	-1	-1	-1	0
5991	6239	6236	10	-1	-1	-1	0
6238	6239	5990	10	-1	-1	-1	0
6100	6093	6275	17	-1	-1	-1	0
6097	6096	6279	17	-1	-1	-1	0
6099	6278	6095	17	-1	-1	-1	0
6279	6096	6101	17	-1	-1	-1	0
6107	6095	6278	17	-1	-1	-1	0
6103	6100	6281	17	-1	-1	-1	0
6277	6094	6119	17	-1	-1	-1	0
6282	6104	6105	17	-1	-1	-1	0
6140	6083	6272	17	-1	-1	-1	0
6088	6274	6134	17	-1	-1	-1	0
6164	6171	6165	10	-1	-1	-1	0
6272	6087	6141	17	-1	-1	-1	0
6284	6109	6108	17	-1	-1	-1	0
6143	6086	6273	17	-1	-1	-1	0
6273	6089	6144	17	-1	-1	-1	0
6115	6109	6285	17	-1	-1	-1	0
6112	6111	6287	17	-1	-1	-1	0
6286	6110	6114	17	-1	-1	-1	0
6166	6178	6167	10	-1	-1	-1	0
6112	6288	6113	10	-1	-1	-1	0
6241	6030	6242	9	-1	-1	0	0
6116	6287	6111	17	-1	-1	-1	0
6123	6283	6108	17	-1	-1	-1	0
6243	6242	6030	9	0	-1	-1	0
6165	6171	6179	10	-1	-1	-1	0
6099	6136	6280	10	-1	-1	-1	0
6290	6114	6113	10	-1	-1	-1	0
6122	6110	6286	17	-1	-1	-1	0
6235	6236	6048	10	-1	-1	-1	0
6133	6282	6105	10	-1	-1	-1	0
6280	6135	6107	10	-1	-1	-1	0
6048	6236	6239	10	-1	-1	-1	0
6118	6115	6292	17	-1	-1	-1	0
6117	6293	6116	10	-1	-1	-1	0
6238	6049	6239	10	-1	-1	-1	0
6294	6117	6118	10	-1	-1	-1	0
6279	6154	6097	10	-1	-1	-1	0
6244	6245	6043	9	-1	-1	5	0
6154	6279	6101	10	-1	-1	-1	0
6246	6045	6245	9	-1	-1	-1	0
6247	6243	6046	9	0	-1	-1	0
6120	6298	6119	17	-1	-1	-1	0
6132	6274	6133	10	-1	-1	-1	0
6299	6120	6121	10	-1	-1	-1	0
6134	6274	6132	10	-1	-1	-1	0
6248	6047	6246	9	-1	-1	-1	0
6158	6103	6281	10	-1	-1	-1	0
6247	6047	6248	9	-1	-1	0	0
6122	6301	6121	10	-1	-1	-1	0
6135	6280	6136	10	-1	-1	-1	0
6302	6123	6126	17	-1	-1	-1	0
6124	6125	6304	17	-1	-1	-1	0
6113	6288	6152	10	-1	-1	-1	0
6140	6272	6142	17	-1	-1	-1	0
6250	6249	6055	10	-1	-1	-1	0
6127	6124	6303	17	-1	-1	-1	0
6141	6142	6272	17	-1	-1	-1	0
6152	6290	6113	10	-1	-1	-1	0
6183	6182	6192	10	-1	-1	-1	0
6190	6184	6183	10	-1	-1	-1	0
6250	6056	6251	10	-1	-1	-1	0
6252	6251	6056	10	-1	-1	-1	0
6305	6125	6129	17	-1	-1	-1	0
6127	6307	6126	10	-1	-1	-1	0
6143	6273	6145	17	-1	-1	-1	0
6057	6253	6252	10	-1	-1	-1	0
6145	6273	6144	17	-1	-1	-1	0
6183	6191	6190	10	-1	-1	-1	0
6192	6191	6183	10	-1	-1	-1	0
6311	6129	6128	17	-1	-1	-1	0
6299	6121	6150	10	-1	-1	-1	0
6151	6121	6301	10	-1	-1	-1	0
6253	6065	6257	10	-1	-1	-1	0
6065	6255	6256	9	-1	0	-1	0
6256	6257	6065	9	-1	-1	-1	0
6259	6066	6258	17	-1	-1	-1	0
6157	6276	6153	10	-1	-1	-1	0
6195	6199	6194	10	-1	-1	-1	0
6260	6068	6261	17	-1	-1	-1	0
6262	6258	6069	17	-1	-1	-1	0
6275	6157	6158	10	-1	-1	-1	0
6290	6152	6151	10	-1	-1	-1	0
6264	6070	6260	17	-1	-1	-1	0
6254	6267	6075	10	-1	-1	-1	0
6152	6296	6149	10	-1	-1	-1	0
6070	6264	6263	17	-1	-1	-1	0
6250	6078	6269	10	-1	-1	-1	0
6262	6071	6265	17	-1	-1	-1	0
6071	6263	6265	17	-1	-1	-1	0
6271	6078	6250	10	-1	-1	-1	0
6270	6080	6249	10	-1	-1	-1	0
6153	6299	6150	10	-1	-1	-1	0
6254	6081	6268	10	-1	-1	-1	0
6266	6073	6267	10	-1	-1	-1	0
6147	6314	6146	10	-1	-1	-1	0
6268	6074	6266	17	-1	-1	-1	0
6078	6271	6261	10	-1	-1	-1	0
6148	6317	6147	10	-1	-1	-1	0
6269	6077	6270	10	-1	-1	-1	0
6148	6149	6319	10	-1	-1	-1	0
6197	6230	6201	10	-1	-1	-1	0
6205	6203	6224	10	-1	-1	-1	0
6207	6206	6229	10	-1	-1	-1	0
6218	6205	6219	10	-1	-1	-1	0
6207	6228	6208	10	-1	-1	-1	0
6276	6275	6093	17	-1	-1	-1	0
6223	6210	6213	14	-1	-1	-1	0
6277	6276	6094	17	-1	-1	-1	0
6205	6224	6219	10	-1	-1	-1	0
6230	6197	6226	10	-1	-1	-1	0
6100	6275	6281	17	-1	-1	-1	0
6280	6278	6099	10	-1	-1	-1	0
6253	6257	6148	10	-1	-1	-1	0
6274	6104	6282	17	-1	-1	-1	0
6201	6230	6231	10	-1	-1	-1	0
6219	6224	6220	10	-1	-1	-1	0
6228	6227	6208	10	-1	-1	-1	0
6278	6280	6107	10	-1	-1	-1	0
6229	6206	6231	10	-1	-1	-1	0
6108	6283	6284	17	-1	-1	-1	0
6284	6285	6109	17	-1	-1	-1	0
6287	6289	6112	10	-1	-1	-1	0
6282	6133	6274	10	-1	-1	-1	0
6112	6289	6288	10	-1	-1	-1	0
6291	6286	6114	10	-1	-1	-1	0
6289	6287	6116	10	-1	-1	-1	0
6292	6115	6285	17	-1	-1	-1	0
6277	6119	6298	17	-1	-1	-1	0
6114	6290	6291	10	-1	-1	-1	0
6322	6188	6187	10	-1	-1	-1	0
6116	6293	6289	10	-1	-1	-1	0
6311	6128	6259	17	-1	-1	-1	0
6122	6286	6291	10	-1	-1	-1	0
6323	6189	6188	10	-1	-1	-1	0
6117	6295	6293	10	-1	-1	-1	0
6292	6297	6118	10	-1	-1	-1	0
6296	6117	6294	10	-1	-1	-1	0
6283	6123	6302	17	-1	-1	-1	0
6276	6157	6275	10	-1	-1	-1	0
6117	6296	6295	10	-1	-1	-1	0
6294	6118	6297	10	-1	-1	-1	0
6194	6322	6193	10	-1	-1	-1	0
6199	6189	6323	10	-1	-1	-1	0
6301	6122	6291	10	-1	-1	-1	0
6158	6281	6275	10	-1	-1	-1	0
6193	6324	6198	10	-1	-1	-1	0
6199	6323	6194	10	-1	-1	-1	0
6120	6300	6298	10	-1	-1	-1	0
6198	6324	6196	10	-1	-1	-1	0
6325	6197	6196	10	-1	-1	-1	0
6120	6299	6300	10	-1	-1	-1	0
6318	6253	6148	10	-1	-1	-1	0
6148	6257	6317	10	-1	-1	-1	0
6326	6200	6201	14	-1	-1	-1	0
6124	6304	6303	17	-1	-1	-1	0
6206	6200	6326	14	-1	-1	-1	0
6204	6202	6327	14	-1	-1	-1	0
6305	6304	6125	17	-1	-1	-1	0
6226	6321	6187	10	-1	-1	-1	0
6288	6295	6152	10	-1	-1	-1	0
6308	6302	6126	10	-1	-1	-1	0
6202	6208	6327	14	-1	-1	-1	0
6309	6127	6303	10	-1	-1	-1	0
6306	6126	6307	10	-1	-1	-1	0
6306	6308	6126	10	-1	-1	-1	0
6301	6290	6151	10	-1	-1	-1	0
6295	6296	6152	10	-1	-1	-1	0
6127	6310	6307	10	-1	-1	-1	0
6305	6129	6312	17	-1	-1	-1	0
6127	6309	6310	10	-1	-1	-1	0
6226	6197	6325	10	-1	-1	-1	0
6153	6276	6320	10	-1	-1	-1	0
6153	6300	6299	10	-1	-1	-1	0
6312	6129	6311	17	-1	-1	-1	0
6327	6227	6204	10	-1	-1	-1	0
6231	6326	6201	10	-1	-1	-1	0
6227	6327	6208	10	-1	-1	-1	0
6206	6326	6231	10	-1	-1	-1	0
6296	6319	6149	10	-1	-1	-1	0
6250	6270	6249	10	-1	-1	-1	0
6251	6271	6250	10	-1	-1	-1	0
6300	6153	6320	10	-1	-1	-1	0
6315	6313	6146	9	-1	5	-1	0
6315	6146	6314	9	-1	-1	-1	0
6316	6314	6147	10	-1	-1	-1	0
6251	6263	6264	10	-1	-1	-1	0
6317	6316	6147	10	-1	-1	-1	0
6319	6318	6148	10	-1	-1	-1	0
6268	6267	6254	10	-1	-1	-1	0
6270	6250	6269	10	-1	-1	-1	0
6266	6267	6268	10	-1	-1	-1	0
6244	6328	6245	9	5	-1	-1	0
6330	6246	6245	9	-1	-1	-1	0
6248	6246	6330	9	-1	-1	-1	0
6321	6322	6187	10	-1	-1	-1	0
6322	6323	6188	10	-1	-1	-1	0
6251	6252	6333	10	-1	-1	-1	0
6193	6322	6321	10	-1	-1	-1	0
6321	6324	6193	10	-1	-1	-1	0
6194	6323	6322	10	-1	-1	-1	0
6252	6253	6337	10	-1	-1	-1	0
6325	6196	6324	10	-1	-1	-1	0
6264	6332	6251	10	-1	-1	-1	0
6333	6263	6251	10	-1	-1	-1	0
6338	6257	6256	9	-1	-1	0	0
6336	6259	6258	17	-1	-1	-1	0
6271	6251	6332	10	-1	-1	-1	0
6340	6258	6262	17	-1	-1	-1	0
6265	6263	6333	10	-1	-1	-1	0
6261	6342	6260	17	-1	-1	-1	0
6261	6271	6332	10	-1	-1	-1	0
6264	6260	6342	17	-1	-1	-1	0
6343	6262	6265	17	-1	-1	-1	0
6226	6324	6321	10	-1	-1	-1	0
6295	6288	6289	10	-1	-1	-1	0
6276	6277	6320	10	-1	-1	-1	0
6297	6292	6285	10	-1	-1	-1	0
6324	6226	6325	10	-1	-1	-1	0
6298	6300	6277	10	-1	-1	-1	0
6295	6289	6293	10	-1	-1	-1	0
6301	6291	6290	10	-1	-1	-1	0
6308	6283	6302	10	-1	-1	-1	0
6320	6277	6300	10	-1	-1	-1	0
6329	6245	6328	9	-1	-1	5	0
6245	6329	6330	9	-1	-1	-1	0
6337	6253	6318	10	-1	-1	-1	0
6248	6330	6331	9	-1	-1	0	0
6311	6259	6341	17	-1	-1	-1	0
6284	6283	6345	10	-1	-1	-1	0
6257	6339	6317	9	-1	-1	-1	0
6285	6284	6346	10	-1	-1	-1	0
6303	6304	6309	10	-1	-1	-1	0
6334	6333	6252	10	-1	-1	-1	0
6252	6336	6334	10	-1	-1	-1	0
6252	6335	6336	10	-1	-1	-1	0
6335	6252	6337	10	-1	-1	-1	0
6285	6346	6297	10	-1	-1	-1	0
6340	6336	6258	17	-1	-1	-1	0
6257	6338	6339	9	-1	0	-1	0
6332	6342	6261	10	-1	-1	-1	0
6283	6308	6345	10	-1	-1	-1	0
6336	6341	6259	17	-1	-1	-1	0
6347	6296	6294	10	-1	-1	-1	0
6294	6297	6347	10	-1	-1	-1	0
6264	6342	6332	10	-1	-1	-1	0
6265	6333	6344	10	-1	-1	-1	0
6340	6262	6343	17	-1	-1	-1	0
6343	6265	6344	10	-1	-1	-1	0
6348	6304	6305	10	-1	-1	-1	0
6304	6348	6309	10	-1	-1	-1	0
6296	6347	6319	10	-1	-1	-1	0
6306	6307	6351	10	-1	-1	-1	0
6350	6308	6306	10	-1	-1	-1	0
6312	6349	6305	10	-1	-1	-1	0
6348	6310	6309	10	-1	-1	-1	0
6307	6310	6352	10	-1	-1	-1	0
6345	6346	6284	10	-1	-1	-1	0
6315	6355	6313	9	-1	5	-1	0
6312	6311	6353	17	-1	-1	-1	0
6314	6356	6315	9	-1	-1	-1	0
6314	6316	6356	9	-1	-1	-1	0
6318	6319	6351	10	-1	-1	-1	0
6347	6297	6346	10	-1	-1	-1	0
6337	6348	6305	10	-1	-1	-1	0
6349	6337	6305	10	-1	-1	-1	0
6317	6359	6316	9	-1	-1	-1	0
6308	6350	6345	10	-1	-1	-1	0
6311	6341	6353	17	-1	-1	-1	0
6306	6351	6350	10	-1	-1	-1	0
6337	6318	6352	10	-1	-1	-1	0
6352	6351	6307	10	-1	-1	-1	0
6334	6336	6340	10	-1	-1	-1	0
6310	6348	6352	10	-1	-1	-1	0
6334	6344	6333	10	-1	-1	-1	0
6312	6354	6349	10	-1	-1	-1	0
6319	6347	6350	10	-1	-1	-1	0
6317	6339	6361	9	-1	0	-1	0
6340	6344	6334	10	-1	-1	-1	0
6353	6354	6312	10	-1	-1	-1	0
6319	6350	6351	10	-1	-1	-1	0
6349	6335	6337	10	-1	-1	-1	0
6330	6329	6362	9	-1	5	-1	0
6351	6352	6318	10	-1	-1	-1	0
6362	6331	6330	9	5	-1	-1	0
6343	6344	6340	10	-1	-1	-1	0
6315	6357	6355	9	-1	5	-1	0
6315	6356	6358	9	-1	-1	-1	0
6358	6357	6315	9	-1	-1	-1	0
6316	6360	6356	9	-1	-1	-1	0
6336	6335	6363	10	-1	-1	-1	0
6360	6316	6359	9	-1	-1	0	0
6348	6337	6352	10	-1	-1	-1	0
6359	6317	6361	9	-1	-1	0	0
6345	6347	6346	10	-1	-1	-1	0
6354	6335	6349	10	-1	-1	-1	0
6336	6363	6341	10	-1	-1	-1	0
6347	6345	6350	10	-1	-1	-1	0
6354	6353	6341	10	-1	-1	-1	0
6335	6354	6363	10	-1	-1	-1	0
6341	6363	6354	10	-1	-1	-1	0
6360	6358	6356	9	-1	-1	-1	0
6357	6358	6364	9	-1	-1	5	0
6366	6358	6360	9	-1	-1	0	0
6358	6365	6364	9	-1	5	-1	0
6366	6365	6358	9	5	-1	-1	0
18
1	0
1	0
1	-5.3725657260876378
1	5.3725657260876281
1	5.3725657260876316
1	-1.8993367258368848e-015
1	-5.3725657260876281
1	1.8993367258368844e-015
1	0
1	0
1	0
1	0
1	0
1	0
1	0
1	0
1	0
1	0
115
284	4010	0
0	4084	0
253	4008	0
230	4009	0
202	4021	0
199	4020	0
174	4019	0
153	4018	0
129	4015	0
109	4046	0
108	4045	0
90	4044	0
89	4059	0
73	4060	0
59	4071	0
45	4069	0
44	4056	0
41	4070	0
30	4072	0
20	4077	0
13	4078	0
7	4079	0
3	4082	0
1	4083	0
474	3959	0
434	3960	0
398	3962	0
397	3999	0
396	4000	0
395	4001	0
358	4034	0
363	4035	0
362	4037	0
326	4038	0
325	4039	0
319	4040	0
318	4041	0
317	4011	0
1423	3947	0
1333	3890	0
1224	3825	0
1308	3892	0
1205	3893	0
1104	3873	0
1021	3806	0
963	3802	0
962	3801	0
901	3803	0
900	3804	0
842	3805	0
841	3814	0
779	3815	0
778	3817	0
721	3818	0
719	3883	0
720	3882	0
657	3884	0
656	3885	0
590	3886	0
589	3887	0
534	3888	0
523	3944	0
475	3961	0
5716	6146	0
6331	6366	0
6043	6313	0
6244	6355	0
6328	6357	0
6329	6364	0
6362	6365	0
4279	4261	0
4308	4288	0
4309	4317	0
4310	4318	0
4336	4347	0
4369	4380	0
4370	4416	0
4404	4417	0
4405	4454	0
4406	4494	0
4444	4495	0
4453	4498	0
4492	4541	0
4491	4542	0
4493	4596	0
4536	4597	0
4537	4600	0
4590	4601	0
4591	4688	0
4673	4873	0
4841	5194	0
5140	5497	0
5417	5814	0
4085	4085	0
4087	4086	0
4090	4088	0
4096	4091	0
4099	4097	0
4102	4104	0
4110	4114	0
4111	4115	0
4112	4125	0
4122	4126	0
4135	4140	0
4150	4141	0
4152	4158	0
4153	4159	0
4170	4175	0
4188	4176	0
4189	4194	0
4208	4195	0
4229	4214	0
4230	4215	0
4252	4237	0
4253	4260	0
1
"Air gap"
0 90 0 31.033333333333342 31.266666666666673 90 -3.5527136788005009e-015 -3.5527136788005009e-015 210 0.99999999999998268 1.5190708926392914e-014
6331 1 6248 1 3948 1 1423 1
6248 1 6247 1 1423 1 1424 1
6247 1 6243 1 1424 1 1425 1
6243 1 6242 1 1425 1 1426 1
6242 1 6241 1 1426 1 1418 1
6241 1 6029 1 1418 1 1329 1
6029 1 6028 1 1329 1 1327 1
6028 1 5696 1 1327 1 1326 1
5696 1 5695 1 1326 1 1325 1
5695 1 5392 1 1325 1 1323 1
5392 1 5391 1 1323 1 1322 1
5391 1 5390 1 1322 1 1318 1
5390 1 5121 1 1318 1 1317 1
5121 1 5120 1 1317 1 1319 1
5120 1 5119 1 1319 1 1320 1
5119 1 5118 1 1320 1 1321 1
5118 1 5106 1 1321 1 1417 1
5106 1 5105 1 1417 1 1416 1
5105 1 5104 1 1416 1 1398 1
5104 1 5102 1 1398 1 1396 1
5102 1 5101 1 1396 1 1397 1
5101 1 5103 1 1397 1 1393 1
5103 1 5358 1 1393 1 1390 1
5358 1 5357 1 1390 1 1391 1
5357 1 5356 1 1391 1 1392 1
5356 1 5355 1 1392 1 1394 1
5355 1 5354 1 1394 1 1395 1
5354 1 5353 1 1395 1 1293 1
5353 1 5352 1 1293 1 1291 1
5352 1 5351 1 1291 1 1290 1
5351 1 5350 1 1290 1 1292 1
5350 1 5349 1 1292 1 1399 1
5349 1 5348 1 1399 1 1400 1
5348 1 5347 1 1400 1 1401 1
5347 1 5346 1 1401 1 1415 1
5346 1 5098 1 1415 1 1494 1
5098 1 5097 1 1494 1 1493 1
5097 1 5096 1 1493 1 1413 1
5096 1 5095 1 1413 1 1411 1
5095 1 5094 1 1411 1 1412 1
5094 1 5093 1 1412 1 1414 1
5093 1 5092 1 1414 1 1485 1
5092 1 5084 1 1485 1 1484 1
5084 1 5083 1 1484 1 1486 1
5083 1 5082 1 1486 1 1490 1
5082 1 5081 1 1490 1 1491 1
5081 1 5080 1 1491 1 1492 1
5080 1 5078 1 1492 1 1578 1
5078 1 5076 1 1578 1 1579 1
5076 1 5077 1 1579 1 1580 1
5077 1 5079 1 1580 1 1581 1
5079 1 5075 1 1581 1 1582 1
5075 1 5074 1 1582 1 1583 1
5074 1 5073 1 1583 1 1673 1
5073 1 5070 1 1673 1 1674 1
5070 1 5068 1 1674 1 1675 1
5068 1 5069 1 1675 1 1771 1
5069 1 5071 1 1771 1 1770 1
5071 1 5072 1 1770 1 1769 1
5072 1 5089 1 1769 1 1765 1
5089 1 5088 1 1765 1 1764 1
5088 1 5087 1 1764 1 1760 1
5087 1 5085 1 1760 1 1758 1
5085 1 5086 1 1758 1 1759 1
5086 1 5090 1 1759 1 1761 1
5090 1 5091 1 1761 1 1762 1
5091 1 5283 1 1762 1 1867 1
5283 1 5282 1 1867 1 1939 1
5282 1 5278 1 1939 1 1938 1
5278 1 5277 1 1938 1 1865 1
5277 1 5276 1 1865 1 1864 1
5276 1 5274 1 1864 1 1866 1
5274 1 5275 1 1866 1 1950 1
5275 1 5280 1 1950 1 1951 1
5280 1 5279 1 1951 1 2030 1
5279 1 5281 1 2030 1 2021 1
5281 1 5286 1 2021 1 2019 1
5286 1 5285 1 2019 1 2020 1
5285 1 5284 1 2020 1 2022 1
5284 1 4981 1 2022 1 2023 1
4981 1 4979 1 2023 1 2024 1
4979 1 4980 1 2024 1 2039 1
4980 1 4976 1 2039 1 2040 1
4976 1 4974 1 2040 1 2041 1
4974 1 4975 1 2041 1 2043 1
4975 1 4977 1 2043 1 2042 1
4977 1 4978 1 2042 1 2044 1
4978 1 5253 1 2044 1 2101 1
5253 1 5252 1 2101 1 2102 1
5252 1 5251 1 2102 1 2153 1
5251 1 5249 1 2153 1 2154 1
5249 1 5250 1 2154 1 2155 1
5250 1 5558 1 2155 1 2189 1
5558 1 5559 1 2189 1 2190 1
5559 1 5877 1 2190 1 2192 1
5877 1 5878 1 2192 1 2191 1
5878 1 5879 1 2191 1 2193 1
5879 1 6180 1 2193 1 2195 1
6180 1 6181 1 2195 1 2194 1
6181 1 6225 1 2194 1 2196 1
6225 1 5964 1 2196 1 2197 1
5964 1 5962 1 2197 1 2198 1
5962 1 5963 1 2198 1 2250 1
5963 1 5960 1 2250 1 2251 1
5960 1 5959 1 2251 1 2252 1
5959 1 5958 1 2252 1 2253 1
5958 1 5956 1 2253 1 2254 1
5956 1 5957 1 2254 1 2256 1
5957 1 6160 1 2256 1 2255 1
6160 1 6159 1 2255 1 2257 1
6159 1 5820 1 2257 1 2315 1
5820 1 5819 1 2315 1 2316 1
5819 1 5500 1 2316 1 2317 1
5500 1 5499 1 2317 1 2318 1
5499 1 5197 1 2318 1 2319 1
5197 1 5196 1 2319 1 2378 1
5196 1 5195 1 2378 1 2379 1
5195 1 4885 1 2379 1 2380 1
4885 1 4884 1 2380 1 2381 1
4884 1 4881 1 2381 1 2382 1
4881 1 4880 1 2382 1 2387 1
4880 1 4879 1 2387 1 2386 1
4879 1 4878 1 2386 1 2388 1
4878 1 4877 1 2388 1 2448 1
4877 1 4876 1 2448 1 2449 1
4876 1 4874 1 2449 1 2511 1
4874 1 4875 1 2511 1 2512 1
4875 1 4934 1 2512 1 2513 1
4934 1 4935 1 2513 1 2566 1
4935 1 4936 1 2566 1 2565 1
4936 1 4937 1 2565 1 2567 1
4937 1 4933 1 2567 1 2573 1
4933 1 4932 1 2573 1 2572 1
4932 1 4931 1 2572 1 2574 1
4931 1 4930 1 2574 1 2641 1
4930 1 4929 1 2641 1 2642 1
4929 1 4927 1 2642 1 2726 1
4927 1 4928 1 2726 1 2816 1
4928 1 4926 1 2816 1 2815 1
4926 1 4925 1 2815 1 2811 1
4925 1 4921 1 2811 1 2810 1
4921 1 4920 1 2810 1 2812 1
4920 1 4922 1 2812 1 2897 1
4922 1 4924 1 2897 1 2898 1
4924 1 4923 1 2898 1 2967 1
4923 1 4919 1 2967 1 2971 1
4919 1 4918 1 2971 1 2972 1
4918 1 4903 1 2972 1 2973 1
4903 1 4901 1 2973 1 2974 1
4901 1 4902 1 2974 1 2975 1
4902 1 4904 1 2975 1 2978 1
4904 1 4905 1 2978 1 2979 1
4905 1 4906 1 2979 1 3040 1
4906 1 4910 1 3040 1 3041 1
4910 1 4908 1 3041 1 3045 1
4908 1 4907 1 3045 1 3046 1
4907 1 4909 1 3046 1 3111 1
4909 1 4911 1 3111 1 3112 1
4911 1 4912 1 3112 1 3113 1
4912 1 4913 1 3113 1 3175 1
4913 1 4914 1 3175 1 3176 1
4914 1 4915 1 3176 1 3177 1
4915 1 4916 1 3177 1 3243 1
4916 1 4917 1 3243 1 3244 1
4917 1 4947 1 3244 1 3245 1
4947 1 4946 1 3245 1 3246 1
4946 1 4945 1 3246 1 3247 1
4945 1 4943 1 3247 1 3248 1
4943 1 4944 1 3248 1 3252 1
4944 1 4948 1 3252 1 3251 1
4948 1 4949 1 3251 1 3253 1
4949 1 4954 1 3253 1 3310 1
4954 1 4953 1 3310 1 3311 1
4953 1 4952 1 3311 1 3312 1
4952 1 4950 1 3312 1 3360 1
4950 1 4951 1 3360 1 3361 1
4951 1 5235 1 3361 1 3362 1
5235 1 5236 1 3362 1 3412 1
5236 1 5238 1 3412 1 3458 1
5238 1 5237 1 3458 1 3459 1
5237 1 5239 1 3459 1 3460 1
5239 1 5240 1 3460 1 3461 1
5240 1 5241 1 3461 1 3462 1
5241 1 5242 1 3462 1 3463 1
5242 1 5243 1 3463 1 3471 1
5243 1 5244 1 3471 1 3472 1
5244 1 5245 1 3472 1 3473 1
5245 1 5246 1 3473 1 3527 1
5246 1 5439 1 3527 1 3528 1
5439 1 5440 1 3528 1 3529 1
5440 1 5441 1 3529 1 3535 1
5441 1 5442 1 3535 1 3534 1
5442 1 5444 1 3534 1 3536 1
5444 1 5445 1 3536 1 3609 1
5445 1 5446 1 3609 1 3610 1
5446 1 5447 1 3610 1 3611 1
5447 1 5448 1 3611 1 3681 1
5448 1 5741 1 3681 1 3682 1
5741 1 5742 1 3682 1 3750 1
5742 1 6062 1 3750 1 3751 1
6062 1 6063 1 3751 1 3752 1
6063 1 6064 1 3752 1 3753 1
6064 1 6255 1 3753 1 3821 1
6255 1 6256 1 3821 1 3822 1
6256 1 6338 1 3822 1 3827 1
6338 1 6339 1 3827 1 3829 1
6339 1 6361 1 3829 1 3895 1
6361 1 6359 1 3895 1 3950 1
6359 1 6360 1 3950 1 3949 1
6360 1 6331 1 3949 1 3948 1
6331 1 6248 1 3948 1 1423 1
